red_devil_fun,_kyle_,Manchester,2020-11-29
cybersec_feeds,Cyber Security Feed,Internet,2020-11-29
YAANITEED,ğŸ‡¬ğŸ‡§ Steven ğŸ‡¾ğŸ‡ª,"Manchester, England",2020-11-29
benfranklin1983,B-A-F,"London, England",2020-11-29
MichaelOmwony,Mike Flava Omwony,Searching ,2020-11-29
AntonioCasella5,Antonio Casella,"Roma, Lazio",2020-11-29
BhatiaVyom,Vyom Bhatia,,2020-11-29
AliceTalksFooty,Alice Abrahams,"Cambridge, England",2020-11-29
olobe02,Walexzy adeyemo,Lagos state,2020-11-29
CundariVeronica,Veronica Cundari,"Rome, Lazio",2020-11-29
AdriCasella33,Adriana Casella,,2020-11-29
vickeypedia,Vickey Maverick,,2020-11-29
AbhishreySR,Abeer Singh,,2020-11-29
RedTommy12,ğŸ†ğŸ…´ğŸ…³ ğŸ†ƒğŸ…¾ğŸ…¼ğŸ…¼ğŸ†ˆ,,2020-11-29
AbhishreySR,Abeer Singh,,2020-11-29
BatmanKnightfan,BatmanKnightfan,Gotham City,2020-11-29
Vazquez_Pollo10,FiDe âš½,,2020-11-29
t_alharbi,Tareq AlharbiğŸ‡°ğŸ‡¼,"Hitteen, Kuwait",2020-11-29
kaykay_nehkah,kakağŸ‘‘,My manz heart,2020-11-29
DanNijeria,#LekkiTollGateMassacre,Nigeria,2020-11-29
fpl_phenom,ğŸ˜ˆ FPL_Fantasy_Phenom ğŸ˜ˆ,@FFH_HQ 15% Discount Link ğŸ‘‡ğŸ»,2020-11-29
ManUtdCorner7,Man Utd Corner,,2020-11-29
manutdcaribbean,ManUtdSC,Trinidad and Tobago,2020-11-29
Desden_DC,#GoodHeartğŸ™,"Calabar, Nigeria",2020-11-29
OramanAmiri,Oraman Amiri,,2020-11-29
ArronBlandd,ArronBlandd,"England , Rugeley",2020-11-29
Scott_bergen,scott  manthorpe,lowestoft,2020-11-29
daethlock54,daethlock,,2020-11-29
TFebbe,TommasoFebbe,,2020-11-29
DearSport_,Dear Sport,"Roma, Lazio",2020-11-29
niyas_ti,Niyas,,2020-11-29
FootyZoneNet,FootyZone.net,,2020-11-29
realJokavana,Vana,The Heavens,2020-11-29
freshprince_15,FreshprinceğŸ˜ˆ,"Edo, Nigeria",2020-11-29
jakehands,Jake Hands,"Redditch, England",2020-11-29
Jack38014993,Utd_Jack,"Manchester, England",2020-11-29
Sosa2121,Stephen Sosa,"Garden Grove, CA",2020-11-29
BhatiaVyom,Vyom Bhatia,,2020-11-29
eIphilip,Mr.Felipe,,2020-11-29
JecintaNwo,Jecinta ğŸ‡³ğŸ‡¬ğŸ‡©ğŸ‡ª,Nigeria,2020-11-29
Mr_writer1985,Mr Writer,Manchester,2020-11-29
red_joemato,Yusuf Moola,South Africa,2020-11-29
JasmineIce5,ice_queen,,2020-11-29
GoodbyeFriends2,Cam White,,2020-11-29
SolskjrRebelli1,SolskjÃ¦rRebellion,,2020-11-29
Steevo29,Steve Green,,2020-11-29
phatboislym,Herr Conde,,2020-11-29
Ericeor1,one red,,2020-11-29
paramedic_lk,LK ğŸš‘,,2020-11-29
ClintonChow7,Clinton Chow,Jakarta â€¢ Jambi â€¢ Indonesia,2020-11-29
josh_earl3,Josh Earl ğŸ”°,,2020-11-29
scottm9633,Scott,,2020-11-29
Skye1991,Skye Laurence Pank,London,2020-11-29
ManUtdMarist,Manchester United,,2020-11-29
FatTechnical,Fat Technical Company,Abuja ,2020-11-29
manutdnewsonly,Man Utd Fans,,2020-11-29
Biola1216,Afais_Cruisingâš¡,Paje,2020-11-29
ProfNdlebe,Balunga Bandile Prof NdlebeğŸ¤—â¤âš½ï¸,"Port Elizabeth, South Africa",2020-11-29
1004Ziyan,"Hope ""18 Again"" to ""Search"" My ""Start-Up""",In My Universe,2020-11-29
TheRedA79960611,TheRedArmy,,2020-11-29
DrMandeep_MUFC,Woodward Muppet (Drreddevil),"Canterbury,England",2020-11-29
bethharrison063,Beth Harrison,"Saint Helens, England",2020-11-29
ghostntmachine,GhostintheMachine,"EastEnd, London",2020-11-29
sean_siege,Siege Is Sean,,2020-11-29
tanny_habib,TANSEN,,2020-11-29
flyingeze,Flying Eze,,2020-11-29
DanishGambitNg,Democritus,Lagos,2020-11-29
MIHIRDESAI89,MIHIR DESAI,,2020-11-29
RatingsRobbo,Robbo Knows Racing,"Broughton, England",2020-11-29
NebertD_ray,N.E.B.E.R.T,,2020-11-29
LondonMond,Self Made Motivator,United States,2020-11-29
DeanAJPalmer10,Dean A J Palmer,Monmouth Wales ,2020-11-29
GolAlerta,Alerta Gol,"Coya, Chile",2020-11-29
gladwell89,Dan gladwell,Grimsby,2020-11-29
1004Ziyan,"Hope ""18 Again"" to ""Search"" My ""Start-Up""",In My Universe,2020-11-29
manutddn,Manchester United DN (daily news),,2020-11-29
Voltymore,Voltymore,"Bramley, South Africa",2020-11-29
RedRoca04,ğŸ”´ RED ROCA ğŸ”´,,2020-11-29
AverageJoeLee,Joe Lee,,2020-11-29
GausKhalid,khalid gaus,"Johannesburg, South Africa",2020-11-29
ImRedGregor,Gregor,,2020-11-29
LeeSimms20,Lee Simms,"England, United Kingdom",2020-11-29
MatthewROP,Matthew Jones,Wales,2020-11-29
SWN044,Ntusi,"Dundee, South Africa",2020-11-29
Hamzatsunkanmi,Hamzat Sunkanmi,"Lagos, Nigeria",2020-11-29
DeanoLaBam,DeanoLaBam,Formerly Radcliffe/Mancunia ,2020-11-29
im_piyushekokar,Piyush Shekokar,"Nashik, India",2020-11-29
Sloosh14,Niall Collins,"Cork, Ireland",2020-11-29
Roytheboy1988,Roy Heyward,potters bar herts uk ,2020-11-29
richiep007,Richie ğŸ‡¬ğŸ‡©ğŸ‡¬ğŸ‡§,Grenada,2020-11-29
NSabhlok,Nihaar Sabhlok,,2020-11-29
FootballLinkUp1,Football Link Up,,2020-11-29
ResultadosND,Resultados de Futbol,Argentina,2020-11-29
DakoriaAakash,Aakash MUFC,India,2020-11-29
PeteStones123,Pete Stones,,2020-11-29
_ajibadey,Top Notch,Lagos,2020-11-29
warlocc,Rapheal,,2020-11-29
markadamson01,mark adamson,dunfermline,2020-11-29
AbhishreySR,Abeer Singh,,2020-11-29
danielreynold20,Daniel Reynolds ğŸ­,"glasgow, scotland",2020-11-29
rt_Premier,#premierleague,North london - coyg,2020-11-29
rt_Premier,#premierleague,North london - coyg,2020-11-29
DenooPogba12,Denoo Pogba,,2020-11-29
NellyChristmas,Nelly,North Pole ,2020-11-29
rt_Premier,#premierleague,North london - coyg,2020-11-29
Baines2,Paul,North Yorks,2020-11-29
rt_Premier,#premierleague,North london - coyg,2020-11-29
rt_Premier,#premierleague,North london - coyg,2020-11-29
tanny_habib,TANSEN,,2020-11-29
rt_Premier,#premierleague,North london - coyg,2020-11-29
DakoriaAakash,Aakash MUFC,India,2020-11-29
kfraser5,kyle fraser,Worldwide,2020-11-29
notfergie,MUFC,,2020-11-29
rt_Premier,#premierleague,North london - coyg,2020-11-29
rt_Premier,#premierleague,North london - coyg,2020-11-29
rt_Premier,#premierleague,North london - coyg,2020-11-29
DenverGooner,Jeff Leidig,"Denver, CO",2020-11-29
rt_Premier,#premierleague,North london - coyg,2020-11-29
SportyJosh6,Sporty Josh ğŸ‡¨ğŸ‡¦ ğŸ‡µğŸ‡¸ (#ENDSARS),,2020-11-29
rt_Premier,#premierleague,North london - coyg,2020-11-29
rt_Premier,#premierleague,North london - coyg,2020-11-29
manutdnewsonly,Man Utd Fans,,2020-11-29
CrouchPotato6,Crouch Potato,,2020-11-29
begourknowtakes,kanesonduo,,2020-11-29
AdnanHussainuk,Adnan Hussain (Ø¹Ø¯Ù†Ø§Ù† Ø­Ø³ÙŠÙ†),"Bolton, England",2020-11-29
red_devil_fun,_kyle_,Manchester,2020-11-29
rt_Premier,#premierleague,North london - coyg,2020-11-29
CrouchPotato6,Crouch Potato,,2020-11-29
c_carteriii,c_carteriii,New York,2020-11-29
rt_Premier,#premierleague,North london - coyg,2020-11-29
rt_Premier,#premierleague,North london - coyg,2020-11-29
CrouchPotato6,Crouch Potato,,2020-11-29
zicoyt,Zico7,,2020-11-29
rt_Premier,#premierleague,North london - coyg,2020-11-29
rt_Premier,#premierleague,North london - coyg,2020-11-29
CrouchPotato6,Crouch Potato,,2020-11-29
himanil,Himanil,"London, England",2020-11-29
MridulRSingh,Mridul Singh,Greater Noida | Varanasi,2020-11-29
frank_segar,Arthur36,"Lagos, Nigeria",2020-11-29
Ryan75503078,Ryan,"Orlando, FL",2020-11-29
notfergie,MUFC,,2020-11-29
rt_Premier,#premierleague,North london - coyg,2020-11-29
rt_Premier,#premierleague,North london - coyg,2020-11-29
SportyJosh6,Sporty Josh ğŸ‡¨ğŸ‡¦ ğŸ‡µğŸ‡¸ (#ENDSARS),,2020-11-29
kash786tango23,Kash Mahmood,"Birmingham, England",2020-11-29
harsharoxx,Harsha,Tempe,2020-11-29
rubecks23,Silent Noise ğŸ”Š,Bengaluru,2020-11-29
rt_Premier,#premierleague,North london - coyg,2020-11-29
AliceTalksFooty,Alice Abrahams,"Cambridge, England",2020-11-29
GoatFootballApp,GOAT Football - Quick Spoiler-Free Highlight,,2020-11-29
EvilRashford,Rashfordinho,Why Do You Care,2020-11-29
rt_Premier,#premierleague,North london - coyg,2020-11-29
rt_Premier,#premierleague,North london - coyg,2020-11-29
rt_Premier,#premierleague,North london - coyg,2020-11-29
LebogangSeale,Persona non grata,Johannesburg - Tzaneen ,2020-11-29
zicoyt,Zico7,,2020-11-29
PranavKamble09,Pranav Kamble,"Pune, India",2020-11-29
gladwell89,Dan gladwell,Grimsby,2020-11-29
richiep007,Richie ğŸ‡¬ğŸ‡©ğŸ‡¬ğŸ‡§,Grenada,2020-11-29
KevinKlexius,Kevin Klexius Mireles,"Alamo, TX",2020-11-29
manutdnewsonly,Man Utd Fans,,2020-11-29
rt_Premier,#premierleague,North london - coyg,2020-11-29
rahulkan_o3,rahul kannan,"California, USA",2020-11-29
ARrahmanfreak,Shamsheer Chelsea,Dubai,2020-11-29
mistakes30,Mohanad,,2020-11-29
Vazquez_Pollo10,FiDe âš½,,2020-11-29
Kiddsavage181,itsbeenagoodyearJD21â™ˆ,"Paarl, South Africa",2020-11-29
GoodbyeFriends2,Cam White,,2020-11-29
Football4Maniac,Footballmaniac,Kuala Lumpur City,2020-11-29
ghostntmachine,GhostintheMachine,"EastEnd, London",2020-11-29
nemolegal,Akash Ganguly,à¦•à¦²à¦•à¦¾à¦¤à¦¾ ,2020-11-29
rabtensamphel,à½¢à½–à¼‹à½–à½¢à¾Ÿà½“à¼‹,,2020-11-29
LastWordFC,Last Word On Football,World,2020-11-29
BoxToBox_pod,BoxtoBox,Where the football is,2020-11-29
lwofmanunited,LWOF Manchester United,,2020-11-29
DanUnited78,Daniel Smith,"Albrighton, England",2020-11-29
SaratuAabu,â–«ï¸Saaraâ–«ï¸,"Abuja, Nigeria",2020-11-29
gilngango,GIL,East Africa,2020-11-29
DavidkatongoMT,David Katongo Mutale ğŸ‡¿ğŸ‡²,Lusaka,2020-11-29
ghostntmachine,GhostintheMachine,"EastEnd, London",2020-11-29
AlufaDimkpa,Alufa Dimpka,,2020-11-29
udoka_njoku1,Udoka C. Njoku (D Oracle),"Lagos, Nigeria",2020-11-29
Sidharth7783,Sidharth Sekhar,,2020-11-29
FaustoUHernand2,Fausto U. Hernandez,"Nevada, USA",2020-11-29
TahmidTk,Tk.Tahmid,,2020-11-29
ManUtdMarist,Manchester United,,2020-11-29
InsideForwardV2,InsideForward 2.0,"Las Palmas de Gran Canaria, Es",2020-11-29
pommiebear10,Pommington!,,2020-11-29
midnatalks,midnatalks,,2020-11-29
martwhitt99,Martin Whittaker,"Woking, South East",2020-11-29
SportyJosh6,Sporty Josh ğŸ‡¨ğŸ‡¦ ğŸ‡µğŸ‡¸ (#ENDSARS),,2020-11-29
ManUGBCole,Graham Cole ğŸ––ğŸ‡¨ğŸ‡¦,"Toronto, Ontario",2020-11-29
the_ethan_best,Ethan Best â“‹ ğŸ‚â„ï¸,"England, United Kingdom",2020-11-29
WGD85,LFC77,,2020-11-29
FaustoUHernand2,Fausto U. Hernandez,"Nevada, USA",2020-11-29
GolAlerta,Alerta Gol,"Coya, Chile",2020-11-29
vansterslev1,bjersa,,2020-11-29
notfergie,MUFC,,2020-11-29
InsideForwardV2,InsideForward 2.0,"Las Palmas de Gran Canaria, Es",2020-11-29
FaustoUHernand2,Fausto U. Hernandez,"Nevada, USA",2020-11-29
AlufaDimkpa,Alufa Dimpka,,2020-11-29
M_McCauley57,Matthew McCauley,,2020-11-29
ojeksaikhoje,#UzebbaCityFC,Mon Pays ,2020-11-29
Jayjay24945941,Jayjay,,2020-11-29
steffens_cae,Cae SteffensğŸ’­,,2020-11-29
pantheraleo125,SIR Alan Githinji,"limbo, UTOPIA",2020-11-29
FaustoUHernand2,Fausto U. Hernandez,"Nevada, USA",2020-11-29
AlufaDimkpa,Alufa Dimpka,,2020-11-29
MaroModo,VDBSZN,,2020-11-29
WGD85,LFC77,,2020-11-29
MazvitaMaraire,MazvitaMaraire,seattle,2020-11-29
ghostntmachine,GhostintheMachine,"EastEnd, London",2020-11-29
notfergie,MUFC,,2020-11-29
tanmay_mehra,Tanmay Mehra,"à¤¬à¥ˆà¤‚à¤—à¤²à¥à¤°à¥, à¤­à¤¾à¤°à¤¤",2020-11-29
JamesAngus18,James Angus,,2020-11-29
ghostntmachine,GhostintheMachine,"EastEnd, London",2020-11-29
DameyP,Damey Passah,Shillong ,2020-11-29
cochesanz,Jose Sanchez M.,"Quito, Ecuador",2020-11-29
MohammedHY,Mohammed Hussein,Kenya,2020-11-29
ManUGBCole,Graham Cole ğŸ––ğŸ‡¨ğŸ‡¦,"Toronto, Ontario",2020-11-29
ThomasBudweiser,Thomas Budweiser Mackenzie,"Canary Islands, Spain",2020-11-29
old_rants,Old Man Rants,,2020-11-29
MrCamm,Paul Camm,aldershot,2020-11-29
robclawe,Rob,SoCal,2020-11-29
Mohanmed_girei,MOHAğŸ¦…,"Abuja, Nigeria",2020-11-29
KennyAn18040294,Kenny Anderson,,2020-11-29
maverick99sback,Mad Mav* ğŸ–ğŸ½ğŸ–ğŸ½ğŸ–ğŸ½ğŸ–ğŸ½,,2020-11-29
tweetofmicky,Zemicky | á‹˜áˆšáŠª ğŸ‡ªğŸ‡¹ğŸ‡°ğŸ‡·,,2020-11-29
MickFerry,Mick Ferry,Oldham,2020-11-29
AbhishreySR,Abeer Singh,,2020-11-29
1004Ziyan,"Hope ""18 Again"" to ""Search"" My ""Start-Up""",In My Universe,2020-11-29
Davidsmyth20,David Smyth,Dublin ,2020-11-29
StarSpreads_Bet,Star Spreads,"Dublin, Ireland",2020-11-29
Yaseen____,.........,"England, United Kingdom",2020-11-29
mufcsp,MUFCSP,In limbo ,2020-11-29
_gloryglory1,GG ğŸ‡¾ğŸ‡ª used to be good...,,2020-11-29
RasBhullar,Rasvinder Bhullar,"Hougang, Singapore",2020-11-29
ronnieClarke69,Ronnie Clarke,"Lambeth, London",2020-11-29
dankuastic,Jassimar Anand,"Mumbai, India",2020-11-29
VicOMatt,AkÃ­nbÃ³lÃ¡jÃ­,"Abuja, Nigeria",2020-11-29
scullypaul,Paul Scully,"Poynton, England",2020-11-29
wallaacem,Wallaace,"Brussels, Belgium",2020-11-29
skipsyash,Skippy Ash âš¡ï¸,bradford,2020-11-29
manutdnewsonly,Man Utd Fans,,2020-11-29
VTUHwang,VTUHwang,"Maryland, USA",2020-11-29
FPL_Steve_,Steve,,2020-11-29
FM_Twittah,Football Memories,Italia,2020-11-29
Millsymufc19,Millsy,,2020-11-29
Justin7451163,Justin Butler,,2020-11-29
MaroModo,VDBSZN,,2020-11-29
gordongodge,Gordon Hourican,,2020-11-29
PetonenganRicky,Ricky Petonengan,Manado,2020-11-29
rt_Premier,#premierleague,North london - coyg,2020-11-29
GolAlerta,Alerta Gol,"Coya, Chile",2020-11-29
rt_Premier,#premierleague,North london - coyg,2020-11-29
rt_Premier,#premierleague,North london - coyg,2020-11-29
DavidkatongoMT,David Katongo Mutale ğŸ‡¿ğŸ‡²,Lusaka,2020-11-29
TemiTaiwoh,â€â€‹Taiwo,Everywhere we are `~Nigeria,2020-11-29
TheBackboardPo1,The Backboard Podcast,,2020-11-29
peter__kay,Peter Kay,"Sydney, Australia",2020-11-29
AliceTalksFooty,Alice Abrahams,"Cambridge, England",2020-11-29
RasyidKamal2,Rasyid Kamal Official ğŸ¤,,2020-11-29
ghostntmachine,GhostintheMachine,"EastEnd, London",2020-11-29
rt_Premier,#premierleague,North london - coyg,2020-11-29
iamshanenolan,Shane Nolan,England,2020-11-29
AlpsLifee,AlpsLifee,"London, uk",2020-11-29
SportyJosh6,Sporty Josh ğŸ‡¨ğŸ‡¦ ğŸ‡µğŸ‡¸ (#ENDSARS),,2020-11-29
harshalgandhi28,The Harshal Gandhi,"Mumbai, India. ",2020-11-29
notfergie,MUFC,,2020-11-29
MaroModo,VDBSZN,,2020-11-29
rt_Premier,#premierleague,North london - coyg,2020-11-29
Juvanic1000,Juvanic1000,Somewhere,2020-11-29
TheBackboardPo1,The Backboard Podcast,,2020-11-29
OleUnfiltered,"Ole ""The Parody Gunnar"" Solskjaer",Manchester,2020-11-29
rt_Premier,#premierleague,North london - coyg,2020-11-29
TheBackboardPo1,The Backboard Podcast,,2020-11-29
rt_Premier,#premierleague,North london - coyg,2020-11-29
rt_Premier,#premierleague,North london - coyg,2020-11-29
benfranklin1983,B-A-F,"London, England",2020-11-29
CGCGCG1907,CAN,,2020-11-29
elnaufr40656075,elnaufrago,,2020-11-29
LukeElton93,Luke Elton,,2020-11-29
rt_Premier,#premierleague,North london - coyg,2020-11-29
NyawirStephen,Nyawir Stephen,,2020-11-29
drFrost_catcher,Dr Love ğŸ‡ºğŸ‡¸ğŸ‡³ğŸ‡¬,lost in space ,2020-11-29
Pelumberg,Oluwapelumi  ğŸ’¯,,2020-11-29
bruce_southside,Bruce Southside,Yorkshire and North Coast,2020-11-29
adamproscoe,Adam Roscoe,Lancs,2020-11-29
kofisuli,Kofi Suli,,2020-11-29
all,al,,2020-11-29
rt_Premier,#premierleague,North london - coyg,2020-11-29
UnitedRedEdin,United Red in Edinburgh,"Edinburgh, Scotland",2020-11-29
rt_Premier,#premierleague,North london - coyg,2020-11-29
CliffNyeusi,Cliff Nyeusi Manchester United ğŸ›‘âš½,Heaven,2020-11-29
Sports_Khabri,Sports Khabri,,2020-11-29
C_lo789,YoungPlatano7,"Greece, NY",2020-11-29
Skijero,Jeroski,,2020-11-29
manutdnewsonly,Man Utd Fans,,2020-11-29
LilTaylor88,Taylor,"South West, England",2020-11-29
rt_Premier,#premierleague,North london - coyg,2020-11-29
a_akshayy,Akshay,"17.4500Â° N, 78.5000Â° E",2020-11-29
rt_Premier,#premierleague,North london - coyg,2020-11-29
SamNRFC,SamğŸ´ó §ó ¢ó ¥ó ®ó §ó ¿âš”ï¸,Nigeria,2020-11-29
loveadewunmi19,Loveadewunmi19,"Lagos, Nigeria",2020-11-29
BahamaMamaTy,â€¢* Ty *â€¢,"Orange County, California ",2020-11-29
TerryH_W6,Terry Harrison,London,2020-11-29
rt_Premier,#premierleague,North london - coyg,2020-11-29
rt_Premier,#premierleague,North london - coyg,2020-11-29
ankushchawhan44,Ankush Chawhan,India,2020-11-29
GiftCards21,Gift Cards Giveaway,united states,2020-11-29
GiftCards21,Gift Cards Giveaway,united states,2020-11-29
chapgw,CHRIS,Nairobi,2020-11-29
navmalik18,Naveed Malik,,2020-11-29
GiftCards21,Gift Cards Giveaway,united states,2020-11-29
rt_Premier,#premierleague,North london - coyg,2020-11-29
rt_Premier,#premierleague,North london - coyg,2020-11-29
TheFullTimePod1,The Full Time Podcast,,2020-11-29
flyingeze,Flying Eze,,2020-11-29
quality_canvas,Quality Canvas Print,,2020-11-29
shukla_akshata,Akshata Shukla,"Delhi, India",2020-11-29
quality_canvas,Quality Canvas Print,,2020-11-29
DahrObed,M_E_D ğŸ”´,Ghana,2020-11-29
Richard_S81,Richard S.,Paris-Geneva-NewYork-Montreal,2020-11-29
NadyaElga,Nadya Elga,,2020-11-29
Dr_Hamza__,Ø¯. Ø­Ù…Ø²Ø©,Ø¨Ø±Ù…Ø§ - Ø¬Ø±Ø´ - Ø§Ù„Ø£Ø±Ø¯Ù†,2020-11-29
Rebecca70852502,Rebecca Bishop,,2020-11-29
MichBailey1505,Michelle Bailey,"Leigh, England",2020-11-29
GiftCards21,Gift Cards Giveaway,united states,2020-11-29
GiftCards21,Gift Cards Giveaway,united states,2020-11-29
PaulCommentator,Paul Szczerbakowicz (Sherbakovich),Perivale native now in Leeds,2020-11-29
now_mufc,MUFC News Now,Old Trafford ,2020-11-29
GiftCards21,Gift Cards Giveaway,united states,2020-11-29
ShowtimeRedsFC,Newton Heath L&YR FC,Ed Woodward's Basement ,2020-11-29
GusM_Rosenberg,Gus M Rosenberg,"Manchester, England",2020-11-29
knnwllc,KW,UK,2020-11-29
TBonkerud,Tor Martin Bonkerud,Norway,2020-11-29
NorthscapePrint,NorthscapePrints,,2020-11-29
GiftCards21,Gift Cards Giveaway,united states,2020-11-29
suemcco11,Sue Grace,"Dublin,Ireland",2020-11-29
suemcco11,Sue Grace,"Dublin,Ireland",2020-11-29
Mandla29244709,Mankind,South Africa,2020-11-29
LisaQuin01,Lisa Quinlan,"Cranleigh, England",2020-11-29
GiftCards21,Gift Cards Giveaway,united states,2020-11-29
StarSpreads_Bet,Star Spreads,"Dublin, Ireland",2020-11-29
CorkRebel69,Jimmy C,CORK CITY ,2020-11-29
ghostntmachine,GhostintheMachine,"EastEnd, London",2020-11-29
_LenaBot_,LenaB0T,,2020-11-29
Utd9jaReporters,Man United 9ja Reporters ğŸ‡³ğŸ‡¬,,2020-11-29
JannatC91780391,Jannat Ch,,2020-11-29
GiftCards21,Gift Cards Giveaway,united states,2020-11-29
AnirudhBot,Developer's Bot,,2020-11-29
notfergie,MUFC,,2020-11-29
JoelBBCAN,Joel Lefevre,"British Columbia, Canada",2020-11-29
AbhishreySR,Abeer Singh,,2020-11-29
Amy121296,Amy ğŸ§šğŸ¼,,2020-11-29
pelzbanks,Pelzbanks,,2020-11-29
Jose95276940,Jose,Oruro,2020-11-29
officialkhris1,Swag,,2020-11-29
Sports_NDTV,NDTV Sports,"New Delhi, India",2020-11-29
betcornernews,betcornernews,Î•Î»Î»Î¬Ï‚,2020-11-29
CheriaNadin,NadinCheria,"ĞœĞ¾ÑĞºĞ²Ğ°, Ğ Ğ¾ÑÑĞ¸Ñ",2020-11-29
chrisalucard,Christos Harpidis,"Î’Î¿ÏÎ»Î±, Î•Î»Î»Î¬Ï‚",2020-11-29
firstpost,Firstpost,"Mumbai, India",2020-11-29
FirstpostSports,Firstpost Sports,India,2020-11-29
AO_Sports,AhramOnlineSports,"Cairo, Egypt",2020-11-29
pepefut74,Olympique des Meilleurs,haute savoie,2020-11-29
fotbul24,Fotbul24,"London, UK",2020-11-29
Maraazcom,Maraaz.Com,Global,2020-11-29
FootyFinds1,Footy Finds,On a Pitch,2020-11-29
JAtkinson0911,Jamie Atkinson,"England, United Kingdom",2020-11-29
wutyatalkinabt,Shafqat Mahmood Stan Acc ğŸ˜”ğŸ‘ğŸ¼,"Lahore, Pakistan",2020-11-29
OnMadridista,OnMadridista,,2020-11-29
ManUnitedCore,Man United Core,,2020-11-29
ManUnitedCore,Man United Core,,2020-11-29
TVDELDEPOR1,Transmisiones del Deporte 1,,2020-11-29
TVDELDEPOR1,Transmisiones del Deporte 1,,2020-11-29
tunjigreen,#EndSWAT,"Lagos, Nigeria",2020-11-29
devvibesbot,WebDevVibes,,2020-11-29
VotingOnFootie,Football Polls,,2020-11-29
1004Ziyan,"Hope ""18 Again"" to ""Search"" My ""Start-Up""",In My Universe,2020-11-29
LawrenceBosire3,Lawrence,,2020-11-29
sectest9,Security Testing,"Hyderabad, India",2020-11-29
CyberSecurityN8,Cyber Security News,,2020-11-29
ManUnitedCore,Man United Core,,2020-11-29
mufcsp,MUFCSP,In limbo ,2020-11-29
LeetcodeB,LeetcodeBot,,2020-11-29
NVSData,Mr Data Scientist,"Melbourne, Victoria",2020-11-29
EbotAyuk,Ebot Ayuk,Zion ,2020-11-29
LawrenceBosire3,Lawrence,,2020-11-29
ManUnitedCore,Man United Core,,2020-11-29
mishunmedia,mishun,,2020-11-29
ariansyah9993,Muhammad Ariansyah,"Kota Tangerang, Banten",2020-11-29
GiftCards21,Gift Cards Giveaway,united states,2020-11-29
ManUnitedCore,Man United Core,,2020-11-29
SeamusMcGeady,Seamus Brandon ( McGeady ),Northern Ireland,2020-11-29
mishunmedia,mishun,,2020-11-29
manutddn,Manchester United DN (daily news),,2020-11-29
ShafrazKamil,Shaphie_y,Sollematen ğŸ¤ª,2020-11-29
MatthewCannon2,Matthew Cannon,United Kingdom,2020-11-29
unitedtony99,Tony Marshall,Manchester,2020-11-29
unitedtony99,Tony Marshall,Manchester,2020-11-29
unitedtony99,Tony Marshall,Manchester,2020-11-29
ManUtdMarist,Manchester United,,2020-11-29
FutPoggers,FUT Poggers,UK,2020-11-29
coyler_,CoylerUTDğŸ”´ğŸ‡¾ğŸ‡ª,,2020-11-29
Dmeister89,Debjit Majumder,,2020-11-29
MahenMaya,Maya ğŸ–¤,London,2020-11-29
Sabyasa57775575,Sabyasachi Chakraborty,,2020-11-29
FBPredictions,FootballPredictions.com ğŸ†,"Wembley, London",2020-11-29
WinningBetsPod,Winning Bets ğŸˆâš¾ğŸ€âš½ğŸ’=ğŸ’°,Chicago,2020-11-29
NeilNWLondon,NeilfromNWLondon,London,2020-11-29
businessnews_3,Business News,"Birmingham, England",2020-11-29
mostvaluablelad,Most Valuable Lad,,2020-11-29
JoelBBCAN,Joel Lefevre,"British Columbia, Canada",2020-11-29
LawrenceBosire3,Lawrence,,2020-11-29
manufacturing_2,Manufacturing News,"Birmingham, England",2020-11-29
apunkanews,Latest News from Mumbai,"Mumbai, India",2020-11-29
notfergie,MUFC,,2020-11-29
aiminternet,AIM Internet,"Birmingham, UK",2020-11-29
ThomasBudweiser,Thomas Budweiser Mackenzie,"Canary Islands, Spain",2020-11-29
QueenethKelechi,Queeneth Anusionwu,Port Harcourt,2020-11-29
Javi_ATMPES,Javi ATM,,2020-11-29
King_Zini,Oluwasegun,Anywhere the money is ,2020-11-29
Mithun_Sanghavi,Mithun Sanghavi,"Pune, India",2020-11-29
andrew_wall,Andrew Wall,"West Midlands, England",2020-11-29
prannu18,Prannesh,India,2020-11-29
Earth_Extreme,Earth Extremities,UK,2020-11-29
maxmathews95,Max Mathews,"Croydon, Greater London",2020-11-29
tanny_habib,TANSEN,,2020-11-29
unitedtony99,Tony Marshall,Manchester,2020-11-29
OsaroIkhinmwin,Osaro Ikhinmwin,Nigeria,2020-11-29
harryguanto,Harryguanto,,2020-11-29
mufcsp,MUFCSP,In limbo ,2020-11-29
jimmymcbride1,Jimmy McBride,St Helens,2020-11-29
SportingIconsUK,Sporting Icons,"North East, England",2020-11-29
1976mufc,â¤ï¸ MUFC â¤ï¸,United Kingdom,2020-11-29
sports_xplore,XploreSports,Pune,2020-11-29
gladwell89,Dan gladwell,Grimsby,2020-11-29
WinningBetsPod,Winning Bets ğŸˆâš¾ğŸ€âš½ğŸ’=ğŸ’°,Chicago,2020-11-29
cybersec_feeds,Cyber Security Feed,Internet,2020-11-29
boycottunited20,The Service,,2020-11-29
mjonesy07,mark jones,Ruthven,2020-11-29
olelegend2009,The Red Devils ğŸ‡¾ğŸ‡ª,,2020-11-29
paulandrew71,paulandrew,glasgow,2020-11-29
VictorSDelta,Vishwesh,India,2020-11-29
GeorgeRawlings4,George Rawlings,,2020-11-29
Kevin40643689,Kevin,"Yapton, England",2020-11-29
ManUtdCorner7,Man Utd Corner,,2020-11-29
Forebet,Forebet,,2020-11-29
amiliche,ich amor,kenya,2020-11-29
revell7,âœŒğŸ»Amy Revell  âœŒğŸ»,"Salisbury, England",2020-11-29
SSXman2,S. S. Xman,"Benin-City, Nigeria",2020-11-29
Forebet,Forebet,,2020-11-29
ManUnitedCore,Man United Core,,2020-11-29
suemcco11,Sue Grace,"Dublin,Ireland",2020-11-29
UTDFitzz,Fitz,United States,2020-11-29
24Feast,Football Feast 24,,2020-11-29
notfergie,MUFC,,2020-11-29
matthijs_pog,matthijs_pog,,2020-11-29
ManUnitedCore,Man United Core,,2020-11-29
ManUtdCorner7,Man Utd Corner,,2020-11-29
manutdnewsonly,Man Utd Fans,,2020-11-29
cardsharps_,Card Sharps,,2020-11-29
simonsim,simon james,ABERSOCH ENGLAND,2020-11-29
PSG24hours,PSG en Direct ğŸŒ,Parc des Princes,2020-11-29
ovostreams,Nba Streams,,2020-11-29
TheProdigalSean,Sean Miller,Philly/NJ/MCR/Copenhagen,2020-11-29
BoopStats,Bob Vetrone Jr.,"Cherry Hill, NJ",2020-11-29
bettorsinsider,Bettors Insider,"Philadelphia, PA",2020-11-29
naimkudo,dead in absentia,,2020-11-29
ihasnaga,Hasnain Aga,"Bangalore, India ",2020-11-29
ID_Rachana,Rachana Sharma,"Bengaluru, India",2020-11-29
Zainulfakri,Squidward tortellini,"Semarang, Jawa Tengah",2020-11-29
RadioKhendoFM,Khendo FM 107.9,"Bungoma, Kenya",2020-11-29
lucygavey,Lucy Garvey,"Nairobi, Kenya",2020-11-29
HottestStockNow,Hottest Stocks Now,"Las Vegas, NV",2020-11-29
chaseyoursport,Sports Social,"Gurgaon, India",2020-11-29
manutdnewsonly,Man Utd Fans,,2020-11-29
agusyko,á´°á´µá´µá´µ,MÎ”RS,2020-11-29
heruanggaSS,Heru Angga,INDONESIA,2020-11-29
CFOPUBREL,CHARLES IGBINIDU,Nigeria,2020-11-29
maxmathews95,Max Mathews,"Croydon, Greater London",2020-11-29
_liberal_vibes,Ash,"New York, USA",2020-11-29
rogwalker,Roger Armand Walker,"Lichfield, England",2020-11-29
mufcsp,MUFCSP,In limbo ,2020-11-29
BillyNomates0,BillyNomates0,"Wales, UK",2020-11-29
Bedi_Vert,Sagramor le DesrÃ©e,,2020-11-29
Addyaz21,Adam Azhari,England,2020-11-29
coinlovers2,coin lovers,london,2020-11-29
Godspeedyou87,Paliochaâšª,"Paris, France",2020-11-29
TobiasPolo7,Tobias Polito,,2020-11-29
TheDevilsDen_92,ğŸ‘¹ The Devil's Den ğŸ‘¹,,2020-11-29
FootballFifaFan,Fifa Fan,United Kingdom,2020-11-29
coinlovers2,coin lovers,london,2020-11-29
TheDevilsDen_92,ğŸ‘¹ The Devil's Den ğŸ‘¹,,2020-11-29
AliceTalksFooty,Alice Abrahams,"Cambridge, England",2020-11-29
BillyNomates0,BillyNomates0,"Wales, UK",2020-11-29
TinauAbdallah,AMMAK.303,,2020-11-29
almadhielo,almadhieloPS,Argentina Patagonia ,2020-11-29
Secnewsbytes,Ian Cook,"South East, England",2020-11-29
Manutdcsk,LakshyağŸ‡®ğŸ‡³ğŸ”° #manchesterunited,In your heart â¤ï¸ ,2020-11-29
matchdaymemory,Matchday Memory #LookingBack,Wylye Valley,2020-11-29
manutdnewsonly,Man Utd Fans,,2020-11-29
SportsMarvel1,"Sports Marvel- English Premier League , Dream 11",India,2020-11-29
CybazeSocial,CybazeSocial,Italy,2020-11-29
manutdindodesig,Manutdindosesign,,2020-11-29
okechukwundubui,okechukwu ndubuisi,,2020-11-29
manutdnewsonly,Man Utd Fans,,2020-11-29
ITEmpathy,IT Empathy,United Kingdom,2020-11-29
FernAmigon,Fernando Amigon,"New Jersey, USA",2020-11-29
cybersec_feeds,Cyber Security Feed,Internet,2020-11-29
BlueSeats35,Art DeGaetano,New Jersey,2020-11-29
NEILSHOTDEALS,NEILSHOTDEALS,Islip New York,2020-11-29
ManUtdFanKe,manchester united  fansğŸ‡°ğŸ‡ª,"Nairobi, Kenya",2020-11-29
ManUtdFanKe,manchester united  fansğŸ‡°ğŸ‡ª,"Nairobi, Kenya",2020-11-29
leulUTD,Leul,somewhere Good,2020-11-29
unitedtony99,Tony Marshall,Manchester,2020-11-29
unitedtony99,Tony Marshall,Manchester,2020-11-29
gifts_football,Football Gifts Direct,"Birmingham, England",2020-11-29
sporttribe23___,Sporttribe23,,2020-11-29
kaiso_ol,Romy â™¡ Kå¼€I,,2020-11-29
Ft_Manor,ğŸ¥¤Â®ï¸,,2020-11-29
orujul,Orujul Hassan Syed,,2020-11-29
_JamesLinnane,James Linnane â˜ï¸,"London, England",2020-11-29
AL_ben48,ALben darmansyah,Karawang Rock City \m/,2020-11-29
bima_kuku,BimaBaruna,Stretford End,2020-11-29
sdnsuay,UTD_SA,Nepal,2020-11-29
juliendanaux,Danaux,,2020-11-29
muktitrio_,Kgs. Mukti Trio Putra (è¬¬æ),,2020-11-29
VikSharma1990,Vik,,2020-11-29
MufcSongs,MUFC Songs & Chantsâ„¢,"Manchester, England",2020-11-29
Manutdcsk,LakshyağŸ‡®ğŸ‡³ğŸ”° #manchesterunited,In your heart â¤ï¸ ,2020-11-29
securesource1,Secure Source Ltd,UK,2020-11-29
Red_Devils_Show,Red Devils United,,2020-11-29
lynngoheels,Lynn Norris,"Sullivan, IN",2020-11-29
Redballoonfims,RedBalloonFims,"Kildare, Ireland",2020-11-29
Redballoonfims,RedBalloonFims,"Kildare, Ireland",2020-11-29
GilaMon86427227,RedDevilDragonlager,,2020-11-29
SinchSe7en,Sinchan Sarkar,"Bengaluru, India",2020-11-29
worldnewsdotcom,World News Network,,2020-11-29
the_spiritvines,THE SPIRIT VINES,manchester,2020-11-29
shukla_akshata,Akshata Shukla,"Delhi, India",2020-11-29
ghostntmachine,GhostintheMachine,"EastEnd, London",2020-11-29
TransferInf0,Transfer Info,,2020-11-29
joelane45,Joseph Lane, Instagram: josephlane45,2020-11-29
ManuImani,Manu,"Miami,Kingston,London",2020-11-29
Speciaaaal_kay,special,,2020-11-29
ZedShowgirl,Michelle Peeples,"Rockaway Beach, New York",2020-11-29
iam_hezeakel,Mr. K.O,"Lagos, Nigeria",2020-11-29
avdrst,Arnaud Vanderroost,"Brussels, Belgique ğŸ‡§ğŸ‡ªğŸ‡ªğŸ‡º",2020-11-29
anino__,Anino-Oritse Ejeye,Nigeria,2020-11-29
Pierce2580,Pierce Johnson,,2020-11-29
MPT_Enzo,Michael Toal,"Nottingham, UK",2020-11-29
Oniletvng,Oniletvng,,2020-11-29
manutdnewsonly,Man Utd Fans,,2020-11-29
Uncle_braun,pictures Lie âš ,,2020-11-29
AbbasHaidar_,Abbas Haidar,"Essex, United Kingdom",2020-11-29
ManagerChurch,Church,Somewhere in your mind,2020-11-29
Oniletvng,Oniletvng,,2020-11-29
IanBroughall,IanBroughall,Cambridge UK,2020-11-29
PaulThistleton,Paul,Republik of Mancunia ,2020-11-29
thegaffer1969,JohnnyredğŸ‡¾ğŸ‡ª,"Wexford, Ireland",2020-11-29
AbhishreySR,Abeer Singh,,2020-11-29
Tecno_MAS__,ğ—§ğ—²ğ—°ğ—»ğ—¼ğ— ğ—”ğ—¦ | #ğ—¤ğ˜‚ğ—²ğ—±ğ—®ğ˜ğ—²ğ—˜ğ—»ğ—–ğ—®ğ˜€ğ—®,,2020-11-29
Tecno_MAS_,ğ—§ğ—²ğ—°ğ—»ğ—¼ğ— ğ—”ğ—¦ | #ğ—¤ğ˜‚ğ—²ğ—±ğ—®ğ˜ğ—²ğ—˜ğ—»ğ—–ğ—®ğ˜€ğ—®,,2020-11-29
45MinStore,45Minutes Store,"Kariakoo, Dar es salaam ",2020-11-29
tickin_clocks,tHe environMANtalist,"Port Harcourt,Nigeria",2020-11-29
OnlyUtd,ğŸ‡¬ğŸ‡§ğŸ´ó §ó ¢ó ¥ó ®ó §ó ¿,"England, United Kingdom",2020-11-29
asianconnect,asianconnect,Europe | Asia,2020-11-29
NatSportUAE,The National Sport,"Abu Dhabi, UAE",2020-11-29
RedNatDee,RedNatğŸ”´,United Kingdom,2020-11-29
SupporterStreet,SupporterStreet,"England, United Kingdom",2020-11-29
natam2011,Adam Allcock,,2020-11-29
abuja_house,DEALS FOR ALL ABUJA,"Abuja, Nigeria",2020-11-29
Official_PDS,Perempuan Dalam Sepakbola,,2020-11-29
Jerseyforum,Jersey Forumotion,,2020-11-29
hettinga,rah,"Seafeathers Bay, Anguilla, BWI",2020-11-29
TecnoMAS__,ğ—§ğ—²ğ—°ğ—»ğ—¼ğ— ğ—”ğ—¦ | #ğ—¤ğ˜‚ğ—²ğ—±ğ—®ğ˜ğ—²ğ—˜ğ—»ğ—–ğ—®ğ˜€ğ—®,,2020-11-29
ManUtdCorner7,Man Utd Corner,,2020-11-29
Chrysan51142054,Chrysanthemum,,2020-11-29
ManUtdCorner7,Man Utd Corner,,2020-11-29
ManUtdCorner7,Man Utd Corner,,2020-11-29
informers1,Beware of Maya ğŸ‡®ğŸ‡ª,Inner Space ,2020-11-29
astonkilloran,Aston Killoran,,2020-11-29
TheGoalmarkt,The Goalmarkt,Jakarta Capital Region,2020-11-29
ManUtdCorner7,Man Utd Corner,,2020-11-29
physorg_tech,Phys.org Technology,,2020-11-29
TechXplore_com,TechXplore,US,2020-11-29
FL_liv3,Fantasy League Live,,2020-11-29
Ostraca_EU,Ostracism,,2020-11-29
SamirWahidLDM,Samir Wahid,,2020-11-29
tatenda_sibanda,Michael Sibanda,South Africa,2020-11-29
LiamSaysAloha,AlohaâœŒğŸ»FromğŸ––ğŸ» LiamğŸ¤ŸğŸ»,"Oxford, England",2020-11-29
Its_Dumvinci,Dumebi Kogolo,I Thor ğŸ”¨,2020-11-29
BritishHeraldUK,British Herald,"London, United Kingdom",2020-11-29
minamalekpour,Miniature Malekpour,,2020-11-29
manutdnewsonly,Man Utd Fans,,2020-11-29
matchdaymemory,Matchday Memory #LookingBack,Wylye Valley,2020-11-29
TheRedsMarchOn,As The Reds Go Marching On...,The Theatre Of Dreams ,2020-11-29
FBrehz,FootballBrehz,,2020-11-29
tejuthemenace,tejuğŸ‘,Lazy town,2020-11-29
CietaWhite,Cieta White #WeNeedaBetter9ja,"Lagos, Nigeria",2020-11-29
AO_Sports,AhramOnlineSports,"Cairo, Egypt",2020-11-29
luke_ATR,Luke,"Penarth, Wales",2020-11-29
ATouchlineRant,A Touchline Rant,"Penarth, Wales",2020-11-29
EMahmoudSoliman,Eng. Mahmoud Soliman,Mansoura - Egypt,2020-11-29
NowgoalScore,Nowgoal Livescore,,2020-11-29
T4ylor93,Taylor,,2020-11-29
Bridgeyjb70,My left foot,,2020-11-29
manutddn,Manchester United DN (daily news),,2020-11-29
jpavlovic801,JIMMY PAVLOVIC,Australia,2020-11-29
UtdreportU,machester united fans - Uganda,"Kampala, Uganda",2020-11-29
harbiodunTemi,Ojogiggs,"Oyo, Nigeria",2020-11-29
Sports_Khabri,Sports Khabri,,2020-11-29
HospitalityTek,Ken Torres,"Las Vegas, NV",2020-11-29
aremu4_,ProudOfNengiâš”ï¸âš”ï¸âš”ï¸,"Lagos, Nigeria",2020-11-29
baggiesbible,Baggiesbible,,2020-11-29
Patrator01,Agbemuko Akindele,,2020-11-29
Patrator01,Agbemuko Akindele,,2020-11-29
Varun8Vijay,Varun Vijay,Bangalore,2020-11-29
Anodyneee,ğŸ‡³ğŸ‡¬ğŸ’”ğŸ‡³ğŸ‡¬,,2020-11-29
Despicable_Me_7,Kenneth Ng,"Petaling Jaya, Malaysia",2020-11-29
harbiodunTemi,Ojogiggs,"Oyo, Nigeria",2020-11-29
ManUtdFanKe,manchester united  fansğŸ‡°ğŸ‡ª,"Nairobi, Kenya",2020-11-29
hitsmcrnews,Hits Manchester News,Manchester,2020-11-29
GulfOilEurope,Gulf Oil Europe,,2020-11-29
GulfOilIntl,Gulf Oil International,"London, England",2020-11-29
ke_drive,Hennessy_ke,"Nairobi, Kenya.",2020-11-29
ProfNdlebe,Balunga Bandile Prof NdlebeğŸ¤—â¤âš½ï¸,"Port Elizabeth, South Africa",2020-11-29
footballmemorys,Football Memories,Football pics from the past,2020-11-29
AO_Sports,AhramOnlineSports,"Cairo, Egypt",2020-11-29
AmStron51095429,#Real BoypikinğŸ‡³ğŸ‡¬ğŸ‡¬ğŸ‡­ğŸ‡¨ğŸ‡²ğŸ‡¸ğŸ‡±ğŸ‡¯ğŸ‡²ğŸ‡¬ğŸ‡³ğŸ‡²ğŸ‡¿âœŠğŸ¤ğŸ’ª,Africa Loveâ¤ï¸,2020-11-29
Temmybayaani,TemmyâœŠğŸ¾,,2020-11-29
CrossAutos,Ocean Cross Autos,Valley Arcade - Gitanga Road.,2020-11-29
goalooin_live,GoalooIN,India,2020-11-29
woozzaabets,Woozzaabets,Nigeria,2020-11-29
EFootballRumors,EuroFootballRumours,,2020-11-29
manutdnewsonly,Man Utd Fans,,2020-11-29
PlanetRockNews,Planet Rock News,UK,2020-11-29
hitsradionews,Hits Radio UK News,,2020-11-29
GHRnewsUK,Greatest Hits Radio News,United Kingdom,2020-11-29
Opoyis,Opoyi,,2020-11-29
Ufuoma80972641,Ufuoma ğŸ’–,,2020-11-29
asmehdi,Syed Muhmmad Ali,,2020-11-29
andrew_wall,Andrew Wall,"West Midlands, England",2020-11-29
1xbet_Eng,1xBet,,2020-11-29
bennymufc,Benjamin Brazil,Manchester,2020-11-29
sectest9,Security Testing,"Hyderabad, India",2020-11-29
CyberSecurityN8,Cyber Security News,,2020-11-29
WuzupNigeria,WuzupNigeria,Lagos - Nigeria,2020-11-29
OtaborDesmond,Otabor Desmond,,2020-11-29
manutdnewsonly,Man Utd Fans,,2020-11-29
gdprAI,Data Governance Framework,"England, United Kingdom",2020-11-29
ridexin19,â„ğ•šğ••ğ•¨ğ•’ğ•Ÿ ğ”¹ğ• ğ•ğ•’ğ••ğ•’ğ•ğ•– ğ”¸ğ••ğ•–ğ•Ÿğ•–ğ•œğ•’ğ•Ÿ|Ø±Ø¶ÙˆÙ†,Somewhere in the world,2020-11-29
vivian_cbk,viv.,,2020-11-29
sonitjain,Sonit Jain,,2020-11-29
Walter1turner,T.T.G,"kisumu,kenya",2020-11-29
Rufai_ng,Rufai,"Lagos, Nigeria",2020-11-29
benjaminmogbolu,benjamin mogboluğŸ‡³ğŸ‡¬,,2020-11-29
jerseysneil,#lelangsneil,"Jakarta Selatan, DKI Jakarta",2020-11-29
jerseysneil,#lelangsneil,"Jakarta Selatan, DKI Jakarta",2020-11-29
jerseysneil,#lelangsneil,"Jakarta Selatan, DKI Jakarta",2020-11-29
goaloong,Goaloong.net,,2020-11-29
twelfthman_ofcl,Twelfth Man Official,India,2020-11-29
babygirlkasie,kasie babyğŸ˜,,2020-11-29
queenavrile,AngelinağŸ¥‚,Under your bed,2020-11-29
ConcourseNews,Concourse News,"London, England",2020-11-29
leemufc83,lee calvert,,2020-11-29
PSG24hours,PSG en Direct ğŸŒ,Parc des Princes,2020-11-29
mykhelcom,myKhel.com,Bengaluru,2020-11-29
hitsmcrnews,Hits Manchester News,Manchester,2020-11-29
ManUtdFanKe,manchester united  fansğŸ‡°ğŸ‡ª,"Nairobi, Kenya",2020-11-29
ManUtdFanKe,manchester united  fansğŸ‡°ğŸ‡ª,"Nairobi, Kenya",2020-11-29
unitedtony99,Tony Marshall,Manchester,2020-11-29
Budiii25,Budi,"Jawa Timur, Indonesia",2020-11-29
RealGoalooNG,GOALOONG.NET,Nigeria,2020-11-29
theyAreFAR,ğŸ…ºğŸ…°ğŸ…½ğŸ…´ğŸ†‚ğŸ…·ğŸ…¸ğŸ…´ University ã³ã’ç§»,,2020-11-29
JayeolaJeremiah,Canadian Aspirant ğŸ‡¨ğŸ‡¦,Wherever you want me to ,2020-11-29
IndiaTodayFLASH,IndiaTodayFLASH,,2020-11-29
dj_mirth1,DJmirth,"Lagos, Nigeria",2020-11-29
IndiaToday,IndiaToday,India,2020-11-29
Jeremiiyah,Jeremiiyah,,2020-11-29
ITGDsports,India Today Sports,"Noida, India",2020-11-29
ridexin19,â„ğ•šğ••ğ•¨ğ•’ğ•Ÿ ğ”¹ğ• ğ•ğ•’ğ••ğ•’ğ•ğ•– ğ”¸ğ••ğ•–ğ•Ÿğ•–ğ•œğ•’ğ•Ÿ|Ø±Ø¶ÙˆÙ†,Somewhere in the world,2020-11-29
IHolartunbosun,$TUNBOSUN ENDPOLICEBRUTALITYğŸ‡³ğŸ‡¬ğŸ‡³ğŸ‡¬ğŸ‡³ğŸ‡¬,,2020-11-29
GimbiyanKaduna,Thuggishnerd's babyâ¤,,2020-11-29
IndiaTodayFLASH,IndiaTodayFLASH,,2020-11-29
IndiaToday,IndiaToday,India,2020-11-29
nelsonnate99,Nelson Nathan,Tanzania,2020-11-29
TransAxionalyst,Transactionalyst,"Washington, DC",2020-11-29
Zarafett1,Zarafett,"Lagos, Nigeria",2020-11-29
Brownsugar_nini,Billion$BabyğŸ’°ğŸ’“,Nigeria,2020-11-29
StephenHollie77,STEPHEN,"Nottingham, Manchester ",2020-11-29
Outlookindia,Outlook Magazine,"New Delhi, India",2020-11-29
janthouan11,Jonathan Nathan,Kuala Lumpur,2020-11-29
Manutdcsk,LakshyağŸ‡®ğŸ‡³ğŸ”° #manchesterunited,In your heart â¤ï¸ ,2020-11-29
Manutdcsk,LakshyağŸ‡®ğŸ‡³ğŸ”° #manchesterunited,In your heart â¤ï¸ ,2020-11-29
livesportcentr1,livesportcentre,delhi,2020-11-29
AbhishreySR,Abeer Singh,,2020-11-29
livesportcentr1,livesportcentre,delhi,2020-11-29
crossing_jersey,IG : @adipati_store,@verified_seller #909,2020-11-29
manutdnewsonly,Man Utd Fans,,2020-11-29
crossing_jersey,IG : @adipati_store,@verified_seller #909,2020-11-29
crossing_jersey,IG : @adipati_store,@verified_seller #909,2020-11-29
Sports_NDTV,NDTV Sports,"New Delhi, India",2020-11-29
FatTechnical,Fat Technical Company,Abuja ,2020-11-29
ET_CISO,ETCISO,India,2020-11-29
ManUnitedCore,Man United Core,,2020-11-29
ManUnitedCore,Man United Core,,2020-11-29
Jerseyforum,Jersey Forumotion,,2020-11-29
Jerseyforum,Jersey Forumotion,,2020-11-29
Jerseyforum,Jersey Forumotion,,2020-11-29
jersey_ciamikk,Follow IG : @soccerjerseyciamikk,"Malang, Jawa Timur",2020-11-29
jersey_ciamikk,Follow IG : @soccerjerseyciamikk,"Malang, Jawa Timur",2020-11-29
jersey_ciamikk,Follow IG : @soccerjerseyciamikk,"Malang, Jawa Timur",2020-11-29
Shelvey_001,Ibrahim sheriffdeen,"Osun state, Nigeria",2020-11-29
SecdevB,SecDev-Bot,,2020-11-29
Outlookindia,Outlook Magazine,"New Delhi, India",2020-11-29
cybersec_feeds,Cyber Security Feed,Internet,2020-11-29
yosefkristiano,Yosef Kristiano,"Bandung, Indonesia",2020-11-29
yosefkristiano,Yosef Kristiano,"Bandung, Indonesia",2020-11-29
yosefkristiano,Yosef Kristiano,"Bandung, Indonesia",2020-11-29
cybersec_feeds,Cyber Security Feed,Internet,2020-11-29
ChloeOuten,ChloeOuten,Edinburgh,2020-11-29
_Thirunarayan1,ThiruNarayan - à¤¨à¤¾à¤°à¤¾à¤¯à¤£ ğŸ’¯â—€ï¸ğŸ“²ğŸ”™ğŸ†“,à¤œà¤®à¥à¤¬à¥‚à¤¦à¥à¤µà¥€à¤ªà¥‡ - à¤…à¤–à¤‚à¤¡ à¤­à¤¾à¤°à¤¤à¤µà¤°à¥à¤· ,2020-11-29
ManUtdFanKe,manchester united  fansğŸ‡°ğŸ‡ª,"Nairobi, Kenya",2020-11-29
timesofindia,The Times Of India,New Delhi,2020-11-29
fmtoday,Free Malaysia Today,Malaysia,2020-11-29
toisports,TOI Sports,"New Delhi, India",2020-11-29
mykhelcom,myKhel.com,Bengaluru,2020-11-29
Nova88official,Nova88,,2020-11-29
fcknSemloh1,Chris Holmes,Ravenswood ,2020-11-29
cywarchronicle,cyberwarchronicle,Europe,2020-11-29
SportNewsFan,Sport News Fanatic,,2020-11-29
shanksyanksjurg,@shanksyanksjurg,Kuala Lumpur,2020-11-29
TheKitmanUK,TheKitman.co.uk,"Bristol, England",2020-11-29
VGDakessian,Vatche Dakessian,Jordan,2020-11-29
manutdnewsonly,Man Utd Fans,,2020-11-29
ghostdansing,Ghost Dansing,cyberspace,2020-11-29
Lovescience15,Lovescience,,2020-11-29
1st_infantry,Bob Jackson,"Oklahoma, USA",2020-11-29
manutdnewsonly,Man Utd Fans,,2020-11-29
manutdnewsonly,Man Utd Fans,,2020-11-29
ManUtdFanKe,manchester united  fansğŸ‡°ğŸ‡ª,"Nairobi, Kenya",2020-11-29
ManUtdFanKe,manchester united  fansğŸ‡°ğŸ‡ª,"Nairobi, Kenya",2020-11-29
ManUtdFanKe,manchester united  fansğŸ‡°ğŸ‡ª,"Nairobi, Kenya",2020-11-29
unitedtony99,Tony Marshall,Manchester,2020-11-29
unitedtony99,Tony Marshall,Manchester,2020-11-29
unitedtony99,Tony Marshall,Manchester,2020-11-29
bloomProduct,Sam Howell,"Manchester, England",2020-11-29
manutdnewsonly,Man Utd Fans,,2020-11-29
manutdcaribbean,ManUtdSC,Trinidad and Tobago,2020-11-29
ManUtdFanKe,manchester united  fansğŸ‡°ğŸ‡ª,"Nairobi, Kenya",2020-11-29
wsportsweekly,World Sports Weekly,"Carlow, Ireland",2020-11-29
manutdnewsonly,Man Utd Fans,,2020-11-29
gdprAI,Data Governance Framework,"England, United Kingdom",2020-11-29
RF_Jenkins,Francis Jenkins RE,ğŸ´ó §ó ¢ó ·ó ¬ó ³ó ¿ğŸ‡¬ğŸ‡§,2020-11-29
manutdnewsonly,Man Utd Fans,,2020-11-29
18RedDevil78,Darren J,,2020-11-29
TheKitmanUK,TheKitman.co.uk,"Bristol, England",2020-11-29
manutdnewsonly,Man Utd Fans,,2020-11-29
MUFC_Madness,ManchesterFC News,,2020-11-29
M303Bet,M303BET,"DKI Jakarta, Indonesia",2020-11-29
thegoat10,Pete Hulme,Manchester,2020-11-29
products_hot,Hot_Products,Republic of Slovenia,2020-11-29
IanRElliot,Ian Elliot,"England, United Kingdom",2020-11-29
cudaeducation,Cuda Education,"New York, NY",2020-11-29
Uknighted74,Paul Knight,from a galaxy far far away,2020-11-29
OkroguLes,Okrogu Les,Slovenia,2020-11-29
BlaineOliver1,Blaine Oliver,Salford,2020-11-29
ChimpInATopHat,Chimpy,"Bury, England",2020-11-29
Dk1Cornwall,David Kemp,Camborne,2020-11-29
pippaliciousj,Pippa Jones,,2020-11-29
Sonic_Screwup,Sophie Petzal,"London, England",2020-11-29
ZoraSuleman,Zora Suleman,London by way of Eastbourne,2020-11-29
dmulindwa72,Denis MulindwağŸ”°,abudhabi,2020-11-29
dmulindwa72,Denis MulindwağŸ”°,abudhabi,2020-11-29
Elbies1,Laura Bearne,"Nybster, Scotland",2020-11-29
trishaw,Trisha Ward,"Derry, Northern Ireland",2020-11-29
United_Webby,Darren Webb,godscountry ,2020-11-29
manutdnewsonly,Man Utd Fans,,2020-11-29
SocialElbies,Social Elbie's,"Nybster, Scotland",2020-11-29
bandar303go,BANDAR303,Indonesia,2020-11-29
ScallyDoorsy,Doorsy,Norf East Scotland ,2020-11-29
PeninsulaQatar,The Peninsula Qatar,Qatar,2020-11-29
calumbeckett,Calum Mufc Beckett ğŸ‡¾ğŸ‡ª,Manchester,2020-11-29
Alan_Tonge,Alan Tonge ğŸ,,2020-11-29
ABeckettStudio,Stewart Beckett,"Manchester, England",2020-11-29
lfcsonny,Sonny,,2020-11-29
hwalmond,Howard Almond,,2020-11-29
Amanda7MUFC,AmandaIsARedğŸ‘¹ğŸ”°ğŸ…,Northern Ireland,2020-11-29
Alan_Tonge,Alan Tonge ğŸ,,2020-11-29
calumbeckett,Calum Mufc Beckett ğŸ‡¾ğŸ‡ª,Manchester,2020-11-29
ABeckettStudio,Stewart Beckett,"Manchester, England",2020-11-29
ManUtdCorner7,Man Utd Corner,,2020-11-29
footballutdtv,Football United TV,,2020-11-29
ManUtdCorner7,Man Utd Corner,,2020-11-29
ManUtdCorner7,Man Utd Corner,,2020-11-29
manutdnewsonly,Man Utd Fans,,2020-11-29
Garrett_Brooks1,GarrettBrooks,,2020-11-29
JoelBBCAN,Joel Lefevre,"British Columbia, Canada",2020-11-29
SimonMufc88,Simon,"Manchester, England",2020-11-29
PJwasHere,Imposter,Jamaica,2020-11-29
afclewis9,ğŸ’«StarboySaka ğŸ’«,On the bench,2020-11-29
baraghashially,allyguardiola7,Tanzania,2020-11-29
footyadvocate,FootballAdvocate,Jamaica,2020-11-29
jamiecoombes6,mufccollector,"England, United Kingdom",2020-11-29
WhatsGoingOn876,What's Going On,Jamaica,2020-11-29
Packerd_00,Dale Money,,2020-11-29
Packerd_00,Dale Money,,2020-11-29
terrybowman60,terry bowman,"Manchester, England",2020-11-29
RodneyMcCain,âš½ï¸ Rodney McCain âš½ï¸,"Little Rock, Arkansas",2020-11-29
bertpotty,InterFed,"North West, England",2020-11-29
paulenglish1961,Paul English,"East, England",2020-11-29
RodneyMcCain,âš½ï¸ Rodney McCain âš½ï¸,"Little Rock, Arkansas",2020-11-29
chaseyoursport,Sports Social,"Gurgaon, India",2020-11-29
DarrenEwers,Darren Ewers,"London, England",2020-11-29
ManUtdCorner7,Man Utd Corner,,2020-11-29
ManUtdvault,Man Utd Vault,"Manchester, England",2020-11-29
ManUtdvault,Man Utd Vault,"Manchester, England",2020-11-29
ManUtdFanKe,manchester united  fansğŸ‡°ğŸ‡ª,"Nairobi, Kenya",2020-11-29
ManUtdFanKe,manchester united  fansğŸ‡°ğŸ‡ª,"Nairobi, Kenya",2020-11-29
ManUtdFanKe,manchester united  fansğŸ‡°ğŸ‡ª,"Nairobi, Kenya",2020-11-29
unitedtony99,Tony Marshall,Manchester,2020-11-29
unitedtony99,Tony Marshall,Manchester,2020-11-29
unitedtony99,Tony Marshall,Manchester,2020-11-29
unitedtony99,Tony Marshall,Manchester,2020-11-29
unitedtony99,Tony Marshall,Manchester,2020-11-29
AmasaImman,K!#GABBÂ£Â¥ğŸ‘‘,PH Nigeria,2020-11-29
ManUtdCorner7,Man Utd Corner,,2020-11-29
deadpoollo,Carlos RodrÃ­guez,"BogotÃ¡, D.C., Colombia",2020-11-29
SamHayden603,Sam Haydenâ€‹ğŸ§¢ğŸ‡ºğŸ‡¸,"New Hampshire, USA",2020-11-29
RetroFootball20,Retro football,,2020-11-29
ManUnitedCore,Man United Core,,2020-11-29
Sticker500,A Sticker's Worth 500 Words,,2020-11-29
ManUnitedCore,Man United Core,,2020-11-29
Bonnick_Brother,Bonnick Brothers,"Nottingham, England",2020-11-29
Effizzy_,Abuja Jersey Plug ğŸ”Œ,"Federal Capital Territory, Nig",2020-11-29
1901ErkanGALA,Ä˜ÉŒÆ˜Ä„ÆÂ¹â¹â°Â¹ - Â¹â¹â°âµ,Cyprus ,2020-11-29
LathaMangipudi,Latha Mangipudi,"Nashua, NH",2020-11-29
2412caz,Caroline Summers,,2020-11-29
CANTONA_276,Ã‰ric Cantona,"Manchester, England",2020-11-29
DonPatricioFILM,Don Patricio O'Connell FILM,,2020-11-29
News18Sports,News18 Sports,India,2020-11-29
manutdnewsonly,Man Utd Fans,,2020-11-29
unitedtony99,Tony Marshall,Manchester,2020-11-29
unitedtony99,Tony Marshall,Manchester,2020-11-29
KushagrDixit,Kushagr Dixit,"New Delhi, India",2020-11-29
rangermonk1,Rangermonk,United States,2020-11-29
CraggyDevils,Craggy Island Red Devils ğŸ‘¹âš½,,2020-11-29
DarrenEwers,Darren Ewers,"London, England",2020-11-29
begumyamaan,BegÃ¼mğŸ¥¥,,2020-11-29
Geir_Ove_Lie,ğ“–ğ“®ğ“²ğ“» ğ“ğ“¿ğ“® ãƒ„,"Stavanger, Norway",2020-11-29
CraggyDevils,Craggy Island Red Devils ğŸ‘¹âš½,,2020-11-29
FootyZoneNet,FootyZone.net,,2020-11-29
Grumpypeet,Grumpypeet,,2020-11-29
theswarrow,Swaroop,India,2020-11-29
thegreenroomsuk,The Green Rooms UK,"Salford, England",2020-11-29
PJwasHere,Imposter,Jamaica,2020-11-29
BBPodOfficial,Backseat Banter,,2020-11-29
footyadvocate,FootballAdvocate,Jamaica,2020-11-29
manutddn,Manchester United DN (daily news),,2020-11-29
WhatsGoingOn876,What's Going On,Jamaica,2020-11-29
atoms_nuclear,Nuclear Atoms,"Dhaka, Bangladesh",2020-11-29
manutdnewsonly,Man Utd Fans,,2020-11-29
utdshahar,Utdshahar,,2020-11-29
manutdnewsonly,Man Utd Fans,,2020-11-29
utdprogram,United Program,,2020-11-29
otw_podcast,On The Whistle,Global,2020-11-29
manutdnewsonly,Man Utd Fans,,2020-11-29
LondonMond,Self Made Motivator,United States,2020-11-29
UtdZarq,ZarqonUtd ğŸ”´âš«ğŸ”´âšªğŸ”´â™‘,spain but the s is silent,2020-11-29
ManUtdCorner7,Man Utd Corner,,2020-11-29
BBPodOfficial,Backseat Banter,,2020-11-29
ballerblokes,Ballerblokes,,2020-11-29
TrulieYurz,T R U L I E Y U R Z,,2020-11-29
manutdnewsonly,Man Utd Fans,,2020-11-29
muge_onen,MÃ¼ge Ã–nen,,2020-11-29
TheKitmanUK,TheKitman.co.uk,"Bristol, England",2020-11-29
CarsonRodizio,Blake Carson,"Memphis, TN",2020-11-29
CulturedUnited,Billy,Stretford End ,2020-11-29
manutdnewsonly,Man Utd Fans,,2020-11-29
SlothPeanut,PeanutSloth,,2020-11-29
Man_Utd1233,The Red Army,,2020-11-29
ManUnitedCore,Man United Core,,2020-11-29
ManUnitedCore,Man United Core,,2020-11-29
ManUnitedCore,Man United Core,,2020-11-29
Ashik1bd,Ashikur Rahman Ashik,"Khulna, Bangladesh",2020-11-29
KayRoz14,KayRoz14,New Zealand,2020-11-29
VintageSRKian,BLACK BUCK ğŸ¦Œ,Middle Earth,2020-11-29
utd_jo_,DJFğŸš©,"North West, England",2020-11-29
IKI190112,IamIzzy,London & Owerri,2020-11-29
RealDalitso,The Tribal Chief: Dalitso,Planet Namek,2020-11-29
manutdnewsonly,Man Utd Fans,,2020-11-29
Braai_Stander,Gerrit Cole ğŸ˜,Zambia ğŸ‡¿ğŸ‡²ğŸ›«ğŸ‡²ğŸ‡º Mauritius ,2020-11-29
manutdnewsonly,Man Utd Fans,,2020-11-29
matchdaymemory,Matchday Memory #LookingBack,Wylye Valley,2020-11-29
HollifieldOwen,Owen Hollifield,U.K,2020-11-29
ballerblokes,Ballerblokes,,2020-11-29
mellowmatters,Harry,United Kingdom,2020-11-29
Mezz_M92,Mezz_M,Between Manchester & Krypton ,2020-11-29
ballerblokes,Ballerblokes,,2020-11-29
ballerblokes,Ballerblokes,,2020-11-29
ManUtdCorner7,Man Utd Corner,,2020-11-29
ballerblokes,Ballerblokes,,2020-11-29
ManUtdCorner7,Man Utd Corner,,2020-11-29
unitedtony99,Tony Marshall,Manchester,2020-11-29
unitedtony99,Tony Marshall,Manchester,2020-11-29
unitedtony99,Tony Marshall,Manchester,2020-11-29
unitedtony99,Tony Marshall,Manchester,2020-11-29
A9Mac,Aaron Mclean,,2020-11-29
manutdnewsonly,Man Utd Fans,,2020-11-29
WGD85,LFC77,,2020-11-29
Mr_Ed10,Eduardo Mr.Ed Perez,"South Plainfield, New Jersey",2020-11-29
maniashwin95,Ashwin,,2020-11-29
manutdnewsonly,Man Utd Fans,,2020-11-29
MWoolfNY,Martin Woolf,New York City,2020-11-29
MIHIRDESAI89,MIHIR DESAI,,2020-11-29
J4X0NE1,J4X0NE,,2020-11-29
cybersec_feeds,Cyber Security Feed,Internet,2020-11-29
YAANITEED,ğŸ‡¬ğŸ‡§ Steven ğŸ‡¾ğŸ‡ª,"Manchester, England",2020-11-29
benfranklin1983,B-A-F,"London, England",2020-11-29
MichaelOmwony,Mike Flava Omwony,Searching ,2020-11-29
AntonioCasella5,Antonio Casella,"Roma, Lazio",2020-11-29
BhatiaVyom,Vyom Bhatia,,2020-11-29
AliceTalksFooty,Alice Abrahams,"Cambridge, England",2020-11-29
olobe02,Walexzy adeyemo,Lagos state,2020-11-29
CundariVeronica,Veronica Cundari,"Rome, Lazio",2020-11-29
AdriCasella33,Adriana Casella,,2020-11-29
vickeypedia,Vickey Maverick,,2020-11-29
AbhishreySR,Abeer Singh,,2020-11-29
RedTommy12,ğŸ†ğŸ…´ğŸ…³ ğŸ†ƒğŸ…¾ğŸ…¼ğŸ…¼ğŸ†ˆ,,2020-11-29
AbhishreySR,Abeer Singh,,2020-11-29
BatmanKnightfan,BatmanKnightfan,Gotham City,2020-11-29
Vazquez_Pollo10,FiDe âš½,,2020-11-29
t_alharbi,Tareq AlharbiğŸ‡°ğŸ‡¼,"Hitteen, Kuwait",2020-11-29
kaykay_nehkah,kakağŸ‘‘,My manz heart,2020-11-29
DanNijeria,#LekkiTollGateMassacre,Nigeria,2020-11-29
fpl_phenom,ğŸ˜ˆ FPL_Fantasy_Phenom ğŸ˜ˆ,@FFH_HQ 15% Discount Link ğŸ‘‡ğŸ»,2020-11-29
ManUtdCorner7,Man Utd Corner,,2020-11-29
manutdcaribbean,ManUtdSC,Trinidad and Tobago,2020-11-29
Desden_DC,#GoodHeartğŸ™,"Calabar, Nigeria",2020-11-29
OramanAmiri,Oraman Amiri,,2020-11-29
ArronBlandd,ArronBlandd,"England , Rugeley",2020-11-29
Scott_bergen,scott  manthorpe,lowestoft,2020-11-29
daethlock54,daethlock,,2020-11-29
TFebbe,TommasoFebbe,,2020-11-29
DearSport_,Dear Sport,"Roma, Lazio",2020-11-29
niyas_ti,Niyas,,2020-11-29
FootyZoneNet,FootyZone.net,,2020-11-29
realJokavana,Vana,The Heavens,2020-11-29
freshprince_15,FreshprinceğŸ˜ˆ,"Edo, Nigeria",2020-11-29
jakehands,Jake Hands,"Redditch, England",2020-11-29
Jack38014993,Utd_Jack,"Manchester, England",2020-11-29
Sosa2121,Stephen Sosa,"Garden Grove, CA",2020-11-29
BhatiaVyom,Vyom Bhatia,,2020-11-29
eIphilip,Mr.Felipe,,2020-11-29
JecintaNwo,Jecinta ğŸ‡³ğŸ‡¬ğŸ‡©ğŸ‡ª,Nigeria,2020-11-29
Mr_writer1985,Mr Writer,Manchester,2020-11-29
red_joemato,Yusuf Moola,South Africa,2020-11-29
JasmineIce5,ice_queen,,2020-11-29
GoodbyeFriends2,Cam White,,2020-11-29
SolskjrRebelli1,SolskjÃ¦rRebellion,,2020-11-29
Steevo29,Steve Green,,2020-11-29
phatboislym,Herr Conde,,2020-11-29
Ericeor1,one red,,2020-11-29
paramedic_lk,LK ğŸš‘,,2020-11-29
ClintonChow7,Clinton Chow,Jakarta â€¢ Jambi â€¢ Indonesia,2020-11-29
josh_earl3,Josh Earl ğŸ”°,,2020-11-29
scottm9633,Scott,,2020-11-29
Skye1991,Skye Laurence Pank,London,2020-11-29
ManUtdMarist,Manchester United,,2020-11-29
FatTechnical,Fat Technical Company,Abuja ,2020-11-29
manutdnewsonly,Man Utd Fans,,2020-11-29
Biola1216,Afais_Cruisingâš¡,Paje,2020-11-29
ProfNdlebe,Balunga Bandile Prof NdlebeğŸ¤—â¤âš½ï¸,"Port Elizabeth, South Africa",2020-11-29
1004Ziyan,"Hope ""18 Again"" to ""Search"" My ""Start-Up""",In My Universe,2020-11-29
TheRedA79960611,TheRedArmy,,2020-11-29
DrMandeep_MUFC,Woodward Muppet (Drreddevil),"Canterbury,England",2020-11-29
bethharrison063,Beth Harrison,"Saint Helens, England",2020-11-29
ghostntmachine,GhostintheMachine,"EastEnd, London",2020-11-29
sean_siege,Siege Is Sean,,2020-11-29
tanny_habib,TANSEN,,2020-11-29
flyingeze,Flying Eze,,2020-11-29
ze_footballboy,footballboy,,2020-11-29
Wise_Prediction,Wise Prediction,Sweden,2020-11-29
SimoPagliarini_,Simona Elkann,,2020-11-29
mark_osifo,ï£«dbigmark2ï£«Â®,Life!!!,2020-11-29
VivoEffe,FabiÃ¡n,"Madrid, Spain",2020-11-29
PisuDavi,Davide Pisu,"Cagliari, Sardegna",2020-11-29
gilnar76,gilnar76,"Rozzano, Lombardia",2020-11-29
SonyLIV,SonyLIV,India,2020-11-29
habibmohammed09,HABIB A.MOHAMMED,Ghana,2020-11-29
zazoomblog,Zazoom Social News,Italia,2020-11-29
woozzaabets,Woozzaabets,Nigeria,2020-11-29
Route1futbol,RouteOneFootball,,2020-11-29
Luke22753340,AlessandroÂ®ï¸,"Roma, Lazio",2020-11-29
AzrOrganization,AZR Organization,,2020-11-29
DanishGambitNg,Democritus,Lagos,2020-11-29
MIHIRDESAI89,MIHIR DESAI,,2020-11-29
RatingsRobbo,Robbo Knows Racing,"Broughton, England",2020-11-29
NebertD_ray,N.E.B.E.R.T,,2020-11-29
LondonMond,Self Made Motivator,United States,2020-11-29
DeanAJPalmer10,Dean A J Palmer,Monmouth Wales ,2020-11-29
GolAlerta,Alerta Gol,"Coya, Chile",2020-11-29
gladwell89,Dan gladwell,Grimsby,2020-11-29
1004Ziyan,"Hope ""18 Again"" to ""Search"" My ""Start-Up""",In My Universe,2020-11-29
manutddn,Manchester United DN (daily news),,2020-11-29
Voltymore,Voltymore,"Bramley, South Africa",2020-11-29
RedRoca04,ğŸ”´ RED ROCA ğŸ”´,,2020-11-29
AverageJoeLee,Joe Lee,,2020-11-29
GausKhalid,khalid gaus,"Johannesburg, South Africa",2020-11-29
ImRedGregor,Gregor,,2020-11-29
LeeSimms20,Lee Simms,"England, United Kingdom",2020-11-29
MatthewROP,Matthew Jones,Wales,2020-11-29
SWN044,Ntusi,"Dundee, South Africa",2020-11-29
Hamzatsunkanmi,Hamzat Sunkanmi,"Lagos, Nigeria",2020-11-29
DeanoLaBam,DeanoLaBam,Formerly Radcliffe/Mancunia ,2020-11-29
im_piyushekokar,Piyush Shekokar,"Nashik, India",2020-11-29
Sloosh14,Niall Collins,"Cork, Ireland",2020-11-29
Roytheboy1988,Roy Heyward,potters bar herts uk ,2020-11-29
richiep007,Richie ğŸ‡¬ğŸ‡©ğŸ‡¬ğŸ‡§,Grenada,2020-11-29
NSabhlok,Nihaar Sabhlok,,2020-11-29
FootballLinkUp1,Football Link Up,,2020-11-29
ResultadosND,Resultados de Futbol,Argentina,2020-11-29
DakoriaAakash,Aakash MUFC,India,2020-11-29
PeteStones123,Pete Stones,,2020-11-29
_ajibadey,Top Notch,Lagos,2020-11-29
warlocc,Rapheal,,2020-11-29
markadamson01,mark adamson,dunfermline,2020-11-29
AbhishreySR,Abeer Singh,,2020-11-29
danielreynold20,Daniel Reynolds ğŸ­,"glasgow, scotland",2020-11-29
rt_Premier,#premierleague,North london - coyg,2020-11-29
rt_Premier,#premierleague,North london - coyg,2020-11-29
DenooPogba12,Denoo Pogba,,2020-11-29
NellyChristmas,Nelly,North Pole ,2020-11-29
rt_Premier,#premierleague,North london - coyg,2020-11-29
Baines2,Paul,North Yorks,2020-11-29
rt_Premier,#premierleague,North london - coyg,2020-11-29
rt_Premier,#premierleague,North london - coyg,2020-11-29
tanny_habib,TANSEN,,2020-11-29
rt_Premier,#premierleague,North london - coyg,2020-11-29
DakoriaAakash,Aakash MUFC,India,2020-11-29
kfraser5,kyle fraser,Worldwide,2020-11-29
notfergie,MUFC,,2020-11-29
rt_Premier,#premierleague,North london - coyg,2020-11-29
rt_Premier,#premierleague,North london - coyg,2020-11-29
rt_Premier,#premierleague,North london - coyg,2020-11-29
DenverGooner,Jeff Leidig,"Denver, CO",2020-11-29
rt_Premier,#premierleague,North london - coyg,2020-11-29
SportyJosh6,Sporty Josh ğŸ‡¨ğŸ‡¦ ğŸ‡µğŸ‡¸ (#ENDSARS),,2020-11-29
rt_Premier,#premierleague,North london - coyg,2020-11-29
rt_Premier,#premierleague,North london - coyg,2020-11-29
manutdnewsonly,Man Utd Fans,,2020-11-29
CrouchPotato6,Crouch Potato,,2020-11-29
begourknowtakes,kanesonduo,,2020-11-29
AdnanHussainuk,Adnan Hussain (Ø¹Ø¯Ù†Ø§Ù† Ø­Ø³ÙŠÙ†),"Bolton, England",2020-11-29
rt_Premier,#premierleague,North london - coyg,2020-11-29
CrouchPotato6,Crouch Potato,,2020-11-29
c_carteriii,c_carteriii,New York,2020-11-29
rt_Premier,#premierleague,North london - coyg,2020-11-29
rt_Premier,#premierleague,North london - coyg,2020-11-29
CrouchPotato6,Crouch Potato,,2020-11-29
zicoyt,Zico7,,2020-11-29
rt_Premier,#premierleague,North london - coyg,2020-11-29
rt_Premier,#premierleague,North london - coyg,2020-11-29
CrouchPotato6,Crouch Potato,,2020-11-29
himanil,Himanil,"London, England",2020-11-29
MridulRSingh,Mridul Singh,Greater Noida | Varanasi,2020-11-29
frank_segar,Arthur36,"Lagos, Nigeria",2020-11-29
Ryan75503078,Ryan,"Orlando, FL",2020-11-29
notfergie,MUFC,,2020-11-29
rt_Premier,#premierleague,North london - coyg,2020-11-29
rt_Premier,#premierleague,North london - coyg,2020-11-29
SportyJosh6,Sporty Josh ğŸ‡¨ğŸ‡¦ ğŸ‡µğŸ‡¸ (#ENDSARS),,2020-11-29
kash786tango23,Kash Mahmood,"Birmingham, England",2020-11-29
harsharoxx,Harsha,Tempe,2020-11-29
rubecks23,Silent Noise ğŸ”Š,Bengaluru,2020-11-29
rt_Premier,#premierleague,North london - coyg,2020-11-29
AliceTalksFooty,Alice Abrahams,"Cambridge, England",2020-11-29
GoatFootballApp,GOAT Football - Quick Spoiler-Free Highlight,,2020-11-29
EvilRashford,Rashfordinho,Why Do You Care,2020-11-29
rt_Premier,#premierleague,North london - coyg,2020-11-29
rt_Premier,#premierleague,North london - coyg,2020-11-29
rt_Premier,#premierleague,North london - coyg,2020-11-29
LebogangSeale,Persona non grata,Johannesburg - Tzaneen ,2020-11-29
zicoyt,Zico7,,2020-11-29
PranavKamble09,Pranav Kamble,"Pune, India",2020-11-29
gladwell89,Dan gladwell,Grimsby,2020-11-29
richiep007,Richie ğŸ‡¬ğŸ‡©ğŸ‡¬ğŸ‡§,Grenada,2020-11-29
KevinKlexius,Kevin Klexius Mireles,"Alamo, TX",2020-11-29
manutdnewsonly,Man Utd Fans,,2020-11-29
rt_Premier,#premierleague,North london - coyg,2020-11-29
rahulkan_o3,rahul kannan,"California, USA",2020-11-29
ARrahmanfreak,Shamsheer Chelsea,Dubai,2020-11-29
mistakes30,Mohanad,,2020-11-29
Vazquez_Pollo10,FiDe âš½,,2020-11-29
Kiddsavage181,itsbeenagoodyearJD21â™ˆ,"Paarl, South Africa",2020-11-29
GoodbyeFriends2,Cam White,,2020-11-29
Football4Maniac,Footballmaniac,Kuala Lumpur City,2020-11-29
ghostntmachine,GhostintheMachine,"EastEnd, London",2020-11-29
nemolegal,Akash Ganguly,à¦•à¦²à¦•à¦¾à¦¤à¦¾ ,2020-11-29
rabtensamphel,à½¢à½–à¼‹à½–à½¢à¾Ÿà½“à¼‹,,2020-11-29
LastWordFC,Last Word On Football,World,2020-11-29
BoxToBox_pod,BoxtoBox,Where the football is,2020-11-29
lwofmanunited,LWOF Manchester United,,2020-11-29
DanUnited78,Daniel Smith,"Albrighton, England",2020-11-29
SaratuAabu,â–«ï¸Saaraâ–«ï¸,"Abuja, Nigeria",2020-11-29
gilngango,GIL,East Africa,2020-11-29
DavidkatongoMT,David Katongo Mutale ğŸ‡¿ğŸ‡²,Lusaka,2020-11-29
ghostntmachine,GhostintheMachine,"EastEnd, London",2020-11-29
AlufaDimkpa,Alufa Dimpka,,2020-11-29
udoka_njoku1,Udoka C. Njoku (D Oracle),"Lagos, Nigeria",2020-11-29
Sidharth7783,Sidharth Sekhar,,2020-11-29
FaustoUHernand2,Fausto U. Hernandez,"Nevada, USA",2020-11-29
TahmidTk,Tk.Tahmid,,2020-11-29
ManUtdMarist,Manchester United,,2020-11-29
InsideForwardV2,InsideForward 2.0,"Las Palmas de Gran Canaria, Es",2020-11-29
pommiebear10,Pommington!,,2020-11-29
midnatalks,midnatalks,,2020-11-29
martwhitt99,Martin Whittaker,"Woking, South East",2020-11-29
SportyJosh6,Sporty Josh ğŸ‡¨ğŸ‡¦ ğŸ‡µğŸ‡¸ (#ENDSARS),,2020-11-29
ManUGBCole,Graham Cole ğŸ––ğŸ‡¨ğŸ‡¦,"Toronto, Ontario",2020-11-29
the_ethan_best,Ethan Best â“‹ ğŸ‚â„ï¸,"England, United Kingdom",2020-11-29
WGD85,LFC77,,2020-11-29
FaustoUHernand2,Fausto U. Hernandez,"Nevada, USA",2020-11-29
GolAlerta,Alerta Gol,"Coya, Chile",2020-11-29
vansterslev1,bjersa,,2020-11-29
notfergie,MUFC,,2020-11-29
InsideForwardV2,InsideForward 2.0,"Las Palmas de Gran Canaria, Es",2020-11-29
FaustoUHernand2,Fausto U. Hernandez,"Nevada, USA",2020-11-29
AlufaDimkpa,Alufa Dimpka,,2020-11-29
M_McCauley57,Matthew McCauley,,2020-11-29
ojeksaikhoje,#UzebbaCityFC,Mon Pays ,2020-11-29
Jayjay24945941,Jayjay,,2020-11-29
steffens_cae,Cae SteffensğŸ’­,,2020-11-29
pantheraleo125,SIR Alan Githinji,"limbo, UTOPIA",2020-11-29
FaustoUHernand2,Fausto U. Hernandez,"Nevada, USA",2020-11-29
AlufaDimkpa,Alufa Dimpka,,2020-11-29
MaroModo,VDBSZN,,2020-11-29
WGD85,LFC77,,2020-11-29
MazvitaMaraire,MazvitaMaraire,seattle,2020-11-29
ghostntmachine,GhostintheMachine,"EastEnd, London",2020-11-29
notfergie,MUFC,,2020-11-29
tanmay_mehra,Tanmay Mehra,"à¤¬à¥ˆà¤‚à¤—à¤²à¥à¤°à¥, à¤­à¤¾à¤°à¤¤",2020-11-29
JamesAngus18,James Angus,,2020-11-29
ghostntmachine,GhostintheMachine,"EastEnd, London",2020-11-29
DameyP,Damey Passah,Shillong ,2020-11-29
cochesanz,Jose Sanchez M.,"Quito, Ecuador",2020-11-29
MohammedHY,Mohammed Hussein,Kenya,2020-11-29
ManUGBCole,Graham Cole ğŸ––ğŸ‡¨ğŸ‡¦,"Toronto, Ontario",2020-11-29
ThomasBudweiser,Thomas Budweiser Mackenzie,"Canary Islands, Spain",2020-11-29
old_rants,Old Man Rants,,2020-11-29
MrCamm,Paul Camm,aldershot,2020-11-29
robclawe,Rob,SoCal,2020-11-29
Mohanmed_girei,MOHAğŸ¦…,"Abuja, Nigeria",2020-11-29
KennyAn18040294,Kenny Anderson,,2020-11-29
maverick99sback,Mad Mav* ğŸ–ğŸ½ğŸ–ğŸ½ğŸ–ğŸ½ğŸ–ğŸ½,,2020-11-29
tweetofmicky,Zemicky | á‹˜áˆšáŠª ğŸ‡ªğŸ‡¹ğŸ‡°ğŸ‡·,,2020-11-29
MickFerry,Mick Ferry,Oldham,2020-11-29
AbhishreySR,Abeer Singh,,2020-11-29
1004Ziyan,"Hope ""18 Again"" to ""Search"" My ""Start-Up""",In My Universe,2020-11-29
Davidsmyth20,David Smyth,Dublin ,2020-11-29
StarSpreads_Bet,Star Spreads,"Dublin, Ireland",2020-11-29
Yaseen____,.........,"England, United Kingdom",2020-11-29
mufcsp,MUFCSP,In limbo ,2020-11-29
_gloryglory1,GG ğŸ‡¾ğŸ‡ª used to be good...,,2020-11-29
RasBhullar,Rasvinder Bhullar,"Hougang, Singapore",2020-11-29
ronnieClarke69,Ronnie Clarke,"Lambeth, London",2020-11-29
dankuastic,Jassimar Anand,"Mumbai, India",2020-11-29
VicOMatt,AkÃ­nbÃ³lÃ¡jÃ­,"Abuja, Nigeria",2020-11-29
scullypaul,Paul Scully,"Poynton, England",2020-11-29
wallaacem,Wallaace,"Brussels, Belgium",2020-11-29
skipsyash,Skippy Ash âš¡ï¸,bradford,2020-11-29
manutdnewsonly,Man Utd Fans,,2020-11-29
VTUHwang,VTUHwang,"Maryland, USA",2020-11-29
FPL_Steve_,Steve,,2020-11-29
FM_Twittah,Football Memories,Italia,2020-11-29
Millsymufc19,Millsy,,2020-11-29
Justin7451163,Justin Butler,,2020-11-29
MaroModo,VDBSZN,,2020-11-29
gordongodge,Gordon Hourican,,2020-11-29
PetonenganRicky,Ricky Petonengan,Manado,2020-11-29
rt_Premier,#premierleague,North london - coyg,2020-11-29
GolAlerta,Alerta Gol,"Coya, Chile",2020-11-29
rt_Premier,#premierleague,North london - coyg,2020-11-29
rt_Premier,#premierleague,North london - coyg,2020-11-29
DavidkatongoMT,David Katongo Mutale ğŸ‡¿ğŸ‡²,Lusaka,2020-11-29
TemiTaiwoh,â€â€‹Taiwo,Everywhere we are `~Nigeria,2020-11-29
TheBackboardPo1,The Backboard Podcast,,2020-11-29
peter__kay,Peter Kay,"Sydney, Australia",2020-11-29
AliceTalksFooty,Alice Abrahams,"Cambridge, England",2020-11-29
RasyidKamal2,Rasyid Kamal Official ğŸ¤,,2020-11-29
ghostntmachine,GhostintheMachine,"EastEnd, London",2020-11-29
rt_Premier,#premierleague,North london - coyg,2020-11-29
iamshanenolan,Shane Nolan,England,2020-11-29
AlpsLifee,AlpsLifee,"London, uk",2020-11-29
SportyJosh6,Sporty Josh ğŸ‡¨ğŸ‡¦ ğŸ‡µğŸ‡¸ (#ENDSARS),,2020-11-29
harshalgandhi28,The Harshal Gandhi,"Mumbai, India. ",2020-11-29
notfergie,MUFC,,2020-11-29
MaroModo,VDBSZN,,2020-11-29
rt_Premier,#premierleague,North london - coyg,2020-11-29
Juvanic1000,Juvanic1000,Somewhere,2020-11-29
TheBackboardPo1,The Backboard Podcast,,2020-11-29
OleUnfiltered,"Ole ""The Parody Gunnar"" Solskjaer",Manchester,2020-11-29
rt_Premier,#premierleague,North london - coyg,2020-11-29
TheBackboardPo1,The Backboard Podcast,,2020-11-29
rt_Premier,#premierleague,North london - coyg,2020-11-29
rt_Premier,#premierleague,North london - coyg,2020-11-29
benfranklin1983,B-A-F,"London, England",2020-11-29
CGCGCG1907,CAN,,2020-11-29
elnaufr40656075,elnaufrago,,2020-11-29
LukeElton93,Luke Elton,,2020-11-29
rt_Premier,#premierleague,North london - coyg,2020-11-29
NyawirStephen,Nyawir Stephen,,2020-11-29
drFrost_catcher,Dr Love ğŸ‡ºğŸ‡¸ğŸ‡³ğŸ‡¬,lost in space ,2020-11-29
Pelumberg,Oluwapelumi  ğŸ’¯,,2020-11-29
bruce_southside,Bruce Southside,Yorkshire and North Coast,2020-11-29
adamproscoe,Adam Roscoe,Lancs,2020-11-29
kofisuli,Kofi Suli,,2020-11-29
rt_Premier,#premierleague,North london - coyg,2020-11-29
UnitedRedEdin,United Red in Edinburgh,"Edinburgh, Scotland",2020-11-29
rt_Premier,#premierleague,North london - coyg,2020-11-29
CliffNyeusi,Cliff Nyeusi Manchester United ğŸ›‘âš½,Heaven,2020-11-29
Sports_Khabri,Sports Khabri,,2020-11-29
C_lo789,YoungPlatano7,"Greece, NY",2020-11-29
Skijero,Jeroski,,2020-11-29
manutdnewsonly,Man Utd Fans,,2020-11-29
LilTaylor88,Taylor,"South West, England",2020-11-29
rt_Premier,#premierleague,North london - coyg,2020-11-29
a_akshayy,Akshay,"17.4500Â° N, 78.5000Â° E",2020-11-29
rt_Premier,#premierleague,North london - coyg,2020-11-29
SamNRFC,SamğŸ´ó §ó ¢ó ¥ó ®ó §ó ¿âš”ï¸,Nigeria,2020-11-29
loveadewunmi19,Loveadewunmi19,"Lagos, Nigeria",2020-11-29
BahamaMamaTy,â€¢* Ty *â€¢,"Orange County, California ",2020-11-29
TerryH_W6,Terry Harrison,London,2020-11-29
rt_Premier,#premierleague,North london - coyg,2020-11-29
rt_Premier,#premierleague,North london - coyg,2020-11-29
ankushchawhan44,Ankush Chawhan,India,2020-11-29
GiftCards21,Gift Cards Giveaway,united states,2020-11-29
GiftCards21,Gift Cards Giveaway,united states,2020-11-29
chapgw,CHRIS,Nairobi,2020-11-29
navmalik18,Naveed Malik,,2020-11-29
GiftCards21,Gift Cards Giveaway,united states,2020-11-29
rt_Premier,#premierleague,North london - coyg,2020-11-29
rt_Premier,#premierleague,North london - coyg,2020-11-29
TheFullTimePod1,The Full Time Podcast,,2020-11-29
flyingeze,Flying Eze,,2020-11-29
quality_canvas,Quality Canvas Print,,2020-11-29
shukla_akshata,Akshata Shukla,"Delhi, India",2020-11-29
quality_canvas,Quality Canvas Print,,2020-11-29
DahrObed,M_E_D ğŸ”´,Ghana,2020-11-29
Richard_S81,Richard S.,Paris-Geneva-NewYork-Montreal,2020-11-29
NadyaElga,Nadya Elga,,2020-11-29
Dr_Hamza__,Ø¯. Ø­Ù…Ø²Ø©,Ø¨Ø±Ù…Ø§ - Ø¬Ø±Ø´ - Ø§Ù„Ø£Ø±Ø¯Ù†,2020-11-29
Rebecca70852502,Rebecca Bishop,,2020-11-29
MichBailey1505,Michelle Bailey,"Leigh, England",2020-11-29
GiftCards21,Gift Cards Giveaway,united states,2020-11-29
GiftCards21,Gift Cards Giveaway,united states,2020-11-29
PaulCommentator,Paul Szczerbakowicz (Sherbakovich),Perivale native now in Leeds,2020-11-29
now_mufc,MUFC News Now,Old Trafford ,2020-11-29
GiftCards21,Gift Cards Giveaway,united states,2020-11-29
ShowtimeRedsFC,Newton Heath L&YR FC,Ed Woodward's Basement ,2020-11-29
GusM_Rosenberg,Gus M Rosenberg,"Manchester, England",2020-11-29
knnwllc,KW,UK,2020-11-29
TBonkerud,Tor Martin Bonkerud,Norway,2020-11-29
NorthscapePrint,NorthscapePrints,,2020-11-29
GiftCards21,Gift Cards Giveaway,united states,2020-11-29
suemcco11,Sue Grace,"Dublin,Ireland",2020-11-29
suemcco11,Sue Grace,"Dublin,Ireland",2020-11-29
Mandla29244709,Mankind,South Africa,2020-11-29
LisaQuin01,Lisa Quinlan,"Cranleigh, England",2020-11-29
GiftCards21,Gift Cards Giveaway,united states,2020-11-29
StarSpreads_Bet,Star Spreads,"Dublin, Ireland",2020-11-29
CorkRebel69,Jimmy C,CORK CITY ,2020-11-29
ghostntmachine,GhostintheMachine,"EastEnd, London",2020-11-29
_LenaBot_,LenaB0T,,2020-11-29
Utd9jaReporters,Man United 9ja Reporters ğŸ‡³ğŸ‡¬,,2020-11-29
JannatC91780391,Jannat Ch,,2020-11-29
GiftCards21,Gift Cards Giveaway,united states,2020-11-29
AnirudhBot,Developer's Bot,,2020-11-29
notfergie,MUFC,,2020-11-29
JoelBBCAN,Joel Lefevre,"British Columbia, Canada",2020-11-29
AbhishreySR,Abeer Singh,,2020-11-29
Amy121296,Amy ğŸ§šğŸ¼,,2020-11-29
pelzbanks,Pelzbanks,,2020-11-29
ManUnitedCore,Man United Core,,2020-11-29
ManUnitedCore,Man United Core,,2020-11-29
TVDELDEPOR1,Transmisiones del Deporte 1,,2020-11-29
TVDELDEPOR1,Transmisiones del Deporte 1,,2020-11-29
tunjigreen,#EndSWAT,"Lagos, Nigeria",2020-11-29
devvibesbot,WebDevVibes,,2020-11-29
VotingOnFootie,Football Polls,,2020-11-29
1004Ziyan,"Hope ""18 Again"" to ""Search"" My ""Start-Up""",In My Universe,2020-11-29
LawrenceBosire3,Lawrence,,2020-11-29
sectest9,Security Testing,"Hyderabad, India",2020-11-29
CyberSecurityN8,Cyber Security News,,2020-11-29
ManUnitedCore,Man United Core,,2020-11-29
mufcsp,MUFCSP,In limbo ,2020-11-29
LeetcodeB,LeetcodeBot,,2020-11-29
NVSData,Mr Data Scientist,"Melbourne, Victoria",2020-11-29
EbotAyuk,Ebot Ayuk,Zion ,2020-11-29
LawrenceBosire3,Lawrence,,2020-11-29
ManUnitedCore,Man United Core,,2020-11-29
mishunmedia,mishun,,2020-11-29
ariansyah9993,Muhammad Ariansyah,"Kota Tangerang, Banten",2020-11-29
GiftCards21,Gift Cards Giveaway,united states,2020-11-29
ManUnitedCore,Man United Core,,2020-11-29
SeamusMcGeady,Seamus Brandon ( McGeady ),Northern Ireland,2020-11-29
mishunmedia,mishun,,2020-11-29
manutddn,Manchester United DN (daily news),,2020-11-29
ShafrazKamil,Shaphie_y,Sollematen ğŸ¤ª,2020-11-29
MatthewCannon2,Matthew Cannon,United Kingdom,2020-11-29
unitedtony99,Tony Marshall,Manchester,2020-11-29
unitedtony99,Tony Marshall,Manchester,2020-11-29
unitedtony99,Tony Marshall,Manchester,2020-11-29
ManUtdMarist,Manchester United,,2020-11-29
FutPoggers,FUT Poggers,UK,2020-11-29
coyler_,CoylerUTDğŸ”´ğŸ‡¾ğŸ‡ª,,2020-11-29
Dmeister89,Debjit Majumder,,2020-11-29
MahenMaya,Maya ğŸ–¤,London,2020-11-29
Sabyasa57775575,Sabyasachi Chakraborty,,2020-11-29
FBPredictions,FootballPredictions.com ğŸ†,"Wembley, London",2020-11-29
WinningBetsPod,Winning Bets ğŸˆâš¾ğŸ€âš½ğŸ’=ğŸ’°,Chicago,2020-11-29
NeilNWLondon,NeilfromNWLondon,London,2020-11-29
businessnews_3,Business News,"Birmingham, England",2020-11-29
mostvaluablelad,Most Valuable Lad,,2020-11-29
JoelBBCAN,Joel Lefevre,"British Columbia, Canada",2020-11-29
LawrenceBosire3,Lawrence,,2020-11-29
manufacturing_2,Manufacturing News,"Birmingham, England",2020-11-29
apunkanews,Latest News from Mumbai,"Mumbai, India",2020-11-29
notfergie,MUFC,,2020-11-29
aiminternet,AIM Internet,"Birmingham, UK",2020-11-29
ThomasBudweiser,Thomas Budweiser Mackenzie,"Canary Islands, Spain",2020-11-29
QueenethKelechi,Queeneth Anusionwu,Port Harcourt,2020-11-29
Javi_ATMPES,Javi ATM,,2020-11-29
King_Zini,Oluwasegun,Anywhere the money is ,2020-11-29
Mithun_Sanghavi,Mithun Sanghavi,"Pune, India",2020-11-29
andrew_wall,Andrew Wall,"West Midlands, England",2020-11-29
prannu18,Prannesh,India,2020-11-29
Earth_Extreme,Earth Extremities,UK,2020-11-29
maxmathews95,Max Mathews,"Croydon, Greater London",2020-11-29
tanny_habib,TANSEN,,2020-11-29
unitedtony99,Tony Marshall,Manchester,2020-11-29
OsaroIkhinmwin,Osaro Ikhinmwin,Nigeria,2020-11-29
harryguanto,Harryguanto,,2020-11-29
mufcsp,MUFCSP,In limbo ,2020-11-29
jimmymcbride1,Jimmy McBride,St Helens,2020-11-29
SportingIconsUK,Sporting Icons,"North East, England",2020-11-29
1976mufc,â¤ï¸ MUFC â¤ï¸,United Kingdom,2020-11-29
sports_xplore,XploreSports,Pune,2020-11-29
gladwell89,Dan gladwell,Grimsby,2020-11-29
WinningBetsPod,Winning Bets ğŸˆâš¾ğŸ€âš½ğŸ’=ğŸ’°,Chicago,2020-11-29
cybersec_feeds,Cyber Security Feed,Internet,2020-11-29
boycottunited20,The Service,,2020-11-29
mjonesy07,mark jones,Ruthven,2020-11-29
olelegend2009,The Red Devils ğŸ‡¾ğŸ‡ª,,2020-11-29
paulandrew71,paulandrew,glasgow,2020-11-29
VictorSDelta,Vishwesh,India,2020-11-29
GeorgeRawlings4,George Rawlings,,2020-11-29
Kevin40643689,Kevin,"Yapton, England",2020-11-29
ManUtdCorner7,Man Utd Corner,,2020-11-29
Forebet,Forebet,,2020-11-29
amiliche,ich amor,kenya,2020-11-29
revell7,âœŒğŸ»Amy Revell  âœŒğŸ»,"Salisbury, England",2020-11-29
SSXman2,S. S. Xman,"Benin-City, Nigeria",2020-11-29
Forebet,Forebet,,2020-11-29
ManUnitedCore,Man United Core,,2020-11-29
suemcco11,Sue Grace,"Dublin,Ireland",2020-11-29
UTDFitzz,Fitz,United States,2020-11-29
24Feast,Football Feast 24,,2020-11-29
notfergie,MUFC,,2020-11-29
matthijs_pog,matthijs_pog,,2020-11-29
ManUnitedCore,Man United Core,,2020-11-29
ManUtdCorner7,Man Utd Corner,,2020-11-29
manutdnewsonly,Man Utd Fans,,2020-11-29
cardsharps_,Card Sharps,,2020-11-29
simonsim,simon james,ABERSOCH ENGLAND,2020-11-29
PSG24hours,PSG en Direct ğŸŒ,Parc des Princes,2020-11-29
ovostreams,Nba Streams,,2020-11-29
TheProdigalSean,Sean Miller,Philly/NJ/MCR/Copenhagen,2020-11-29
BoopStats,Bob Vetrone Jr.,"Cherry Hill, NJ",2020-11-29
bettorsinsider,Bettors Insider,"Philadelphia, PA",2020-11-29
naimkudo,dead in absentia,,2020-11-29
ihasnaga,Hasnain Aga,"Bangalore, India ",2020-11-29
ID_Rachana,Rachana Sharma,"Bengaluru, India",2020-11-29
Zainulfakri,Squidward tortellini,"Semarang, Jawa Tengah",2020-11-29
RadioKhendoFM,Khendo FM 107.9,"Bungoma, Kenya",2020-11-29
lucygavey,Lucy Garvey,"Nairobi, Kenya",2020-11-29
HottestStockNow,Hottest Stocks Now,"Las Vegas, NV",2020-11-29
chaseyoursport,Sports Social,"Gurgaon, India",2020-11-29
manutdnewsonly,Man Utd Fans,,2020-11-29
agusyko,á´°á´µá´µá´µ,MÎ”RS,2020-11-29
heruanggaSS,Heru Angga,INDONESIA,2020-11-29
CFOPUBREL,CHARLES IGBINIDU,Nigeria,2020-11-29
maxmathews95,Max Mathews,"Croydon, Greater London",2020-11-29
_liberal_vibes,Ash,"New York, USA",2020-11-29
rogwalker,Roger Armand Walker,"Lichfield, England",2020-11-29
mufcsp,MUFCSP,In limbo ,2020-11-29
BillyNomates0,BillyNomates0,"Wales, UK",2020-11-29
Bedi_Vert,Sagramor le DesrÃ©e,,2020-11-29
Addyaz21,Adam Azhari,England,2020-11-29
coinlovers2,coin lovers,london,2020-11-29
Godspeedyou87,Paliochaâšª,"Paris, France",2020-11-29
TobiasPolo7,Tobias Polito,,2020-11-29
TheDevilsDen_92,ğŸ‘¹ The Devil's Den ğŸ‘¹,,2020-11-29
FootballFifaFan,Fifa Fan,United Kingdom,2020-11-29
coinlovers2,coin lovers,london,2020-11-29
TheDevilsDen_92,ğŸ‘¹ The Devil's Den ğŸ‘¹,,2020-11-29
AliceTalksFooty,Alice Abrahams,"Cambridge, England",2020-11-29
BillyNomates0,BillyNomates0,"Wales, UK",2020-11-29
TinauAbdallah,AMMAK.303,,2020-11-29
almadhielo,almadhieloPS,Argentina Patagonia ,2020-11-29
Secnewsbytes,Ian Cook,"South East, England",2020-11-29
Manutdcsk,LakshyağŸ‡®ğŸ‡³ğŸ”° #manchesterunited,In your heart â¤ï¸ ,2020-11-29
matchdaymemory,Matchday Memory #LookingBack,Wylye Valley,2020-11-29
manutdnewsonly,Man Utd Fans,,2020-11-29
SportsMarvel1,"Sports Marvel- English Premier League , Dream 11",India,2020-11-29
CybazeSocial,CybazeSocial,Italy,2020-11-29
manutdindodesig,Manutdindosesign,,2020-11-29
okechukwundubui,okechukwu ndubuisi,,2020-11-29
manutdnewsonly,Man Utd Fans,,2020-11-29
ITEmpathy,IT Empathy,United Kingdom,2020-11-29
FernAmigon,Fernando Amigon,"New Jersey, USA",2020-11-29
cybersec_feeds,Cyber Security Feed,Internet,2020-11-29
BlueSeats35,Art DeGaetano,New Jersey,2020-11-29
NEILSHOTDEALS,NEILSHOTDEALS,Islip New York,2020-11-29
ManUtdFanKe,manchester united  fansğŸ‡°ğŸ‡ª,"Nairobi, Kenya",2020-11-29
ManUtdFanKe,manchester united  fansğŸ‡°ğŸ‡ª,"Nairobi, Kenya",2020-11-29
leulUTD,Leul,somewhere Good,2020-11-29
unitedtony99,Tony Marshall,Manchester,2020-11-29
unitedtony99,Tony Marshall,Manchester,2020-11-29
gifts_football,Football Gifts Direct,"Birmingham, England",2020-11-29
sporttribe23___,Sporttribe23,,2020-11-29
kaiso_ol,Romy â™¡ Kå¼€I,,2020-11-29
Ft_Manor,ğŸ¥¤Â®ï¸,,2020-11-29
orujul,Orujul Hassan Syed,,2020-11-29
_JamesLinnane,James Linnane â˜ï¸,"London, England",2020-11-29
AL_ben48,ALben darmansyah,Karawang Rock City \m/,2020-11-29
bima_kuku,BimaBaruna,Stretford End,2020-11-29
sdnsuay,UTD_SA,Nepal,2020-11-29
juliendanaux,Danaux,,2020-11-29
muktitrio_,Kgs. Mukti Trio Putra (è¬¬æ),,2020-11-29
VikSharma1990,Vik,,2020-11-29
MufcSongs,MUFC Songs & Chantsâ„¢,"Manchester, England",2020-11-29
Manutdcsk,LakshyağŸ‡®ğŸ‡³ğŸ”° #manchesterunited,In your heart â¤ï¸ ,2020-11-29
securesource1,Secure Source Ltd,UK,2020-11-29
Red_Devils_Show,Red Devils United,,2020-11-29
lynngoheels,Lynn Norris,"Sullivan, IN",2020-11-29
Redballoonfims,RedBalloonFims,"Kildare, Ireland",2020-11-29
Redballoonfims,RedBalloonFims,"Kildare, Ireland",2020-11-29
GilaMon86427227,RedDevilDragonlager,,2020-11-29
SinchSe7en,Sinchan Sarkar,"Bengaluru, India",2020-11-29
worldnewsdotcom,World News Network,,2020-11-29
the_spiritvines,THE SPIRIT VINES,manchester,2020-11-29
shukla_akshata,Akshata Shukla,"Delhi, India",2020-11-29
ghostntmachine,GhostintheMachine,"EastEnd, London",2020-11-29
TransferInf0,Transfer Info,,2020-11-29
joelane45,Joseph Lane, Instagram: josephlane45,2020-11-29
ManuImani,Manu,"Miami,Kingston,London",2020-11-29
Speciaaaal_kay,special,,2020-11-29
ZedShowgirl,Michelle Peeples,"Rockaway Beach, New York",2020-11-29
iam_hezeakel,Mr. K.O,"Lagos, Nigeria",2020-11-29
avdrst,Arnaud Vanderroost,"Brussels, Belgique ğŸ‡§ğŸ‡ªğŸ‡ªğŸ‡º",2020-11-29
anino__,Anino-Oritse Ejeye,Nigeria,2020-11-29
Pierce2580,Pierce Johnson,,2020-11-29
MPT_Enzo,Michael Toal,"Nottingham, UK",2020-11-29
Oniletvng,Oniletvng,,2020-11-29
manutdnewsonly,Man Utd Fans,,2020-11-29
Uncle_braun,pictures Lie âš ,,2020-11-29
AbbasHaidar_,Abbas Haidar,"Essex, United Kingdom",2020-11-29
ManagerChurch,Church,Somewhere in your mind,2020-11-29
Oniletvng,Oniletvng,,2020-11-29
IanBroughall,IanBroughall,Cambridge UK,2020-11-29
PaulThistleton,Paul,Republik of Mancunia ,2020-11-29
thegaffer1969,JohnnyredğŸ‡¾ğŸ‡ª,"Wexford, Ireland",2020-11-29
AbhishreySR,Abeer Singh,,2020-11-29
Tecno_MAS__,ğ—§ğ—²ğ—°ğ—»ğ—¼ğ— ğ—”ğ—¦ | #ğ—¤ğ˜‚ğ—²ğ—±ğ—®ğ˜ğ—²ğ—˜ğ—»ğ—–ğ—®ğ˜€ğ—®,,2020-11-29
Tecno_MAS_,ğ—§ğ—²ğ—°ğ—»ğ—¼ğ— ğ—”ğ—¦ | #ğ—¤ğ˜‚ğ—²ğ—±ğ—®ğ˜ğ—²ğ—˜ğ—»ğ—–ğ—®ğ˜€ğ—®,,2020-11-29
45MinStore,45Minutes Store,"Kariakoo, Dar es salaam ",2020-11-29
tickin_clocks,tHe environMANtalist,"Port Harcourt,Nigeria",2020-11-29
OnlyUtd,ğŸ‡¬ğŸ‡§ğŸ´ó §ó ¢ó ¥ó ®ó §ó ¿,"England, United Kingdom",2020-11-29
asianconnect,asianconnect,Europe | Asia,2020-11-29
NatSportUAE,The National Sport,"Abu Dhabi, UAE",2020-11-29
RedNatDee,RedNatğŸ”´,United Kingdom,2020-11-29
SupporterStreet,SupporterStreet,"England, United Kingdom",2020-11-29
natam2011,Adam Allcock,,2020-11-29
abuja_house,DEALS FOR ALL ABUJA,"Abuja, Nigeria",2020-11-29
Official_PDS,Perempuan Dalam Sepakbola,,2020-11-29
Jerseyforum,Jersey Forumotion,,2020-11-29
hettinga,rah,"Seafeathers Bay, Anguilla, BWI",2020-11-29
TecnoMAS__,ğ—§ğ—²ğ—°ğ—»ğ—¼ğ— ğ—”ğ—¦ | #ğ—¤ğ˜‚ğ—²ğ—±ğ—®ğ˜ğ—²ğ—˜ğ—»ğ—–ğ—®ğ˜€ğ—®,,2020-11-29
ManUtdCorner7,Man Utd Corner,,2020-11-29
Chrysan51142054,Chrysanthemum,,2020-11-29
ManUtdCorner7,Man Utd Corner,,2020-11-29
ManUtdCorner7,Man Utd Corner,,2020-11-29
informers1,Beware of Maya ğŸ‡®ğŸ‡ª,Inner Space ,2020-11-29
astonkilloran,Aston Killoran,,2020-11-29
TheGoalmarkt,The Goalmarkt,Jakarta Capital Region,2020-11-29
ManUtdCorner7,Man Utd Corner,,2020-11-29
physorg_tech,Phys.org Technology,,2020-11-29
TechXplore_com,TechXplore,US,2020-11-29
FL_liv3,Fantasy League Live,,2020-11-29
Ostraca_EU,Ostracism,,2020-11-29
SamirWahidLDM,Samir Wahid,,2020-11-29
ManUtdCorner7,Man Utd Corner,,2020-11-29
unitedtony99,Tony Marshall,Manchester,2020-11-29
unitedtony99,Tony Marshall,Manchester,2020-11-29
unitedtony99,Tony Marshall,Manchester,2020-11-29
unitedtony99,Tony Marshall,Manchester,2020-11-29
A9Mac,Aaron Mclean,,2020-11-29
manutdnewsonly,Man Utd Fans,,2020-11-29
WGD85,LFC77,,2020-11-29
Mr_Ed10,Eduardo Mr.Ed Perez,"South Plainfield, New Jersey",2020-11-29
maniashwin95,Ashwin,,2020-11-29
manutdnewsonly,Man Utd Fans,,2020-11-29
MWoolfNY,Martin Woolf,New York City,2020-11-29
MIHIRDESAI89,MIHIR DESAI,,2020-11-29
J4X0NE1,J4X0NE,,2020-11-29
tatenda_sibanda,Michael Sibanda,South Africa,2020-11-29
LiamSaysAloha,AlohaâœŒğŸ»FromğŸ––ğŸ» LiamğŸ¤ŸğŸ»,"Oxford, England",2020-11-29
Its_Dumvinci,Dumebi Kogolo,I Thor ğŸ”¨,2020-11-29
BritishHeraldUK,British Herald,"London, United Kingdom",2020-11-29
minamalekpour,Miniature Malekpour,,2020-11-29
manutdnewsonly,Man Utd Fans,,2020-11-29
matchdaymemory,Matchday Memory #LookingBack,Wylye Valley,2020-11-29
TheRedsMarchOn,As The Reds Go Marching On...,The Theatre Of Dreams ,2020-11-29
FBrehz,FootballBrehz,,2020-11-29
tejuthemenace,tejuğŸ‘,Lazy town,2020-11-29
CietaWhite,Cieta White #WeNeedaBetter9ja,"Lagos, Nigeria",2020-11-29
AO_Sports,AhramOnlineSports,"Cairo, Egypt",2020-11-29
luke_ATR,Luke,"Penarth, Wales",2020-11-29
ATouchlineRant,A Touchline Rant,"Penarth, Wales",2020-11-29
EMahmoudSoliman,Eng. Mahmoud Soliman,Mansoura - Egypt,2020-11-29
NowgoalScore,Nowgoal Livescore,,2020-11-29
T4ylor93,Taylor,,2020-11-29
Bridgeyjb70,My left foot,,2020-11-29
manutddn,Manchester United DN (daily news),,2020-11-29
jpavlovic801,JIMMY PAVLOVIC,Australia,2020-11-29
UtdreportU,machester united fans - Uganda,"Kampala, Uganda",2020-11-29
harbiodunTemi,Ojogiggs,"Oyo, Nigeria",2020-11-29
Sports_Khabri,Sports Khabri,,2020-11-29
HospitalityTek,Ken Torres,"Las Vegas, NV",2020-11-29
aremu4_,ProudOfNengiâš”ï¸âš”ï¸âš”ï¸,"Lagos, Nigeria",2020-11-29
baggiesbible,Baggiesbible,,2020-11-29
Patrator01,Agbemuko Akindele,,2020-11-29
Patrator01,Agbemuko Akindele,,2020-11-29
Varun8Vijay,Varun Vijay,Bangalore,2020-11-29
Anodyneee,ğŸ‡³ğŸ‡¬ğŸ’”ğŸ‡³ğŸ‡¬,,2020-11-29
Despicable_Me_7,Kenneth Ng,"Petaling Jaya, Malaysia",2020-11-29
harbiodunTemi,Ojogiggs,"Oyo, Nigeria",2020-11-29
ManUtdFanKe,manchester united  fansğŸ‡°ğŸ‡ª,"Nairobi, Kenya",2020-11-29
hitsmcrnews,Hits Manchester News,Manchester,2020-11-29
GulfOilEurope,Gulf Oil Europe,,2020-11-29
GulfOilIntl,Gulf Oil International,"London, England",2020-11-29
ke_drive,Hennessy_ke,"Nairobi, Kenya.",2020-11-29
ProfNdlebe,Balunga Bandile Prof NdlebeğŸ¤—â¤âš½ï¸,"Port Elizabeth, South Africa",2020-11-29
footballmemorys,Football Memories,Football pics from the past,2020-11-29
AO_Sports,AhramOnlineSports,"Cairo, Egypt",2020-11-29
AmStron51095429,#Real BoypikinğŸ‡³ğŸ‡¬ğŸ‡¬ğŸ‡­ğŸ‡¨ğŸ‡²ğŸ‡¸ğŸ‡±ğŸ‡¯ğŸ‡²ğŸ‡¬ğŸ‡³ğŸ‡²ğŸ‡¿âœŠğŸ¤ğŸ’ª,Africa Loveâ¤ï¸,2020-11-29
Temmybayaani,TemmyâœŠğŸ¾,,2020-11-29
CrossAutos,Ocean Cross Autos,Valley Arcade - Gitanga Road.,2020-11-29
goalooin_live,GoalooIN,India,2020-11-29
woozzaabets,Woozzaabets,Nigeria,2020-11-29
EFootballRumors,EuroFootballRumours,,2020-11-29
manutdnewsonly,Man Utd Fans,,2020-11-29
PlanetRockNews,Planet Rock News,UK,2020-11-29
hitsradionews,Hits Radio UK News,,2020-11-29
GHRnewsUK,Greatest Hits Radio News,United Kingdom,2020-11-29
Opoyis,Opoyi,,2020-11-29
Ufuoma80972641,Ufuoma ğŸ’–,,2020-11-29
asmehdi,Syed Muhmmad Ali,,2020-11-29
andrew_wall,Andrew Wall,"West Midlands, England",2020-11-29
1xbet_Eng,1xBet,,2020-11-29
bennymufc,Benjamin Brazil,Manchester,2020-11-29
sectest9,Security Testing,"Hyderabad, India",2020-11-29
CyberSecurityN8,Cyber Security News,,2020-11-29
WuzupNigeria,WuzupNigeria,Lagos - Nigeria,2020-11-29
OtaborDesmond,Otabor Desmond,,2020-11-29
manutdnewsonly,Man Utd Fans,,2020-11-29
gdprAI,Data Governance Framework,"England, United Kingdom",2020-11-29
ridexin19,â„ğ•šğ••ğ•¨ğ•’ğ•Ÿ ğ”¹ğ• ğ•ğ•’ğ••ğ•’ğ•ğ•– ğ”¸ğ••ğ•–ğ•Ÿğ•–ğ•œğ•’ğ•Ÿ|Ø±Ø¶ÙˆÙ†,Somewhere in the world,2020-11-29
vivian_cbk,viv.,,2020-11-29
sonitjain,Sonit Jain,,2020-11-29
Walter1turner,T.T.G,"kisumu,kenya",2020-11-29
Rufai_ng,Rufai,"Lagos, Nigeria",2020-11-29
benjaminmogbolu,benjamin mogboluğŸ‡³ğŸ‡¬,,2020-11-29
jerseysneil,#lelangsneil,"Jakarta Selatan, DKI Jakarta",2020-11-29
jerseysneil,#lelangsneil,"Jakarta Selatan, DKI Jakarta",2020-11-29
jerseysneil,#lelangsneil,"Jakarta Selatan, DKI Jakarta",2020-11-29
goaloong,Goaloong.net,,2020-11-29
twelfthman_ofcl,Twelfth Man Official,India,2020-11-29
babygirlkasie,kasie babyğŸ˜,,2020-11-29
queenavrile,AngelinağŸ¥‚,Under your bed,2020-11-29
ConcourseNews,Concourse News,"London, England",2020-11-29
leemufc83,lee calvert,,2020-11-29
PSG24hours,PSG en Direct ğŸŒ,Parc des Princes,2020-11-29
mykhelcom,myKhel.com,Bengaluru,2020-11-29
hitsmcrnews,Hits Manchester News,Manchester,2020-11-29
ManUtdFanKe,manchester united  fansğŸ‡°ğŸ‡ª,"Nairobi, Kenya",2020-11-29
ManUtdFanKe,manchester united  fansğŸ‡°ğŸ‡ª,"Nairobi, Kenya",2020-11-29
unitedtony99,Tony Marshall,Manchester,2020-11-29
Budiii25,Budi,"Jawa Timur, Indonesia",2020-11-29
RealGoalooNG,GOALOONG.NET,Nigeria,2020-11-29
theyAreFAR,ğŸ…ºğŸ…°ğŸ…½ğŸ…´ğŸ†‚ğŸ…·ğŸ…¸ğŸ…´ University ã³ã’ç§»,,2020-11-29
JayeolaJeremiah,Canadian Aspirant ğŸ‡¨ğŸ‡¦,Wherever you want me to ,2020-11-29
IndiaTodayFLASH,IndiaTodayFLASH,,2020-11-29
dj_mirth1,DJmirth,"Lagos, Nigeria",2020-11-29
IndiaToday,IndiaToday,India,2020-11-29
Jeremiiyah,Jeremiiyah,,2020-11-29
ITGDsports,India Today Sports,"Noida, India",2020-11-29
ridexin19,â„ğ•šğ••ğ•¨ğ•’ğ•Ÿ ğ”¹ğ• ğ•ğ•’ğ••ğ•’ğ•ğ•– ğ”¸ğ••ğ•–ğ•Ÿğ•–ğ•œğ•’ğ•Ÿ|Ø±Ø¶ÙˆÙ†,Somewhere in the world,2020-11-29
IHolartunbosun,$TUNBOSUN ENDPOLICEBRUTALITYğŸ‡³ğŸ‡¬ğŸ‡³ğŸ‡¬ğŸ‡³ğŸ‡¬,,2020-11-29
GimbiyanKaduna,Thuggishnerd's babyâ¤,,2020-11-29
IndiaTodayFLASH,IndiaTodayFLASH,,2020-11-29
IndiaToday,IndiaToday,India,2020-11-29
nelsonnate99,Nelson Nathan,Tanzania,2020-11-29
TransAxionalyst,Transactionalyst,"Washington, DC",2020-11-29
Zarafett1,Zarafett,"Lagos, Nigeria",2020-11-29
Brownsugar_nini,Billion$BabyğŸ’°ğŸ’“,Nigeria,2020-11-29
StephenHollie77,STEPHEN,"Nottingham, Manchester ",2020-11-29
Outlookindia,Outlook Magazine,"New Delhi, India",2020-11-29
janthouan11,Jonathan Nathan,Kuala Lumpur,2020-11-29
Manutdcsk,LakshyağŸ‡®ğŸ‡³ğŸ”° #manchesterunited,In your heart â¤ï¸ ,2020-11-29
Manutdcsk,LakshyağŸ‡®ğŸ‡³ğŸ”° #manchesterunited,In your heart â¤ï¸ ,2020-11-29
livesportcentr1,livesportcentre,delhi,2020-11-29
AbhishreySR,Abeer Singh,,2020-11-29
livesportcentr1,livesportcentre,delhi,2020-11-29
crossing_jersey,IG : @adipati_store,@verified_seller #909,2020-11-29
manutdnewsonly,Man Utd Fans,,2020-11-29
crossing_jersey,IG : @adipati_store,@verified_seller #909,2020-11-29
crossing_jersey,IG : @adipati_store,@verified_seller #909,2020-11-29
Sports_NDTV,NDTV Sports,"New Delhi, India",2020-11-29
FatTechnical,Fat Technical Company,Abuja ,2020-11-29
ET_CISO,ETCISO,India,2020-11-29
ManUnitedCore,Man United Core,,2020-11-29
ManUnitedCore,Man United Core,,2020-11-29
Jerseyforum,Jersey Forumotion,,2020-11-29
Jerseyforum,Jersey Forumotion,,2020-11-29
Jerseyforum,Jersey Forumotion,,2020-11-29
jersey_ciamikk,Follow IG : @soccerjerseyciamikk,"Malang, Jawa Timur",2020-11-29
jersey_ciamikk,Follow IG : @soccerjerseyciamikk,"Malang, Jawa Timur",2020-11-29
jersey_ciamikk,Follow IG : @soccerjerseyciamikk,"Malang, Jawa Timur",2020-11-29
Shelvey_001,Ibrahim sheriffdeen,"Osun state, Nigeria",2020-11-29
SecdevB,SecDev-Bot,,2020-11-29
Outlookindia,Outlook Magazine,"New Delhi, India",2020-11-29
cybersec_feeds,Cyber Security Feed,Internet,2020-11-29
yosefkristiano,Yosef Kristiano,"Bandung, Indonesia",2020-11-29
yosefkristiano,Yosef Kristiano,"Bandung, Indonesia",2020-11-29
yosefkristiano,Yosef Kristiano,"Bandung, Indonesia",2020-11-29
cybersec_feeds,Cyber Security Feed,Internet,2020-11-29
ChloeOuten,ChloeOuten,Edinburgh,2020-11-29
_Thirunarayan1,ThiruNarayan - à¤¨à¤¾à¤°à¤¾à¤¯à¤£ ğŸ’¯â—€ï¸ğŸ“²ğŸ”™ğŸ†“,à¤œà¤®à¥à¤¬à¥‚à¤¦à¥à¤µà¥€à¤ªà¥‡ - à¤…à¤–à¤‚à¤¡ à¤­à¤¾à¤°à¤¤à¤µà¤°à¥à¤· ,2020-11-29
ManUtdFanKe,manchester united  fansğŸ‡°ğŸ‡ª,"Nairobi, Kenya",2020-11-29
timesofindia,The Times Of India,New Delhi,2020-11-29
fmtoday,Free Malaysia Today,Malaysia,2020-11-29
toisports,TOI Sports,"New Delhi, India",2020-11-29
mykhelcom,myKhel.com,Bengaluru,2020-11-29
Nova88official,Nova88,,2020-11-29
fcknSemloh1,Chris Holmes,Ravenswood ,2020-11-29
cywarchronicle,cyberwarchronicle,Europe,2020-11-29
SportNewsFan,Sport News Fanatic,,2020-11-29
shanksyanksjurg,@shanksyanksjurg,Kuala Lumpur,2020-11-29
TheKitmanUK,TheKitman.co.uk,"Bristol, England",2020-11-29
VGDakessian,Vatche Dakessian,Jordan,2020-11-29
manutdnewsonly,Man Utd Fans,,2020-11-29
ghostdansing,Ghost Dansing,cyberspace,2020-11-29
Lovescience15,Lovescience,,2020-11-29
1st_infantry,Bob Jackson,"Oklahoma, USA",2020-11-29
manutdnewsonly,Man Utd Fans,,2020-11-29
manutdnewsonly,Man Utd Fans,,2020-11-29
ManUtdFanKe,manchester united  fansğŸ‡°ğŸ‡ª,"Nairobi, Kenya",2020-11-29
ManUtdFanKe,manchester united  fansğŸ‡°ğŸ‡ª,"Nairobi, Kenya",2020-11-29
ManUtdFanKe,manchester united  fansğŸ‡°ğŸ‡ª,"Nairobi, Kenya",2020-11-29
unitedtony99,Tony Marshall,Manchester,2020-11-29
unitedtony99,Tony Marshall,Manchester,2020-11-29
unitedtony99,Tony Marshall,Manchester,2020-11-29
bloomProduct,Sam Howell,"Manchester, England",2020-11-29
manutdnewsonly,Man Utd Fans,,2020-11-29
manutdcaribbean,ManUtdSC,Trinidad and Tobago,2020-11-29
ManUtdFanKe,manchester united  fansğŸ‡°ğŸ‡ª,"Nairobi, Kenya",2020-11-29
wsportsweekly,World Sports Weekly,"Carlow, Ireland",2020-11-29
ManUtdCorner7,Man Utd Corner,,2020-11-29
unitedtony99,Tony Marshall,Manchester,2020-11-29
unitedtony99,Tony Marshall,Manchester,2020-11-29
unitedtony99,Tony Marshall,Manchester,2020-11-29
unitedtony99,Tony Marshall,Manchester,2020-11-29
A9Mac,Aaron Mclean,,2020-11-29
manutdnewsonly,Man Utd Fans,,2020-11-29
WGD85,LFC77,,2020-11-29
Mr_Ed10,Eduardo Mr.Ed Perez,"South Plainfield, New Jersey",2020-11-29
maniashwin95,Ashwin,,2020-11-29
Jose95276940,Jose,Oruro,2020-11-29
officialkhris1,Swag,,2020-11-29
Sports_NDTV,NDTV Sports,"New Delhi, India",2020-11-29
betcornernews,betcornernews,Î•Î»Î»Î¬Ï‚,2020-11-29
CheriaNadin,NadinCheria,"ĞœĞ¾ÑĞºĞ²Ğ°, Ğ Ğ¾ÑÑĞ¸Ñ",2020-11-29
chrisalucard,Christos Harpidis,"Î’Î¿ÏÎ»Î±, Î•Î»Î»Î¬Ï‚",2020-11-29
firstpost,Firstpost,"Mumbai, India",2020-11-29
FirstpostSports,Firstpost Sports,India,2020-11-29
AO_Sports,AhramOnlineSports,"Cairo, Egypt",2020-11-29
pepefut74,Olympique des Meilleurs,haute savoie,2020-11-29
fotbul24,Fotbul24,"London, UK",2020-11-29
Maraazcom,Maraaz.Com,Global,2020-11-29
FootyFinds1,Footy Finds,On a Pitch,2020-11-29
JAtkinson0911,Jamie Atkinson,"England, United Kingdom",2020-11-29
wutyatalkinabt,Shafqat Mahmood Stan Acc ğŸ˜”ğŸ‘ğŸ¼,"Lahore, Pakistan",2020-11-29
OnMadridista,OnMadridista,,2020-11-29
manutdnewsonly,Man Utd Fans,,2020-11-29
MWoolfNY,Martin Woolf,New York City,2020-11-29
MIHIRDESAI89,MIHIR DESAI,,2020-11-29
J4X0NE1,J4X0NE,,2020-11-29