Sully_UTC,Craig O' Sullivan,"Bolton, England",2020-11-12
Sully_UTC,Craig O' Sullivan,"Bolton, England",2020-11-12
BelloAjibola_09,Bello Ajibola,Lagos,2020-11-12
OluwaseyiAdeko3,SHINRA âœ,"Abuja, Nigeria",2020-11-12
RJ_Goodthings,RJ,,2020-11-12
NEILSHOTDEALS,NEILSHOTDEALS,Islip New York,2020-11-12
NEILSHOTDEALS,NEILSHOTDEALS,Islip New York,2020-11-12
AlissaSarron,ğŸ’™,,2020-11-12
Hamza16431091,Hamza,,2020-11-12
MElkhoussi,Meroin BVB ğŸ’›ğŸ’›ğŸ’›ğŸ’›,Ø§Ù„Ù…Ù…Ù„ÙƒØ© Ø§Ù„Ù…ØºØ±Ø¨ÙŠØ©,2020-11-12
donziyech,Ù‹,the land of eden hazard,2020-11-12
mr_moustache18,Fahd 1ï¸âƒ£8ï¸âƒ£ğŸ‡§ğŸ‡ªğŸ‡²ğŸ‡¦ 3ï¸âƒ£4ï¸âƒ£ğŸ†,"Forest, Belgique",2020-11-12
AbdellahAarab_,Abdellah Aarab,Morocco,2020-11-12
RealUSMNT,USMNT,,2020-11-12
Yassine_ProsMar,Saaid Med Yassine,Rabat,2020-11-12
Ziyeech22,ğŸ§™â€â™‚ï¸,"Amsterdam, Nederland",2020-11-12
rodry_goat,HALA MADRID ğŸ‡§ğŸ‡ªğŸ‡²ğŸ‡¦,Belgique,2020-11-12
MVN_EN,MVN_EN (ğŸ‡¬ğŸ‡§ğŸ‡²ğŸ‡¦),"Rotterdam, Nederland",2020-11-12
FrontRowSoccer,Front Row Soccer,,2020-11-12
ProsMarocains,Almarssadpro.com,MeknÃ¨s - Maroc,2020-11-12
MKevmore,Infamous Villain.,"5.1417054,7.3321642,12",2020-11-12
Slyelaigwu1,Slyelaigwu,,2020-11-12
Real_DMacheda,Darlington Machedaâ„¢,Mind Your Business,2020-11-12
sanshui596,sandra smith,Shan Shui,2020-11-12
gurama_a,Dauda A Gurama,,2020-11-12
FootyKeyrings,SD,,2020-11-12
theAsianBlue,The Asian Blue ğŸ’™,Opinions Are My Own,2020-11-12
theAsianBlue,The Asian Blue ğŸ’™,Opinions Are My Own,2020-11-12
bence_bednar,Bence BednÃ¡r,MagyarorszÃ¡g,2020-11-12
CFCFanVI,"Ramona, CFC Fan VI ğŸ’™",Beautiful British Columbia,2020-11-12
jigavybes,rhetorical,"Lagos, Nigeria",2020-11-12
ChelseaChadder,Chad,"MHL, Gate 9",2020-11-12
FFootballShirts,FFSFootballShirts,"Birmingham, England",2020-11-12
FFootballShirts,FFSFootballShirts,"Birmingham, England",2020-11-12
malumpfy,toby gilham,"London, England",2020-11-12
heathertanchuck,Heather Tanchuck,West Los Angeles,2020-11-12
Smyleen69,Nuru Deen,,2020-11-12
Chegzy_Jay,FCğŸ¶â¤ï¸,"Ogun, Nigeria",2020-11-12
gurama_a,Dauda A Gurama,,2020-11-12
ryanleegregory,Ryan Lee Gregory,,2020-11-12
imploremeboss,Blueforever,"Sainte-Suzanne, La RÃ©union",2020-11-12
droplets14,augustineğŸ’§,,2020-11-12
malumpfy,toby gilham,"London, England",2020-11-12
OllieGlanvill,Ollie Glanvill,London,2020-11-12
ChelseaPuzzles,ChelseaPuzzles,SW6 1HS,2020-11-12
Chelseadave2,dave,london,2020-11-12
TerryNartey1,Bra_Terrie,"Accra, Ghana",2020-11-12
FootyKeyrings,SD,,2020-11-12
harunabakojr,H A R U N A II,Nigeria,2020-11-12
deedeeporige,Holly Wood CFC,England London,2020-11-12
RomeoAfrane1_,Romeo Afrane Romanoâ„¢ğŸ‡¬ğŸ‡­ğŸŒ,Kumasi Ghana,2020-11-12
ngsportstv,NGsports,Lagos,2020-11-12
ChelseaPuzzles,ChelseaPuzzles,SW6 1HS,2020-11-12
tmj_bos_writing,Boston Writing Jobs,"Boston, MA",2020-11-12
CFCChronicle,Chelsea Chronicle,"London, England",2020-11-12
princeIbk1,Big BÂ©Â§Â§ Ë¢áµ€ğŸ”± ğŸ”±,Brekete Kingdom ğŸ”±,2020-11-12
FAWSLFT,FAWSL Full-Time,"Darlington, England",2020-11-12
LoganJnr3,CEO_Logan jnr,,2020-11-12
OrozcoOfficial,Juan,At a Place Called Vertigo,2020-11-12
CfccarefreeIG,Chelsea Carefree,,2020-11-12
PalmerJude,Jude Palmer,,2020-11-12
ChelseaChadder,Chad,"MHL, Gate 9",2020-11-12
FootyKeyrings,SD,,2020-11-12
_kofiboakye,KB,"Accra, Ghana",2020-11-12
__ablizzy,ğ“†‰,"Massachusetts, USA",2020-11-12
REP_Andres_,Andres,"Houston, TX",2020-11-12
shay_ovoos,Shay_ovoos,,2020-11-12
MadDaniels1,Mad Moody,"Bern, Switzerland",2020-11-12
salifu_halifa,Salifu Halifa,"Greater Accra, Ghana",2020-11-12
shaneneils1,Mr. SkengğŸâš¡,,2020-11-12
Kingfamousgh,FAMOUS GHğŸ‘¾,UEW -Kasoa boy,2020-11-12
jacobeshun2,jacobeshun,western region.Bogoso,2020-11-12
FootyKeyrings,SD,,2020-11-12
AnthonyC_Eri,Anthony EriğŸ‡¨ğŸ‡¦,Canada,2020-11-12
deejayrancho,ALUTA RANCHO ğŸ”¥ğŸ…ğŸ‡³ğŸ‡¬,,2020-11-12
tossin_O,Kaniel Outis,Nigeria,2020-11-12
theAsianBlue,The Asian Blue ğŸ’™,Opinions Are My Own,2020-11-12
HaydenKing02,Hayden King,,2020-11-12
matTemitope,Adekola Temitope mat,,2020-11-12
bI8des,blades,England,2020-11-12
Chelseaquiin,#EndSARS,In Christ ,2020-11-12
OllieGlanvill,Ollie Glanvill,London,2020-11-12
TheChelseaSpot,The Chelsea Spot,Stamford Bridge,2020-11-12
OllieGlanvill,Ollie Glanvill,London,2020-11-12
LondonsFinestS2,London's Finest Show Feed,,2020-11-12
austin4sports,austin4sports,London,2020-11-12
KitWEARHouse,KitWEARhouse,,2020-11-12
BigAppleSoccer,Big Apple Soccer,"ÃœT: 40.839589,-73.122026",2020-11-12
iamtobiade,Akinola,Peegyn,2020-11-12
Habiola17750376,Habiola,Nigeria,2020-11-12
FootyKeyrings,SD,,2020-11-12
ManlikeDesire,Desire Ademiluyi,"Ilorin, Nigeria",2020-11-12
Oshiocee,Jay,,2020-11-12
DB_Fine_Art,Dean Borghi Fine Art,"529 West 20th Street, 6th Floor, New York, NY 10011",2020-11-12
Habiola17750376,Habiola,Nigeria,2020-11-12
iprecious59,Zuco âš“ï¸,"Owerri, Nigeria",2020-11-12
Geo_marx1,George_o,"South East,Nigeria",2020-11-12
CFCChronicle,Chelsea Chronicle,"London, England",2020-11-12
Anas_danmallik,Costtrouble,NG,2020-11-12
yoruba_boy10,king_Prime,IBADAN ,2020-11-12
Soccerwriter,Michael Lewis,@soccerwriter,2020-11-12
vw78bay,Rob Williams,,2020-11-12
FootyKeyrings,SD,,2020-11-12
LondonsFinestQU,London's Finest,,2020-11-12
Sir_kay__,Kay0d3,Canada in Jesus Name,2020-11-12
Werder_RT,Werder RT,Bremen,2020-11-12
ChelseaPuzzles,ChelseaPuzzles,SW6 1HS,2020-11-12
AbiolaMelody,Melody,,2020-11-12
DeadlyStamford,Deadlyâ­â­,Stamford Bridge,2020-11-12
sentry_guy,Seyi,Lagos Nigeria,2020-11-12
Geo_marx1,George_o,"South East,Nigeria",2020-11-12
AHHBOT,ROBOT LOSC,,2020-11-12
AcquasiB,Havertz Jnr,Aprade,2020-11-12
kolagoke20,Kolade Olashile Olagoke,Ikotun,2020-11-12
Michaelola4527,Michael ola,"Ibadan, Nigeria",2020-11-12
LondonsFinestQU,London's Finest,,2020-11-12
harkhin_khunmi,Oloyede Akinkunmi Simeon,Nigeria,2020-11-12
ChelseaPuzzles,ChelseaPuzzles,SW6 1HS,2020-11-12
thekay007,Kay,,2020-11-12
nanaadjei_LY,Bhra LARYEA,"Accra, Ghana",2020-11-12
Ifeoluwa_duth,Ifeoluwa,Nigeria,2020-11-12
ibrahimtune,chelseablood,,2020-11-12
Real_DMacheda,Darlington Machedaâ„¢,Mind Your Business,2020-11-12
AlMaskary,âœª Ù…Ø­Ù…Ø¯ Ø§Ù„Ù…Ø³ÙƒØ±ÙŠ, ,2020-11-12
ojo_ahmed,Anikulapo Coochie ğŸ‡¦ğŸ‡¶ğŸ¦,IYH,2020-11-12
marule00,Luka Markovic,,2020-11-12
aasszznnee,Asznee,,2020-11-12
AylesfordInt,AylesfordInt,"London, England",2020-11-12
Turbo__Timo,Timo,"Lagos, Nigeria",2020-11-12
otee_smlz,NIGERIA BLEEDS #ENDSARS,StonevilleğŸŒ¿ğŸ” ğŸŒ¿,2020-11-12
king_slider,Don DadağŸ‘‘,"Lagos, Nigeria",2020-11-12
Sethakande,Mr seth-skeng shelby,,2020-11-12
RomansEmpirePod,Roman's Empire Pod,"Los Angeles, CA",2020-11-12
LondonsFinestQU,London's Finest,,2020-11-12
stamford_bridge,History of ChelseaFC,London SW6,2020-11-12
benzeema007,#SARSMUSTENDâœŠâœŠ,"Yenagoa, Nigeria",2020-11-12
fluentmediag,Raul Mateu,,2020-11-12
stamford_bridge,History of ChelseaFC,London SW6,2020-11-12
jamesne60235676,james newton,,2020-11-12
james_candour,LIBERATION,"Lagos, Nigeria",2020-11-12
flyingeze,Flying Eze,,2020-11-12
rebeccawalshol2,rebecca ğŸ’™ğŸ’™ğŸ’™ğŸ’™ ğŸ„ğŸ„,"Mayo, Ireland",2020-11-12
LoyalFootballCo,Loyal Football Co.,Australia,2020-11-12
Alhassa83518932,Abdul JNR POGBAğŸ’“ğŸ™Œ,"Upper West, Ghana",2020-11-12
hasan01mahmud1,Hasan01Mahmud,"Dhaka,Bangladesh",2020-11-12
TurksonCee,Cee Turkson,"Accra, Ghana",2020-11-12
Papylo9,Papylo,,2020-11-12
CFCChronicle,Chelsea Chronicle,"London, England",2020-11-12
highhavertz,ajinkya rahane apologist,,2020-11-12
krisho1980,KRISHAN ODEDRA,,2020-11-12
chivomapius,WelBeast,Everywhere,2020-11-12
CfcEesa,Eesa Hussain,United Kingdom,2020-11-12
kengel_13,Daniel,Nigeria,2020-11-12
Real_DMacheda,Darlington Machedaâ„¢,Mind Your Business,2020-11-12
jacobeshun2,jacobeshun,western region.Bogoso,2020-11-12
Ran95926198,Ran 0532439154,,2020-11-12
johncarley1966,John Carley,Wembley Middlesex. ,2020-11-12
AdekoyaAdeniy16,Adekoya Adeniyi,,2020-11-12
Ran95926198,Ran 0532439154,,2020-11-12
Ran95926198,Ran 0532439154,,2020-11-12
batsflip,Maxime,,2020-11-12
CFCValentine,Valentine Miller,"Harare, Zimbabwe",2020-11-12
Ran95926198,Ran 0532439154,,2020-11-12
Ran95926198,Ran 0532439154,,2020-11-12
AbsoluteChelsea,Absolute Chelsea,,2020-11-12
The_wordsmith10,BENGAZYğŸ‘‘,"Kasoa, Ghana",2020-11-12
YusufJiyah,wambaiÂ¹,konohaâ™Œ,2020-11-12
FootyKeyrings,SD,,2020-11-12
ElChapo099,PULISICâ€™S BOOTS ğŸ”¥ğŸ’™ğŸš€,Ghana,2020-11-12
shaneneils1,Mr. SkengğŸâš¡,,2020-11-12
batsflip,Maxime,,2020-11-12
theAsianBlue,The Asian Blue ğŸ’™,Opinions Are My Own,2020-11-12
Dan0532439154,Ø¬ÙŠÙƒ Ù…Ø³Ø§Ø¬ Ø§Ù„Ø±ÙŠØ§Ø¶,,2020-11-12
theAsianBlue,The Asian Blue ğŸ’™,Opinions Are My Own,2020-11-12
ManUtdFanKe,manchester united  fansğŸ‡°ğŸ‡ª,"Nairobi, Kenya",2020-11-12
nsarko_2131,uncle nsarko,traveller ,2020-11-12
Kwa_bena18,The boy ğŸ‘¦,"Kasoa, Ghana",2020-11-12
Dan0532439154,Ø¬ÙŠÙƒ Ù…Ø³Ø§Ø¬ Ø§Ù„Ø±ÙŠØ§Ø¶,,2020-11-12
KelvinExcel4,Kelvin Excel,"Nairobi, Kenya",2020-11-12
Dan0532439154,Ø¬ÙŠÙƒ Ù…Ø³Ø§Ø¬ Ø§Ù„Ø±ÙŠØ§Ø¶,,2020-11-12
big_bentweet,big_ben,,2020-11-12
uchee_fia,uche,"Lagos, Nigeria",2020-11-12
GriffithPallett,Griff-Pall,,2020-11-12
Chilo617,Isidro Moreno,,2020-11-12
thepawnbroker1,Phil O'Brien,,2020-11-12
BrewBalcony,BalconyBrewReview,,2020-11-12
GeemChelseaFC,Hageem_10,,2020-11-12
fan_cornell,CornellHockeyFan,"Wynantskill, NY",2020-11-12
PaulMBanks,Socially Distant Paul M Banks,"Gold Coast, Chicago, IL, USA",2020-11-12
footywatching,Sports,,2020-11-12
footywatching,Sports,,2020-11-12
lgd_holy,#HighestğŸ¯,Ghana,2020-11-12
_CFCAlex_,Ä…Æ–É›Ò³ ğŸ¥µğŸ’¯,,2020-11-12
Citywide45,Richard Louis,#KTBFFH #UpTheChels,2020-11-12
shill306,Stephen Hill ğŸ´ó §ó ¢ó ¥ó ®ó §ó ¿,"England, United Kingdom",2020-11-12
AbsoluteChelsea,Absolute Chelsea,,2020-11-12
MrPositivity20,ğ‘´ğ’“. ğ‘·ğ’ğ’”ğ’Šğ’•ğ’Šğ’—ğ’Šğ’•ğ’š,,2020-11-12
LucasDayan23,DAYANWAY/ChinitoWanWan,MIA,2020-11-12
theway_prem,Prem Dave,,2020-11-12
degreatkhali,Top-Dog,NYğŸŒ ,2020-11-12
AbsoluteChelsea,Absolute Chelsea,,2020-11-12
WSNFootball247,FOOTBALL247,London,2020-11-12
GULLITFANCFC,Jimboburrell,"England, United Kingdom",2020-11-12
WSNet_CAR,WSNet_CARRIBEAN,,2020-11-12
iga_1a,Iga1,PolandğŸ‡µğŸ‡±,2020-11-12
Biizzle___,Hakim BizzleğŸ‡³ğŸ‡¬,"Lagos, Nigeria",2020-11-12
lgd_holy,#HighestğŸ¯,Ghana,2020-11-12
_waheed_96,Vâµ ğ†âµ â²ƒâ°ğâ…… ğ—¦â°àº›â”• (CFC) ğŸ’™,,2020-11-12
CFCChronicle,Chelsea Chronicle,"London, England",2020-11-12
Four1041,Four,Viá»‡t Nam,2020-11-12
SilentWalkerRT,Hao Nguyen,United Kingdom,2020-11-12
londonpride360,London,,2020-11-12
woofeyz,à¸•à¸´à¹Šà¸™à¸¹à¹ˆà¸¡ ğŸ’™ğŸŒˆ,ChelseağŸ’™,2020-11-12
TheChelseaSpot,The Chelsea Spot,Stamford Bridge,2020-11-12
habibmohammed09,HABIB A.MOHAMMED,Ghana,2020-11-12
rebeccawalshol2,rebecca ğŸ’™ğŸ’™ğŸ’™ğŸ’™ ğŸ„ğŸ„,"Mayo, Ireland",2020-11-12
AbsoluteChelsea,Absolute Chelsea,,2020-11-12
adieujeunesse,* NOT granger's boyfriend,please read carrd ! ,2020-11-12
flyingeze,Flying Eze,,2020-11-12
droplets14,augustineğŸ’§,,2020-11-12
NNPremierLeague,Premier League News Now,,2020-11-12
Bobbybe61302993,Prestige,Nigeria ,2020-11-12
habeeb_adesina,olardimeji__Ë¢áµ€ğŸ”±ğŸ¦ğŸ˜ˆ,"Ogun, Nigeria",2020-11-12
FootyKeyrings,SD,,2020-11-12
RakafGh,A F A ğŸ‡¬ğŸ‡­,Tema-Ghana,2020-11-12
ChelseaPuzzles,ChelseaPuzzles,SW6 1HS,2020-11-12
tmj_tul_transp,TMJ-TUL Transp. Jobs,"Tulsa, OK",2020-11-12
theAsianBlue,The Asian Blue ğŸ’™,Opinions Are My Own,2020-11-12
AlexMoorsey22,Alex Moore,"Dharhan, Saudi Arabia ",2020-11-12
struttsthebeach,Strutt & Parker Chelsea SW10,"140 Fulham Road, Chelsea SW10 9PY",2020-11-12
ChelseaPuzzles,ChelseaPuzzles,SW6 1HS,2020-11-12
madtingz_,â€¢,,2020-11-12
MugabeMo,JM,"Manchester, England",2020-11-12
struttsthebeach,Strutt & Parker Chelsea SW10,"140 Fulham Road, Chelsea SW10 9PY",2020-11-12
Skbondze,flyest in chargeğŸ’€,"Greater Accra, Ghana",2020-11-12
8pqn1,ğ‘¶ğ‘´ğ‘¨ğ‘¹ğŸ–¤,,2020-11-12
mex_chelsea,Chelsea Fans,Mexico City,2020-11-12
dagarrre0,ibnu dagare ğŸ•˜,Palestine,2020-11-12
Nicocantor1,Nico Cantor,"London, England",2020-11-12
RowdieUk,Rowdieuk,United Kingdom,2020-11-12
SparrowDesmond,DsexmondğŸ‘…Serial #EndSarsğŸ˜·Retweeter. xplicitConte,Nigeria,2020-11-12
djlexo_,GOLDEN BOY DJ ğŸ“€ğŸ“€,Lexical Town,2020-11-12
CFCChronicle,Chelsea Chronicle,"London, England",2020-11-12
atoms_nuclear,Nuclear Atoms,"Dhaka, Bangladesh",2020-11-12
cnstvja,Cable News & Sports TV,,2020-11-12
KingMoLFC,ğŸ‡ªğŸ‡¬ğŸ‘‘,,2020-11-12
thekay007,Kay,,2020-11-12
OneManKaizer,Kaizer.âš“,the whole world.,2020-11-12
wezza_88,Wez,Manchester,2020-11-12
ElChapo099,PULISICâ€™S BOOTS ğŸ”¥ğŸ’™ğŸš€,Ghana,2020-11-12
KickoffMH,Kick Off With Moorsey & Hutch,,2020-11-12
newschainwomen,NewsChain Women's Sport,United Kingdom,2020-11-12
rmadridism,rmadridism,,2020-11-12
AllanKhash,Boss Player,,2020-11-12
livescore,LiveScore,URL,2020-11-12
lgd_holy,#HighestğŸ¯,Ghana,2020-11-12
AbsoluteChelsea,Absolute Chelsea,,2020-11-12
FootyKeyrings,SD,,2020-11-12
SportIn_Global,Sportin_global,"Molde, Norge",2020-11-12
theAsianBlue,The Asian Blue ğŸ’™,Opinions Are My Own,2020-11-12
theAsianBlue,The Asian Blue ğŸ’™,Opinions Are My Own,2020-11-12
WanFaridKamil,MaldiniFaridKamil,"Kuala Lumpur, Malaysia.",2020-11-12
rajesh_chumber,Rajesh Chumber,,2020-11-12
AFS11v11,AFS - Football Stats,London,2020-11-12
RansfordCobbin4,Ransford Pjay,"Nsuaem, Ghana",2020-11-12
QueenSandy_CFC,ğŸ‘‘Â§Ã¥Ã±ÃÂ¥ Ã¾ÃªrÃªrÃ¥ğŸ‘‘,"Royal County Of Berkshire,UK",2020-11-12
jhybow_whiskey,Mr. JB S.M.I.L.EğŸ¹ğŸºğŸ¼,"Lagos, Nigeria",2020-11-12
kabal30,LazyNigeriaYouth ğŸ’­â„ï¸ #EndSwat ğŸ’¯,"Lagos, Nigeria",2020-11-12
Raycfc17,RAYğŸ‡³ğŸ‡¬ğŸ’™,Estadio Puente Stamford,2020-11-12
SenBanter,Sen_Fi_Dem_Banter,"England, United Kingdom",2020-11-12
Uyanda68492837,Uyanda,,2020-11-12
ChelseaChadder,Chad,"MHL, Gate 9",2020-11-12
cfcfc4eva,Bigsam,,2020-11-12
tiengudda,Tien Nguyen,"Ho Chi Minh, Vietnam",2020-11-12
okumakese,Okum Akese,"Wa, Upper West,Ghana",2020-11-12
Citso_Al,C-tso,"Ho, Ghana",2020-11-12
harve65,Mark Harvey,istanbul,2020-11-12
soccer_soccerMC,City ã€œPremierLeagueã€œ,,2020-11-12
SandraS27874170,Sandra Smith,,2020-11-12
SandraS27874170,Sandra Smith,,2020-11-12
_ItsAllChelsea,ItsAllChelsea,"London, England",2020-11-12
suzytuny4u,Sodeeq Opeyemi,"Lagos, Nigeria",2020-11-12
Am_zeus_mckaine,Zeus....ğŸ˜,,2020-11-12
Cruyff_Junior,CRUYFF JR.,,2020-11-12
CISCTiruppur,Chelsea India - Tiruppur (at ğŸ ),"Tiruppur, India",2020-11-12
AlexandraFree19,Alexandra Freeman,,2020-11-12
AlexandraFree19,Alexandra Freeman,,2020-11-12
RomansEmpirePod,Roman's Empire Pod,"Los Angeles, CA",2020-11-12
REP_Andres_,Andres,"Houston, TX",2020-11-12
_waheed_96,Vâµ ğ†âµ â²ƒâ°ğâ…… ğ—¦â°àº›â”• (CFC) ğŸ’™,,2020-11-12
ChelseaPuzzles,ChelseaPuzzles,SW6 1HS,2020-11-12
ScottGunner1,Scott Gunner,wickford Essex,2020-11-12
rebeccawalshol2,rebecca ğŸ’™ğŸ’™ğŸ’™ğŸ’™ ğŸ„ğŸ„,"Mayo, Ireland",2020-11-12
breezyZS,âš’ğŸ‡¬ğŸ‡§,"Leicester, England",2020-11-12
AlkoSuoo,Suoo ğŸ’€,,2020-11-12
athanusjorge,George Athanus William,,2020-11-12
FootyKeyrings,SD,,2020-11-12
ChelseaPuzzles,ChelseaPuzzles,SW6 1HS,2020-11-12
samdoria13,sambrosa,,2020-11-12
Emecinho_SNR,Cinho!âœ¨,,2020-11-12
SBemmah,STORM,Dormaa Ahenkro,2020-11-12
footballitalia,footballitalia,,2020-11-12
BrendaPerrott,Brenda P. Williamson - Congrats to Pres. Biden,,2020-11-12
Ndidi78660383,Ndidi,,2020-11-12
KisaEd,Man like ED ğŸ‡ºğŸ‡¬ğŸ‡°ğŸ‡ª,Uganda,2020-11-12
flyingeze,Flying Eze,,2020-11-12
lgd_holy,#HighestğŸ¯,Ghana,2020-11-12
ShanShui1946,Sandra Smith,Sussex,2020-11-12
ShanShui1946,Sandra Smith,Sussex,2020-11-12
derekjennings17,Derek Jennings,,2020-11-12
LizzieFuller19,Lizzie Fuller,,2020-11-12
LizzieFuller19,Lizzie Fuller,,2020-11-12
JohnIceAgency,john bolton,"Crawley, England",2020-11-12
NhanNgu75347791,Nhan Nguyen,,2020-11-12
jimohisah6,Chelsea Blue fan,"Abuja, Nigeria",2020-11-12
4lvo_,#Mugeiesque,kapsabet,2020-11-12
skinyai,STEVE KINYAI,Nairobi Kenya,2020-11-12
ProtestSPb,Protest SPb,"Saint Petersburg, Russia",2020-11-12
Papylo9,Papylo,,2020-11-12
AFCReading,AFC Reading,"Reading, England",2020-11-12
FootyKeyrings,SD,,2020-11-12
Nanabarhevvy,Son of a KingğŸ‘‘â¤ï¸,,2020-11-12
FootyKeyrings,SD,,2020-11-12
DomusHolmes,DomusHolmesPropertyFinder,United Kingdom,2020-11-12
theAsianBlue,The Asian Blue ğŸ’™,Opinions Are My Own,2020-11-12
theAsianBlue,The Asian Blue ğŸ’™,Opinions Are My Own,2020-11-12
AndrewJason89,Andrew Jason,Malaysia,2020-11-12
nsarko_2131,uncle nsarko,traveller ,2020-11-12
CFCJackspencer,jack,,2020-11-12
AslamBakar3,AslamBakar,United Kingdom,2020-11-12
nii_thompson30,IRAQ,,2020-11-12
ike_waasafi,Adviser Wa Arrizabalaga,Naivasha,2020-11-12
Thomas_SheIby,SRH Fan,Yahi kahin,2020-11-12
TransportNotice,Transport Notices,,2020-11-12
SAMJAYDKING,ğŸ‘‘SAMJAYDKINGğŸ‘‘ ğŸ’£,NIGERIA,2020-11-12
_AyoadeJNR,AyoğŸ’™ğŸ¥,,2020-11-12
FrinaryK,Frinary Kithinji,,2020-11-12
beardesque,Yusuf,,2020-11-12
yzygamer,LE GAMA,Ivory Coast,2020-11-12
TairuNurudeen,Nurudeen Tairu,,2020-11-12
Habiola17750376,Habiola,Nigeria,2020-11-12
Lybanicku,Sebas Lybanicku,"Jakarta Barat, DKI Jakarta",2020-11-12
Jertynooo,JDIV,"Paris, France",2020-11-12
sadiqsabo,Ferocious WOLF,BUSH CAMP,2020-11-12
DembaPete,Petey,London,2020-11-12
dantecilino,dantecilino10,,2020-11-12
TheKitmanUK,TheKitman.co.uk,"Bristol, England",2020-11-12
mayle_jill,jill mayle,"Chelmsford, England",2020-11-12
Mouad_CWW,Mouad,,2020-11-12
netrising1,nnaemeka ken,"Lagos, Nigeria",2020-11-12
AbsoluteChelsea,Absolute Chelsea,,2020-11-12
ebeycoyb4,PHISH,,2020-11-12
francisthealien,F.T.A,the pineapple under the sea,2020-11-12
uygaraluclu97,Uygar Walker,,2020-11-12
Elite_clubb,BET 365 - TIPSTER FIXING,naples ,2020-11-12
AtTheBridgePod,At The Bridge Pod: A Chelsea FC Podcast,United Kingdom,2020-11-12
Jennykeane6,Jenny keane,,2020-11-12
ChelseaPuzzles,ChelseaPuzzles,SW6 1HS,2020-11-12
talkchelsea,Talk Chelsea,"London, England",2020-11-12
rebootonline,Reboot,London and Hertfordshire,2020-11-12
neiltonpentre,Neil Richard Davies,,2020-11-12
ChelseaPuzzles,ChelseaPuzzles,SW6 1HS,2020-11-12
FootyKeyrings,SD,,2020-11-12
ThatsMeFlawless,Mr TakeNote,Manchester,2020-11-12
GreigSar1,Greig Sarath ğŸ˜,"Good old St.Ives, Cambs.",2020-11-12
RoryMcAnuff,McChinnes,,2020-11-12
monstarcfc,monstarCFC,"City of London, London",2020-11-12
CamTayylor,Cameron,,2020-11-12
PaulNagle3,Paul Nagle,Everton FC,2020-11-12
andoh_poku,DÂ£NARDğŸ§¯,,2020-11-12
TFTMedia1,Football Terrace FC,"South East, England",2020-11-12
BennyHi76432294,Benny Hill,,2020-11-12
ArahGh,Fear_of_GodğŸ‡¬ğŸ‡­ğŸ‡³ğŸ‡¬ğŸ’«,"Tamale, Ghana",2020-11-12
grandpasaypenis,im bleeding out,stamford bridge,2020-11-12
RomanUncle,Roman Uncle,,2020-11-12
FootyKeyrings,SD,,2020-11-12
DidsRT,Didsbury RT,Didsbury,2020-11-12
SteveP37,Steve Palmer,,2020-11-12
te_dd_,ted,,2020-11-12
_60n7,â€¢,,2020-11-12
RealCheshireSet,TheRealCheshireSet,"White Nancy, Cheshire. UK.",2020-11-12
Juliandh10,JuliÃ¡n.,,2020-11-12
theAsianBlue,The Asian Blue ğŸ’™,Opinions Are My Own,2020-11-12
vietto21,ok4,,2020-11-12
HelloWilmslow,Hello! Wilmslow,"Wilmslow, Cheshire. UK",2020-11-12
cjplays13,cjplaysfm,"Stoke-on-Trent, England",2020-11-12
KickItOutRYG,Raise Your Game,England,2020-11-12
FootTheBall,FootTheBall,Locker Room,2020-11-12
FFMSW6,Fulham Farmers' Market,"St. Johnâ€™s Church, SW6 1PB",2020-11-12
Oldskoolawayday,OldskoolawaydaysğŸ‡¬ğŸ‡§,,2020-11-12
ManchesterRTs,Manchester Retweets ğŸğŸğŸ,Manchester UK,2020-11-12
Castellani_Arte,Pietra Lara Castellani ğŸ¨ğŸ–Œï¸,Wilmslow & Gubbio,2020-11-12
CFCChronicle,Chelsea Chronicle,"London, England",2020-11-12
_AndrewColley,Andrew Colley,"High Wycombe, England",2020-11-12
francisofasisi_,ğ€ğ¬ğ¢ğ¬ğ¢,"Federal Capital Territory, Nig",2020-11-12
EBStatto,Brian Spurrell ğŸ‡¬ğŸ‡§ğŸ‡ªğŸ‡º,Bexleyheath,2020-11-12
James_Wilky19,Wilky,North,2020-11-12
I_am_PJS,Phil,,2020-11-12
Jangmeister,"Pedro, Alegadamente Bandido a TÃ­tulo Pessoal",,2020-11-12
FootyKeyrings,SD,,2020-11-12
junkcok,Tat Twam Asi,Kampung Pesilat - Bumi Reyog PP,2020-11-12
TerraceImages,Terrace Images,,2020-11-12
ChelseaPuzzles,ChelseaPuzzles,SW6 1HS,2020-11-12
theAsianBlue,The Asian Blue ğŸ’™,Opinions Are My Own,2020-11-12
theAsianBlue,The Asian Blue ğŸ’™,Opinions Are My Own,2020-11-12
nayandine,nayandine,,2020-11-12
dagezthewind,chasing thewind,yishun,2020-11-12
ChelseaPuzzles,ChelseaPuzzles,SW6 1HS,2020-11-12
FathulAkmar,Fathul Akmar,Sw6 London | 55100 K.L,2020-11-12
its_Aadey,Adeyinka,London,2020-11-12
Ryan5480,ryan_5480,,2020-11-12
edeekene1,Ede Ekene,"Lagos, Nigeria",2020-11-12
NijiyeH,Engr. SegunğŸ‡³ğŸ‡¬,"Rivers, Nigeria",2020-11-12
cadogantate,CadoganTate,London Paris NY LA Cote d'Azur,2020-11-12
FootyKeyrings,SD,,2020-11-12
iamkf2,iamk.f,,2020-11-12
theAsianBlue,The Asian Blue ğŸ’™,Opinions Are My Own,2020-11-12
theAsianBlue,The Asian Blue ğŸ’™,Opinions Are My Own,2020-11-12
Nicocantor1,Nico Cantor,"London, England",2020-11-12
FelixBet4,Felix Bet,,2020-11-12
ValescaVic,kvng_bee,,2020-11-12
mikenovonn,NOVON ğŸ•¯,,2020-11-12
CourtneySparke5,ğŸ„Courtney SparkesğŸ„,"East Preston, England",2020-11-12
fine_akwa_girl,Angel ğŸ’‹,,2020-11-12
CFC_Taurus,Taurus,"Osun, Nigeria",2020-11-12
TheChelseaSpot,The Chelsea Spot,Stamford Bridge,2020-11-12
depp05,Deep Thakker,,2020-11-12
TheChelseaSpot,The Chelsea Spot,Stamford Bridge,2020-11-12
Raine_draws,Raineâœ,"Ontario, Canada",2020-11-12
ose_certified,I never walk alone #ENDSARS,"Port Harcourt, Nigeria",2020-11-12
CFCChronicle,Chelsea Chronicle,"London, England",2020-11-12
claireroberts01,Claire Roberts ğŸ“±+ ğŸš˜ = âŒ,Bristol,2020-11-12
ChelseaPuzzles,ChelseaPuzzles,SW6 1HS,2020-11-12
Laryhea_7,Ujay,"Accra, Ghana",2020-11-12
FootyKeyrings,SD,,2020-11-12
fakkythecreator,âˆ,justine skye,2020-11-12
HakimTheDream01,Ø­ÙƒÙŠÙ… Ø²ÙŠØ®,,2020-11-12
ChelseaPuzzles,ChelseaPuzzles,SW6 1HS,2020-11-12
clickgists,Click Gist,,2020-11-12
ViziFootball,Vizi Football,,2020-11-12
kingsley_onyeri,Kingzlay,"Abuja, Nigeria",2020-11-12
cadogantate,CadoganTate,London Paris NY LA Cote d'Azur,2020-11-12
theretropatch,Yung E,"Lagos,Nigeria",2020-11-12
Glen_Maney,Glen Maney,London,2020-11-12
YKTSFootball,You Know The Score,The Terraces ,2020-11-12
ManeyGlen,Glen_Maney_Talks_Chelsea,,2020-11-12
Citywide45,Richard Louis,#KTBFFH #UpTheChels,2020-11-12
HealthcareSyk,SYK Healthcare Recruitment Specialists,"Keighley, England",2020-11-12
RasaqJamiuO,Rasaq Jamiu Olamilekan,"Ijebu-Ode, Nigeria",2020-11-12
NowgoalScore,Nowgoal Livescore,,2020-11-12
e_mawutor,Qwadwo,"Accra,Ghana",2020-11-12
beautyinmysound,Boybims,,2020-11-12
FootyKeyrings,SD,,2020-11-12
theAsianBlue,The Asian Blue ğŸ’™,Opinions Are My Own,2020-11-12
theAsianBlue,The Asian Blue ğŸ’™,Opinions Are My Own,2020-11-12
theAsianBlue,The Asian Blue ğŸ’™,Opinions Are My Own,2020-11-12
its_just_natty_,Isaac Dauda,"Abuja, Nigeria",2020-11-12
ChelseaChadder,Chad,"MHL, Gate 9",2020-11-12
lammieee_,AthelstanğŸš,,2020-11-12
Romaithy10,Ù….Ù…Ø­Ù…Ø¯ Ø§Ù„Ø±Ù…ÙŠØ«ÙŠ,"Abu Dhabi, United Arab Emirates",2020-11-12
baeofthebaeless,Joshua Abraham,"Federal Capital Territory, Nigeria",2020-11-12
jacobeshun2,jacobeshun,western region.Bogoso,2020-11-12
OluwaseyiAdeko3,SHINRA âœ,"Abuja, Nigeria",2020-11-12
depp05,Deep Thakker,,2020-11-12
Citywide45,Richard Louis,#KTBFFH #UpTheChels,2020-11-12
RomansEmpirePod,Roman's Empire Pod,"Los Angeles, CA",2020-11-12
FootballKN1,Kyrylo Nesterenko,Ğ£ĞºÑ€Ğ°Ğ¸Ğ½Ğ° ğŸ‡ºğŸ‡¦,2020-11-12
notIennon,Lennon ğŸŒµâ›„ï¸,FT/HHT,2020-11-12
CFCChronicle,Chelsea Chronicle,"London, England",2020-11-12
_Demi69,ğŸ‘‘,InYourGuts,2020-11-12
lelourdHM,Le H,,2020-11-12
BueSuluxsardi,Sandy Mac,Sussex,2020-11-12
BueSuluxsardi,Sandy Mac,Sussex,2020-11-12
ChelseaChadder,Chad,"MHL, Gate 9",2020-11-12
ChelseaPuzzles,ChelseaPuzzles,SW6 1HS,2020-11-12
ChelseaPuzzles,ChelseaPuzzles,SW6 1HS,2020-11-12
FootyKeyrings,SD,,2020-11-12
ChelseaChadder,Chad,"MHL, Gate 9",2020-11-12
Mosesfixedodd_,Mr Moses Okafor,"Lagos, Nigeria",2020-11-12
Mosesfixedodd_,Mr Moses Okafor,"Lagos, Nigeria",2020-11-12
CynthiaAdelek14,Cynthia Adeleke,,2020-11-12
kinadunda,Kitenesi,"Acapulco de JuÃ¡rez, Guerrero",2020-11-12
Lampardsleftnut,Frank Jr,"London, England",2020-11-12
Prodigy_1K,~,London,2020-11-12
depp05,Deep Thakker,,2020-11-12
CFCChronicle,Chelsea Chronicle,"London, England",2020-11-12
ChelseaChadder,Chad,"MHL, Gate 9",2020-11-12
the_messimist,ABHISHEK,ğŸ‡®ğŸ‡³,2020-11-12
theAsianBlue,The Asian Blue ğŸ’™,Opinions Are My Own,2020-11-12
Chuks_Dave,SheÃ  Coulee,Nigeria.,2020-11-12
ChelseaChadder,Chad,"MHL, Gate 9",2020-11-12
OutdoorSportCha,OutdoorSportChannelÂ®,"Doncaster, United Kingdom",2020-11-12
futball_chelsea,Chuks,Stamford Bridge,2020-11-12
amanda_cookson,amanda cookson,"East, England",2020-11-12
TheZiyech,The Same Photo Of Hakim Ziyech Everyday,,2020-11-12
CFCChronicle,Chelsea Chronicle,"London, England",2020-11-12
samuelafful,Afful Sam Kwesi jnr,East Leg / Nungua / Achimota,2020-11-12
dynamicboi22,Chidozie Dynamicboi Adosaram,"Imo state, Nigeria",2020-11-12
depp05,Deep Thakker,,2020-11-12
ChelseaPuzzles,ChelseaPuzzles,SW6 1HS,2020-11-12
theAsianBlue,The Asian Blue ğŸ’™,Opinions Are My Own,2020-11-12
ManUtdFanKe,manchester united  fansğŸ‡°ğŸ‡ª,"Nairobi, Kenya",2020-11-12
core_chelsea,Chelsea Core,,2020-11-12
core_chelsea,Chelsea Core,,2020-11-12
ChelseaPuzzles,ChelseaPuzzles,SW6 1HS,2020-11-12
RollaCoastaReds,ğŸ”»,"Manchester, England",2020-11-12
kupaleon,Six God,We Global,2020-11-12
BelloAjibola_09,Bello Ajibola,Lagos,2020-11-12
theAsianBlue,The Asian Blue ğŸ’™,Opinions Are My Own,2020-11-12
theAsianBlue,The Asian Blue ğŸ’™,Opinions Are My Own,2020-11-12
Chelsea16407427,Chelsea Football Club Fans For LifeğŸ’™,"London, England",2020-11-12
sanshui596,sandra smith,Shan Shui,2020-11-12
youngokwy,Okwuson M Celestine,"England,London",2020-11-12
Dan0532439154,Ø¬ÙŠÙƒ Ù…Ø³Ø§Ø¬ Ø§Ù„Ø±ÙŠØ§Ø¶,,2020-11-12
ChelseaPuzzles,ChelseaPuzzles,SW6 1HS,2020-11-12
ChelseaPuzzles,ChelseaPuzzles,SW6 1HS,2020-11-12
Ran95926198,Ran 0532439154,,2020-11-12
ManUtdFanKe,manchester united  fansğŸ‡°ğŸ‡ª,"Nairobi, Kenya",2020-11-12
ManUtdFanKe,manchester united  fansğŸ‡°ğŸ‡ª,"Nairobi, Kenya",2020-11-12
sanshui596,sandra smith,Shan Shui,2020-11-12
Dan0532439154,Ø¬ÙŠÙƒ Ù…Ø³Ø§Ø¬ Ø§Ù„Ø±ÙŠØ§Ø¶,,2020-11-12
Dan0532439154,Ø¬ÙŠÙƒ Ù…Ø³Ø§Ø¬ Ø§Ù„Ø±ÙŠØ§Ø¶,,2020-11-12
FootTheBall,FootTheBall,Locker Room,2020-11-12
RUPAYGEE,Hayford Paygeez,,2020-11-12
AlkoSuoo,Suoo ğŸ’€,,2020-11-12
PipeDream_101,PipeDream_101,My Smartphone ,2020-11-12
Ran95926198,Ran 0532439154,,2020-11-12
Ran95926198,Ran 0532439154,,2020-11-12
Ran95926198,Ran 0532439154,,2020-11-12
daftarsbobet1,"Daftar Agen Sbobet Casino, Prediksi Bola Online",Indonesia,2020-11-12
megicfood,magic,,2020-11-12
MarcosP39416845,Marcos Paulo,,2020-11-12
ChelseaBlueBR1,Chelsea Blue BR,,2020-11-12
getaswhailu,Getasw Hailu,"Debre Tabor, Ethiopia ğŸ‡ªğŸ‡¹",2020-11-12
RJ_Goodthings,RJ,,2020-11-12
RJ_Goodthings,RJ,,2020-11-12
ChelseaPuzzles,ChelseaPuzzles,SW6 1HS,2020-11-12
RetroRegista,Dictator-Elect RÅnin ğŸ‡ºğŸ‡¸,Gotham City ,2020-11-12
ChelseaPuzzles,ChelseaPuzzles,SW6 1HS,2020-11-12
PodcastHQ,Podcast HQ ğŸ™ï¸,,2020-11-12
chisco99_,999,"Nairobi, Kenya",2020-11-12
FootyZoneNet,FootyZone.net,,2020-11-12
theAsianBlue,The Asian Blue ğŸ’™,Opinions Are My Own,2020-11-12
luizinhooli10,Luizinho,"Pavuna, Rio de Janeiro",2020-11-12
cudaeducation,Cuda Education,"New York, NY",2020-11-12
young50700156,young,,2020-11-12
sanshui596,sandra smith,Shan Shui,2020-11-12
ChelseaPuzzles,ChelseaPuzzles,SW6 1HS,2020-11-12
barbrady1,simon thompson,,2020-11-12
sidcelery,Sid Celery,PalpableDiscordia,2020-11-12
RJ_Goodthings,RJ,,2020-11-12
teamtimowerner,Team Timo Werner ğŸ‡§ğŸ‡·ğŸ‡©ğŸ‡ª,ğŸ‡§ğŸ‡·,2020-11-12
Chelsea_FC_2020,ChelseaFC2020ğŸ’™ğŸ—¨,,2020-11-12
Nyarko_Agyeman,Kwame Nyarko,,2020-11-12
Chelsea_FC_2020,ChelseaFC2020ğŸ’™ğŸ—¨,,2020-11-12
ArielGamesbr,Ariel Brasil 93,"Jardim Ã‚ngela, SÃ£o Paulo",2020-11-12
Chelsea_FC_2020,ChelseaFC2020ğŸ’™ğŸ—¨,,2020-11-12
Chelsea_FC_2020,ChelseaFC2020ğŸ’™ğŸ—¨,,2020-11-12
ThePrideOfLDN,ThePrideOfLDN,Stamford Bridge,2020-11-12
jesuis_theo,Theo ğŸŒ¿ğŸ¦»ğŸ¼,BrasÃ­lia,2020-11-12
tf_sportedit,TF Sport Edit,,2020-11-12
FootyKeyrings,SD,,2020-11-12
Faaveo,åƒå‚á¯ä¹‡ã„– ğŸ¥·ğŸ½ ğŸ…˜,â­ï¸,2020-11-12
theAsianBlue,The Asian Blue ğŸ’™,Opinions Are My Own,2020-11-12
AyensuBuah,Ohene,,2020-11-12
theAsianBlue,The Asian Blue ğŸ’™,Opinions Are My Own,2020-11-12
theAsianBlue,The Asian Blue ğŸ’™,Opinions Are My Own,2020-11-12
flyingeze,Flying Eze,,2020-11-12
MrHan730,ì— ì•Œí•œ,ëŒ€í•œë¯¼êµ­ Korea ğŸ‡°ğŸ‡·,2020-11-12
ChelsForLife32,ConciergeOfCrime, The Post Office ğŸ‡¦ğŸ‡º ,2020-11-12
TheChelseaSpot,The Chelsea Spot,Stamford Bridge,2020-11-12
AnnaLauraWelsh,Anna Welsh,Hertfordshire and London,2020-11-12
ThisIsSpainInfo,Steve Hall,"Torrevieja, Spain",2020-11-12
sanshui596,sandra smith,Shan Shui,2020-11-12
AhmedKabirOlay1,Ahmed Kabir Olayinka,,2020-11-12
ZimriRosas,Zimri ROSAS,"Ciudad Guayana,Venezuela.",2020-11-12
ChelseaPuzzles,ChelseaPuzzles,SW6 1HS,2020-11-12
ItsHimjoey,Joey,"Lagos, Nigeria",2020-11-12
DeafMango,Behram Qazi ğŸ‡µğŸ‡°,,2020-11-12
FootyKeyrings,SD,,2020-11-12
BelmarshG,Belmarsh Group,"Mayfair, London",2020-11-12
JnrPossi,Possi Gee ba ğŸ’“ğŸ’“ğŸ’“,Ghana,2020-11-12
Citso_Al,C-tso,"Ho, Ghana",2020-11-12
ChelseaPuzzles,ChelseaPuzzles,SW6 1HS,2020-11-12
sidcelery,Sid Celery,PalpableDiscordia,2020-11-12
ManUtdFanKe,manchester united  fansğŸ‡°ğŸ‡ª,"Nairobi, Kenya",2020-11-12
cfc_m11,MESHARY |ğŸ‡¸ğŸ‡¦â™›.,Riyadh,2020-11-12
tw_footballtalk,TW,,2020-11-12
MsTKIndeed,TK,"Kent, UK",2020-11-12
CFC_Donut,Kieren,,2020-11-12
OlIyCFC,ğŸ,,2020-11-12
HakiimZiyech22,Hakim Ziyech,"Stamford Bridge, England",2020-11-12
TheFamousCFC_V1,ğŸ˜,NW London,2020-11-12
BLAENAUFFESTNOW,#HeartofSnowdonia ğŸ´ó §ó ¢ó ·ó ¬ó ³ó ¿,Ffestiniog.,2020-11-12
FootyKeyrings,SD,,2020-11-12
ReEn_HOtteST,ğŸ»ReenNuneoâš”,Malaysia,2020-11-12
sidcelery,Sid Celery,PalpableDiscordia,2020-11-12
Sully_UTC,Craig O' Sullivan,"Bolton, England",2020-11-12
LeicesterWalls,Walls In Leicester,,2020-11-12
Sully_UTC,Craig O' Sullivan,"Bolton, England",2020-11-12
Sully_UTC,Craig O' Sullivan,"Bolton, England",2020-11-12
Sully_UTC,Craig O' Sullivan,"Bolton, England",2020-11-12
CFCChronicle,Chelsea Chronicle,"London, England",2020-11-12
Sully_UTC,Craig O' Sullivan,"Bolton, England",2020-11-12
Sully_UTC,Craig O' Sullivan,"Bolton, England",2020-11-12
Sully_UTC,Craig O' Sullivan,"Bolton, England",2020-11-12
brentford3bee,Lyall,Hey Jude!!,2020-11-12
nasmax,Nasir Okunnu,"Lagos, Nigeria",2020-11-12
NH_SHAPIRO,Neil Shapiro,Islip New York,2020-11-12
NH_SHAPIRO,Neil Shapiro,Islip New York,2020-11-12
RJ_Goodthings,RJ,,2020-11-12
FanatixFooty,FootyFanatix,,2020-11-12
FootyKeyrings,SD,,2020-11-12
AS7_Thfc,MourhinotheG.O.A.T(old account got suspended,,2020-11-12
ChelseaXDeshen,Chelsea FCxbanter,,2020-11-12
Sully_UTC,Craig O' Sullivan,"Bolton, England",2020-11-12
TwaFlo,Tar-Bow,"Pietermaritzburg, South Africa",2020-11-12
theAsianBlue,The Asian Blue ğŸ’™,Opinions Are My Own,2020-11-12
theAsianBlue,The Asian Blue ğŸ’™,Opinions Are My Own,2020-11-12
jayvinyoung,05 NON STOPâš¡ï¸,Lost Ville,2020-11-12
Friday33969412,Friday Omudhowafe,,2020-11-12
ICDb_tv,Internet Commentator Database ICDb,,2020-11-12
FootyKeyrings,SD,,2020-11-12
Aldolase16,CFCnexus,,2020-11-12
jamesne60235676,james newton,,2020-11-12
ethan_cross_7,Ethan,"Cape Town, South Africa",2020-11-12
UtdBaron,Alex ğŸ¥¶,,2020-11-12
HarshalSinghxFC,HarshalxUnitedF.C,,2020-11-12
AFCDriscxll,ParteySZNğŸ”´âšªï¸,,2020-11-12
ICDb_tv,Internet Commentator Database ICDb,,2020-11-12
ChelseaXDeshen,Chelsea FCxbanter,,2020-11-12
CFCChronicle,Chelsea Chronicle,"London, England",2020-11-12
Ndidi78660383,Ndidi,,2020-11-12
FootyKeyrings,SD,,2020-11-12
nikkidawn00,Nikki,,2020-11-12
ChelseaPuzzles,ChelseaPuzzles,SW6 1HS,2020-11-12
youngokwy,Okwuson M Celestine,"England,London",2020-11-12
BlueFrenchie1,Blue Frenchie,,2020-11-12
SPPlusCareers,SP+ Careers,,2020-11-12
MollyAhmed,Molly Ahmed,London,2020-11-12
ChelseaPuzzles,ChelseaPuzzles,SW6 1HS,2020-11-12
BRWombat,E Brown ğŸ•·,,2020-11-12
carpediemwinnrz,George,,2020-11-12
cnstvja,Cable News & Sports TV,,2020-11-12
BrewBalcony,BalconyBrewReview,,2020-11-12
TompaLegend,TompaLegend,"Stockholm, Sverige",2020-11-12
Julius_Chimaobi,Julius Chimaobi,"Zaria, Kaduna state, Nigeria",2020-11-12
Jul56com,JulieğŸ´ó §ó ¢ó ·ó ¬ó ³ó ¿ğŸ•ğŸˆğŸ•â€ğŸ¦º,"Swansea, Wales",2020-11-12
SashaBGood,Sasha Brendon,"Wandsworth, London",2020-11-12
Elite_clubb,BET 365 - TIPSTER FIXING,naples ,2020-11-12
Sensei_62,Ali âµ„â´°âµâµ‰ ğŸŒğŸ,Lille,2020-11-12
MaartenRoggeve2,Maarten Roggeveen - MaartenRoggeve2 -,Eu Nederland Utrecht N'gein ,2020-11-12
CFCShak,Shak ğŸ’«,"England, United Kingdom",2020-11-12
LisaHewitt67,Lisa & Millie,Cheshire,2020-11-12
millypod1,chris towers,cheshire,2020-11-12
CFCChronicle,Chelsea Chronicle,"London, England",2020-11-12
AlanDaffern,John David Alan Daffern and Davey d...all grown up,"Nottingham, England",2020-11-12
LisaLisaw1,Lisa,"Weardale, Co Durham. England ",2020-11-12
shill306,Stephen Hill ğŸ´ó §ó ¢ó ¥ó ®ó §ó ¿,"England, United Kingdom",2020-11-12
EJHarrisLtd,EJ Harris Ltd,London,2020-11-12
FootyKeyrings,SD,,2020-11-12
theAsianBlue,The Asian Blue ğŸ’™,Opinions Are My Own,2020-11-12
wrapitinred,Wrap it in Red,"Neath, Wales",2020-11-12
BASportsJourno,Sports Journalism,"Cheltenham, England",2020-11-12
Dan0532439154,Ø¬ÙŠÙƒ Ù…Ø³Ø§Ø¬ Ø§Ù„Ø±ÙŠØ§Ø¶,,2020-11-12
ThePacksCall,Embry Call,La Push,2020-11-12
ChelseaChadder,Chad,"MHL, Gate 9",2020-11-12
Chelsea_FC_2020,ChelseaFC2020ğŸ’™ğŸ—¨,,2020-11-12
LisaHun26847161,Lisa Hunter,"London, England",2020-11-12
Chelsea_FC_2020,ChelseaFC2020ğŸ’™ğŸ—¨,,2020-11-12
DogsofTooting,DogsofTootingCommon,london,2020-11-12
GabeLeibowitzNY,Gabe Leibowitz,"New York, NY",2020-11-12
oobinna4,OBINNA,,2020-11-12
terry_royalnavy,Terry Wright,"Preston Brook, England",2020-11-12
TheKitmanUK,TheKitman.co.uk,"Bristol, England",2020-11-12
Chelsea_FC_2020,ChelseaFC2020ğŸ’™ğŸ—¨,,2020-11-12
HaydenKing02,Hayden King,,2020-11-12
thekwahuestate,Kwahu Roman AbramovicğŸ’°ğŸ‡¬ğŸ‡­ğŸ,,2020-11-12
CFCChronicle,Chelsea Chronicle,"London, England",2020-11-12
CFCChronicle,Chelsea Chronicle,"London, England",2020-11-12
nguta_d,PÊŠÊŸÉ¨sÉ¨Ï¾HĞ¤â˜£,"Nairobi, Kenya",2020-11-12
LindmrZ,Lindmir Zubaki,"Bern, Schweiz/ 06 Ks",2020-11-12
CameronHouseSW3,Cameron Vale School Chelsea,"Chelsea, London",2020-11-12
thekwahuestate,Kwahu Roman AbramovicğŸ’°ğŸ‡¬ğŸ‡­ğŸ,,2020-11-12
thekwahuestate,Kwahu Roman AbramovicğŸ’°ğŸ‡¬ğŸ‡­ğŸ,,2020-11-12
LaLigaLowdown,La Liga Lowdown ğŸ§¡ğŸ‡ªğŸ‡¸âš½ï¸,,2020-11-12
ChelseaChadder,Chad,"MHL, Gate 9",2020-11-12
thekwahuestate,Kwahu Roman AbramovicğŸ’°ğŸ‡¬ğŸ‡­ğŸ,,2020-11-12
GPundits,Grumpy Pundits,,2020-11-12
TimHorsey,Tim Horsey,"Washington, DC",2020-11-12
flynny1,Michael Flynn,Kingdom of Utd.,2020-11-12
am__jersey,Pronounced as A M Jersey,Worldwide,2020-11-12
FootyKeyrings,SD,,2020-11-12
GULLITFANCFC,Jimboburrell,"England, United Kingdom",2020-11-12
ACLolita,A.C.,,2020-11-12
ACLolita,A.C.,,2020-11-12
ChelseaPuzzles,ChelseaPuzzles,SW6 1HS,2020-11-12
tomcoley49,Tom Coley,swag house,2020-11-12
ACLolita,A.C.,,2020-11-12
Thameemanwar77,TR Gaming 23,,2020-11-12
ACLolita,A.C.,,2020-11-12
ACLolita,A.C.,,2020-11-12
ACLolita,A.C.,,2020-11-12
demonslayer034,OP OF CANADA #ENDSARS,"Abuja, Nigeria",2020-11-12
ShirtsSpecial,Special Football Shirts X De Voetbalshirtwinkel,"Haarlem, The Netherlands",2020-11-12
ChelseaChadder,Chad,"MHL, Gate 9",2020-11-12
ChelseaXDeshen,Chelsea FCxbanter,,2020-11-12
ChelseaXDeshen,Chelsea FCxbanter,,2020-11-12
Gindy,Gindy,,2020-11-12
samlamar13,sam lamar,,2020-11-12
ViannyDSouza,Vianny D'Souza,"Arlington, TX",2020-11-12
NoStresskin01,Favour sundayğŸ”ğŸ”,Port Harcourt ,2020-11-12
BrokeandLame,BrokeandLame,"Accra, Ghana",2020-11-12
bayo_dahunsi,Bayo_oppa,"Victoria Island, Nigeria",2020-11-12
matchdaymemory,Matchday Memory #LookingBack,Wylye Valley,2020-11-12
cfc_Anurag,Anurag,,2020-11-12
Citywide45,Richard Louis,#KTBFFH #UpTheChels,2020-11-12
super_d7em,Ø¯Ø­ÙŠÙ‘Ù…,,2020-11-12
ajoseadeniyi1,Omobolaji Ajose,Abu Dhabi lagos ,2020-11-12
Citywide45,Richard Louis,#KTBFFH #UpTheChels,2020-11-12
ChelseaChadder,Chad,"MHL, Gate 9",2020-11-12
SiriusXMFC,SiriusXM FC 157 âš½ï¸ğŸ“»,SiriusXM Channel 157,2020-11-12
oduro_albertgh,MÃ¤yÃ³r,ğŸ‡¬ğŸ‡­,2020-11-12
glee_sports,GleeSports,,2020-11-12
Brimpomaa11,stephenlove,Ghana,2020-11-12
bin_SHEEDE,Labar,Nigeria,2020-11-12
TheChelseaSpot,The Chelsea Spot,Stamford Bridge,2020-11-12
depp05,Deep Thakker,,2020-11-12
FootyKeyrings,SD,,2020-11-12
depp05,Deep Thakker,,2020-11-12
theAsianBlue,The Asian Blue ğŸ’™,Opinions Are My Own,2020-11-12
theAsianBlue,The Asian Blue ğŸ’™,Opinions Are My Own,2020-11-12
ChelseaChadder,Chad,"MHL, Gate 9",2020-11-12
nubanieslygee,Nubanie Sly Gee ğŸ‡¬ğŸ‡­,nubanieslygee@gmail.com  ,2020-11-12
ChelseaChadder,Chad,"MHL, Gate 9",2020-11-12
PaulMBanks,Socially Distant Paul M Banks,"Gold Coast, Chicago, IL, USA",2020-11-12
charleey_man,âŒ MNPâ•,Unguwan kanawa,2020-11-12
Pkeph,Kepha,"Nairobi, Kenya",2020-11-12
Iskilling1,TimLin,"Accra, Ghana",2020-11-12
CBluearmy,chelsea.cfc.bluearmy,,2020-11-12
tmj_BOS_secure,TMJ-BOS Security Job,"Boston, MA",2020-11-12
Ndidi78660383,Ndidi,,2020-11-12
CFCpropagandist,May The Odds Forever Be In Our Favour,South Africa,2020-11-12
JJJack40,Swan,Bristol,2020-11-12
Ayomyide24,Ayomyide,"Lagos, Nigeria",2020-11-12
slimdot3,Alhaji FA,The Shed End,2020-11-12
TerryFooty,Terry,,2020-11-12
HeadlineFutbol,Headline Football,,2020-11-12
ChelseaPuzzles,ChelseaPuzzles,SW6 1HS,2020-11-12
PSG24hours,PSG en Direct ğŸŒ,Parc des Princes,2020-11-12
Outlookindia,Outlook Magazine,"New Delhi, India",2020-11-12
TonJusticier,The Batman ğŸ¦‡,Gotham City,2020-11-12
_agydennis,Denny,,2020-11-12
DidsRT,Didsbury RT,Didsbury,2020-11-12
_footypolls_,Football Polls ğŸ“Šâš½ï¸,Ireland,2020-11-12
FootyKeyrings,SD,,2020-11-12
ChelseaPuzzles,ChelseaPuzzles,SW6 1HS,2020-11-12
NathanJohn2001,Nathan John,"Cheltenham, England",2020-11-12
_ItsAllChelsea,ItsAllChelsea,"London, England",2020-11-12
triangulonyc,Triangulo,"135 W. 20th St. #301, NYC",2020-11-12
E02PR,Esra Dillon,London,2020-11-12
mallam_muhmin,Mallam Muhmin,,2020-11-12
ajoseadeniyi1,Omobolaji Ajose,Abu Dhabi lagos ,2020-11-12
HelloWilmslow,Hello! Wilmslow,"Wilmslow, Cheshire. UK",2020-11-12
Hari75556356,H4RRYN,,2020-11-12
CFCRob_22,RobğŸ’™,,2020-11-12
mrjeffbanks1,Jeff Bank$,,2020-11-12
ManchesterRTs,Manchester Retweets ğŸğŸğŸ,Manchester UK,2020-11-12
RealCheshireSet,TheRealCheshireSet,"White Nancy, Cheshire. UK.",2020-11-12
AdegbolaSulaim3,Dr. Ã“mÃ² IlÃ© IbÃ  #ENDSRASBRUTALITY ğŸ‡³ğŸ‡¬ğŸ‡¬ğŸ‡§,South side ,2020-11-12
FootyKeyrings,SD,,2020-11-12
Castellani_Arte,Pietra Lara Castellani ğŸ¨ğŸ–Œï¸,Wilmslow & Gubbio,2020-11-12
FootyKeyrings,SD,,2020-11-12
theAsianBlue,The Asian Blue ğŸ’™,Opinions Are My Own,2020-11-12
theAsianBlue,The Asian Blue ğŸ’™,Opinions Are My Own,2020-11-12
Emmanue77962533,Cypher,,2020-11-12
Marty_Rush_Blog,Marty Rush,"London, UK",2020-11-12
BenihanaUK,Benihana UK,"London (Chelsea, Piccadilly & St. Paul's) ",2020-11-12
Ervans_official,1_NAZ!RğŸ‘‘ğŸ,"Accra, Ghana",2020-11-12
CabdiShuluq66,Cabdi Salad,,2020-11-12
gmwaniki,Mwaniki Gachoki,Kenya - Kirinyaga County,2020-11-12
ashbolt97,Harry Ashbolt,,2020-11-12
djlexo_,GOLDEN BOY DJ ğŸ“€ğŸ“€,Lexical Town,2020-11-12
insider_cfc,Chelsea Insider,"Stamford Bridge, England",2020-11-12
TPeditsUK,TP Edits UK,United Kingdom,2020-11-12
fcbusiness,fcbusiness Magazine,"Newcastle Upon Tyne, England",2020-11-12
Lu_Class_,Åukasz BÄ…czek,"Olsztyn, Poland",2020-11-12
solomondoo,solomon,Nigeria ,2020-11-12
ChelseaPuzzles,ChelseaPuzzles,SW6 1HS,2020-11-12
hzqdaizuke9,chromechip,"Kuala Terengganu, Terengganu",2020-11-12
futball_chelsea,Chuks,Stamford Bridge,2020-11-12
PiusWakama,pius waka vma,,2020-11-12
philipriddell,Phil,,2020-11-12
AkashDBiradar,Akash Biradar,"Pune, India",2020-11-12
futball_chelsea,Chuks,Stamford Bridge,2020-11-12
FootyKeyrings,SD,,2020-11-12
ChelseaPuzzles,ChelseaPuzzles,SW6 1HS,2020-11-12
rajesh_chumber,Rajesh Chumber,,2020-11-12
Geo_marx1,George_o,"South East,Nigeria",2020-11-12
cas_mobile,CAS FIFA MOBILE,in my dreams â¤ï¸,2020-11-12
tammymularski,Tammy Mularski,"Birmingham, AL",2020-11-12
matchdaymemory,Matchday Memory #LookingBack,Wylye Valley,2020-11-12
MansourAlmazro2,Mansour Almazroie,Abu Dhabi,2020-11-12
TonyOtchereAnt3,TonyOtchere Anthony,,2020-11-12
PerfectPartey,ParteyShow,,2020-11-12
lovemyMatherAn1,ğŸ‡®ğŸ‡¹ğŸ‡¸ğŸ‡¦ğŸ¤²ğŸ’•God bless youğŸ’›â¤ï¸ğŸ´ğŸ—¡ï¸ğŸ¹âš”ï¸ğŸ›¡ï¸ ğŸ†23ğŸ”´âš«,Italy,2020-11-12
chris_pundit,Chris Papa - The People's Pundit,,2020-11-12
AboutChelsea_fc,ChelseaFC,Stamford bridge,2020-11-12
AboutChelsea_fc,ChelseaFC,Stamford bridge,2020-11-12
hellocheltenham,hellocheltenham,"Cheltenham, England",2020-11-12
CheltenhamMedia,Cheltenham Media,"Cheltenham, England",2020-11-12
ChelseaBrasseri,Chelsea Brasserie,"Cheltenham, Gloucestershire",2020-11-12
AFCKevin2,That Gooner Kev 2.0 ğŸ¦‹,,2020-11-12
ThatGoonerKev,The NelsÃ¶n Era ğŸ¦‹,Going 49 Undefeated,2020-11-12
NICHOLASKARTHU1,Dhatbwoyblinkx Jnr,"Accra, Ghana",2020-11-12
umer_musharaf,Umerrrr,"Bradford, England",2020-11-12
KaysEra12,Ama strong â™¥ï¸,"Tema, Ghana",2020-11-12
CFC_Wizard,ğ˜ğ˜¡Â²Â²ğŸ”¥,Stamford Bridge ,2020-11-12
CFCjoe1310,JoeğŸ’™,Stamford BridgeğŸ’™,2020-11-12
VBETnews,VBET News,"London, England",2020-11-12
Stefanonyc212,Steven Miller,NYC,2020-11-12
FelixBet4,Felix Bet,,2020-11-12
shaneneils1,Mr. SkengğŸâš¡,,2020-11-12
FanzyW,F A N Z Y â­ï¸,,2020-11-12
FootyKeyrings,SD,,2020-11-12
TairuNurudeen,Nurudeen Tairu,,2020-11-12
ManoDelamonte,Roman Wegotziyech,"Over land, sea & Leicester",2020-11-12
pv1004,pv1004,"England, United Kingdom",2020-11-12
Modestmind1,Modesty,,2020-11-12
theAsianBlue,The Asian Blue ğŸ’™,Opinions Are My Own,2020-11-12
silversun__,Silver,,2020-11-12
AntShotFirst,Cobb Vanthony,,2020-11-12
Ezeq_T7,Ezequiel,Somewhere,2020-11-12
SportsBet_Legal,SportsBetting.Legal,,2020-11-12
QueenSandy_CFC,ğŸ‘‘Â§Ã¥Ã±ÃÂ¥ Ã¾ÃªrÃªrÃ¥ğŸ‘‘,"Royal County Of Berkshire,UK",2020-11-12
_thedivorceguy,Ross,Islamabad,2020-11-12
_Nightwing10_,Alifian Rikaz Iskananda,"London, England",2020-11-12
ennison_ishmeal,Ishmael,GhanağŸ‡¬ğŸ‡­ğŸ‡¬ğŸ‡­ğŸ‡¬ğŸ‡­,2020-11-12
alex54312225582,cho the ğŸ,,2020-11-12
Onlyvycewerner,ğŸ¦,"Stamford Bridge, EkÃ³",2020-11-12
SamuelP40070436,Samuel Park,,2020-11-12
GamingDhaba57,Gaming Dhaba,India,2020-11-12
KesseScott,KESSE..SCOTT â­,"Westham, England",2020-11-12
MPMadnessPod,Moving Picture Madness,United Kingdom,2020-11-12
CFCChronicle,Chelsea Chronicle,"London, England",2020-11-12
_footypolls_,Football Polls ğŸ“Šâš½ï¸,Ireland,2020-11-12
SketchRetweets,Sketch Retweets,DeviantArt,2020-11-12
AmponsahOrtin,henry ortin,Ghana,2020-11-12
DavidMarstonArt,David Marston,,2020-11-12
comma_nfansu,Mr Ugly,London,2020-11-12
InfoSep94524346,Info SepakBolaâš½ï¸,,2020-11-12
FootyKeyrings,SD,,2020-11-12
MarboahAsare,Asare Bediako Marboah,,2020-11-12
TheChelseaSpot,The Chelsea Spot,Stamford Bridge,2020-11-12
ChelseaPuzzles,ChelseaPuzzles,SW6 1HS,2020-11-12
theAsianBlue,The Asian Blue ğŸ’™,Opinions Are My Own,2020-11-12
SamaB60,Sama B.,Abu dhabi,2020-11-12
cfsfashionorder,CELEBRITY FASHION STORE,"Loughton, East",2020-11-12
AlistairDevon,Alistair ğŸ‡©ğŸ‡ªğŸ‡ºğŸ‡¸,,2020-11-12
missionswl,Chelsea and Fulham Methodist,"Fulham, London UK",2020-11-12
lorfadi,GILLY,Rhonda,2020-11-12
OrehChrix,@chrix_oreh,Lagos Nigeria,2020-11-12
ChelseaPuzzles,ChelseaPuzzles,SW6 1HS,2020-11-12
Abba_vardy,Abba Sagir,North,2020-11-12
Nanabarhevvy,Son of a KingğŸ‘‘â¤ï¸,,2020-11-12
Caltexkk,#20,CHOâ€™s Basement X ğŸ‡¬ğŸ‡­X ğŸ‡¬ğŸ‡§,2020-11-12
MkhwanaziThaboh,Bongani_MkhwanaziğŸ‡¿ğŸ‡¦,"ğŸ“KwaZulu-Natal, Richards Bay",2020-11-12
core_chelsea,Chelsea Core,,2020-11-12
cfsfashionorder,CELEBRITY FASHION STORE,"Loughton, East",2020-11-12
core_chelsea,Chelsea Core,,2020-11-12
SilentTitan21,SilentTitan,,2020-11-12
CfcHaykay,TIMO TIME,"Ilorin, Nigeria",2020-11-12
yamnyell,dans,"New York, USA",2020-11-12
Narwallll,Nubwal,,2020-11-12
sijodavis4,Sijo Davis,"Kerala, India",2020-11-12
Biggesttomiwa,TOMMY SPORTSâš½ğŸ€,"Lagos, Nigeria",2020-11-12
FCB007a,ØºØ§Ù†Ù… Ø§Ù„ÙƒØ¹Ø¨ÙŠ,"Ø¯Ø¨ÙŠ, Ø§Ù„Ø§Ù…Ø§Ø±Ø§Øª Ø§Ù„Ø¹Ø±Ø¨ÙŠØ© Ø§Ù„Ù…ØªØ­Ø¯Ø©",2020-11-12
RJ_Goodthings,RJ,,2020-11-12
brentford3bee,Lyall,Hey Jude!!,2020-11-12
InsideForward10,ÉªÉ´êœ±Éªá´…á´‡ êœ°á´Ê€á´¡á´€Ê€á´…,,2020-11-12
Jkoerr_,Jkoerr,Channel link ,2020-11-12
Nigeriafirstson,AmazingGrace,,2020-11-12
Dan0532439154,Ø¬ÙŠÙƒ Ù…Ø³Ø§Ø¬ Ø§Ù„Ø±ÙŠØ§Ø¶,,2020-11-12
Dan0532439154,Ø¬ÙŠÙƒ Ù…Ø³Ø§Ø¬ Ø§Ù„Ø±ÙŠØ§Ø¶,,2020-11-12
Dan0532439154,Ø¬ÙŠÙƒ Ù…Ø³Ø§Ø¬ Ø§Ù„Ø±ÙŠØ§Ø¶,,2020-11-12
Dan0532439154,Ø¬ÙŠÙƒ Ù…Ø³Ø§Ø¬ Ø§Ù„Ø±ÙŠØ§Ø¶,,2020-11-12
Dan0532439154,Ø¬ÙŠÙƒ Ù…Ø³Ø§Ø¬ Ø§Ù„Ø±ÙŠØ§Ø¶,,2020-11-12
Dan0532439154,Ø¬ÙŠÙƒ Ù…Ø³Ø§Ø¬ Ø§Ù„Ø±ÙŠØ§Ø¶,,2020-11-12
AlexJanePereira,Alexandra Pereira,South London,2020-11-12
Dan0532439154,Ø¬ÙŠÙƒ Ù…Ø³Ø§Ø¬ Ø§Ù„Ø±ÙŠØ§Ø¶,,2020-11-12
Dan0532439154,Ø¬ÙŠÙƒ Ù…Ø³Ø§Ø¬ Ø§Ù„Ø±ÙŠØ§Ø¶,,2020-11-12
Dan0532439154,Ø¬ÙŠÙƒ Ù…Ø³Ø§Ø¬ Ø§Ù„Ø±ÙŠØ§Ø¶,,2020-11-12
AliyuMo75887778,Alex,,2020-11-12
Yemi_Abdullah,Adeyemi,Ogun state,2020-11-12
clikith17,Likith Chidanand,"Bangalore, India ",2020-11-12
FootyKeyrings,SD,,2020-11-12
talalalyammahi,Ø·Ù„Ø§Ù„ Ø§Ù„ÙŠÙ…Ø§Ø­ÙŠ,Abu Dhabi,2020-11-12
_thedivorceguy,Ross,Islamabad,2020-11-12
theAsianBlue,The Asian Blue ğŸ’™,Opinions Are My Own,2020-11-12
MsNemanja,Andreas Erms,"Stamford Bridge, England",2020-11-12
Sully_UTC,Craig O' Sullivan,"Bolton, England",2020-11-12
Sully_UTC,Craig O' Sullivan,"Bolton, England",2020-11-12
BelloAjibola_09,Bello Ajibola,Lagos,2020-11-12
OluwaseyiAdeko3,SHINRA âœ,"Abuja, Nigeria",2020-11-12
RJ_Goodthings,RJ,,2020-11-12
NEILSHOTDEALS,NEILSHOTDEALS,Islip New York,2020-11-12
NEILSHOTDEALS,NEILSHOTDEALS,Islip New York,2020-11-12
AlissaSarron,ğŸ’™,,2020-11-12
Hamza16431091,Hamza,,2020-11-12
MElkhoussi,Meroin BVB ğŸ’›ğŸ’›ğŸ’›ğŸ’›,Ø§Ù„Ù…Ù…Ù„ÙƒØ© Ø§Ù„Ù…ØºØ±Ø¨ÙŠØ©,2020-11-12
donziyech,Ù‹,the land of eden hazard,2020-11-12
mr_moustache18,Fahd 1ï¸âƒ£8ï¸âƒ£ğŸ‡§ğŸ‡ªğŸ‡²ğŸ‡¦ 3ï¸âƒ£4ï¸âƒ£ğŸ†,"Forest, Belgique",2020-11-12
AbdellahAarab_,Abdellah Aarab,Morocco,2020-11-12
RealUSMNT,USMNT,,2020-11-12
Yassine_ProsMar,Saaid Med Yassine,Rabat,2020-11-12
Ziyeech22,ğŸ§™â€â™‚ï¸,"Amsterdam, Nederland",2020-11-12
rodry_goat,HALA MADRID ğŸ‡§ğŸ‡ªğŸ‡²ğŸ‡¦,Belgique,2020-11-12
MVN_EN,MVN_EN (ğŸ‡¬ğŸ‡§ğŸ‡²ğŸ‡¦),"Rotterdam, Nederland",2020-11-12
FrontRowSoccer,Front Row Soccer,,2020-11-12
ProsMarocains,Almarssadpro.com,MeknÃ¨s - Maroc,2020-11-12
MKevmore,Infamous Villain.,"5.1417054,7.3321642,12",2020-11-12
Slyelaigwu1,Slyelaigwu,,2020-11-12
Real_DMacheda,Darlington Machedaâ„¢,Mind Your Business,2020-11-12
sanshui596,sandra smith,Shan Shui,2020-11-12
gurama_a,Dauda A Gurama,,2020-11-12
FootyKeyrings,SD,,2020-11-12
theAsianBlue,The Asian Blue ğŸ’™,Opinions Are My Own,2020-11-12
theAsianBlue,The Asian Blue ğŸ’™,Opinions Are My Own,2020-11-12
bence_bednar,Bence BednÃ¡r,MagyarorszÃ¡g,2020-11-12
CFCFanVI,"Ramona, CFC Fan VI ğŸ’™",Beautiful British Columbia,2020-11-12
jigavybes,rhetorical,"Lagos, Nigeria",2020-11-12
ChelseaChadder,Chad,"MHL, Gate 9",2020-11-12
FFootballShirts,FFSFootballShirts,"Birmingham, England",2020-11-12
FFootballShirts,FFSFootballShirts,"Birmingham, England",2020-11-12
malumpfy,toby gilham,"London, England",2020-11-12
heathertanchuck,Heather Tanchuck,West Los Angeles,2020-11-12
Smyleen69,Nuru Deen,,2020-11-12
Chegzy_Jay,FCğŸ¶â¤ï¸,"Ogun, Nigeria",2020-11-12
gurama_a,Dauda A Gurama,,2020-11-12
ryanleegregory,Ryan Lee Gregory,,2020-11-12
imploremeboss,Blueforever,"Sainte-Suzanne, La RÃ©union",2020-11-12
droplets14,augustineğŸ’§,,2020-11-12
malumpfy,toby gilham,"London, England",2020-11-12
OllieGlanvill,Ollie Glanvill,London,2020-11-12
ChelseaPuzzles,ChelseaPuzzles,SW6 1HS,2020-11-12
Chelseadave2,dave,london,2020-11-12
TerryNartey1,Bra_Terrie,"Accra, Ghana",2020-11-12
FootyKeyrings,SD,,2020-11-12
harunabakojr,H A R U N A II,Nigeria,2020-11-12
deedeeporige,Holly Wood CFC,England London,2020-11-12
RomeoAfrane1_,Romeo Afrane Romanoâ„¢ğŸ‡¬ğŸ‡­ğŸŒ,Kumasi Ghana,2020-11-12
ngsportstv,NGsports,Lagos,2020-11-12
ChelseaPuzzles,ChelseaPuzzles,SW6 1HS,2020-11-12
tmj_bos_writing,Boston Writing Jobs,"Boston, MA",2020-11-12
CFCChronicle,Chelsea Chronicle,"London, England",2020-11-12
princeIbk1,Big BÂ©Â§Â§ Ë¢áµ€ğŸ”± ğŸ”±,Brekete Kingdom ğŸ”±,2020-11-12
FAWSLFT,FAWSL Full-Time,"Darlington, England",2020-11-12
LoganJnr3,CEO_Logan jnr,,2020-11-12
OrozcoOfficial,Juan,At a Place Called Vertigo,2020-11-12
CfccarefreeIG,Chelsea Carefree,,2020-11-12
PalmerJude,Jude Palmer,,2020-11-12
ChelseaChadder,Chad,"MHL, Gate 9",2020-11-12
FootyKeyrings,SD,,2020-11-12
_kofiboakye,KB,"Accra, Ghana",2020-11-12
__ablizzy,ğ“†‰,"Massachusetts, USA",2020-11-12
REP_Andres_,Andres,"Houston, TX",2020-11-12
shay_ovoos,Shay_ovoos,,2020-11-12
MadDaniels1,Mad Moody,"Bern, Switzerland",2020-11-12
salifu_halifa,Salifu Halifa,"Greater Accra, Ghana",2020-11-12
shaneneils1,Mr. SkengğŸâš¡,,2020-11-12
Kingfamousgh,FAMOUS GHğŸ‘¾,UEW -Kasoa boy,2020-11-12
jacobeshun2,jacobeshun,western region.Bogoso,2020-11-12
FootyKeyrings,SD,,2020-11-12
AnthonyC_Eri,Anthony EriğŸ‡¨ğŸ‡¦,Canada,2020-11-12
deejayrancho,ALUTA RANCHO ğŸ”¥ğŸ…ğŸ‡³ğŸ‡¬,,2020-11-12
tossin_O,Kaniel Outis,Nigeria,2020-11-12
theAsianBlue,The Asian Blue ğŸ’™,Opinions Are My Own,2020-11-12
HaydenKing02,Hayden King,,2020-11-12
matTemitope,Adekola Temitope mat,,2020-11-12
bI8des,blades,England,2020-11-12
Chelseaquiin,#EndSARS,In Christ ,2020-11-12
OllieGlanvill,Ollie Glanvill,London,2020-11-12
TheChelseaSpot,The Chelsea Spot,Stamford Bridge,2020-11-12
OllieGlanvill,Ollie Glanvill,London,2020-11-12
LondonsFinestS2,London's Finest Show Feed,,2020-11-12
austin4sports,austin4sports,London,2020-11-12
KitWEARHouse,KitWEARhouse,,2020-11-12
BigAppleSoccer,Big Apple Soccer,"ÃœT: 40.839589,-73.122026",2020-11-12
iamtobiade,Akinola,Peegyn,2020-11-12
Habiola17750376,Habiola,Nigeria,2020-11-12
FootyKeyrings,SD,,2020-11-12
ManlikeDesire,Desire Ademiluyi,"Ilorin, Nigeria",2020-11-12
Oshiocee,Jay,,2020-11-12
DB_Fine_Art,Dean Borghi Fine Art,"529 West 20th Street, 6th Floor, New York, NY 10011",2020-11-12
Habiola17750376,Habiola,Nigeria,2020-11-12
iprecious59,Zuco âš“ï¸,"Owerri, Nigeria",2020-11-12
Geo_marx1,George_o,"South East,Nigeria",2020-11-12
CFCChronicle,Chelsea Chronicle,"London, England",2020-11-12
Anas_danmallik,Costtrouble,NG,2020-11-12
yoruba_boy10,king_Prime,IBADAN ,2020-11-12
Soccerwriter,Michael Lewis,@soccerwriter,2020-11-12
vw78bay,Rob Williams,,2020-11-12
FootyKeyrings,SD,,2020-11-12
LondonsFinestQU,London's Finest,,2020-11-12
Sir_kay__,Kay0d3,Canada in Jesus Name,2020-11-12
Werder_RT,Werder RT,Bremen,2020-11-12
ChelseaPuzzles,ChelseaPuzzles,SW6 1HS,2020-11-12
AbiolaMelody,Melody,,2020-11-12
DeadlyStamford,Deadlyâ­â­,Stamford Bridge,2020-11-12
sentry_guy,Seyi,Lagos Nigeria,2020-11-12
Geo_marx1,George_o,"South East,Nigeria",2020-11-12
AHHBOT,ROBOT LOSC,,2020-11-12
AcquasiB,Havertz Jnr,Aprade,2020-11-12
kolagoke20,Kolade Olashile Olagoke,Ikotun,2020-11-12
Michaelola4527,Michael ola,"Ibadan, Nigeria",2020-11-12
LondonsFinestQU,London's Finest,,2020-11-12
harkhin_khunmi,Oloyede Akinkunmi Simeon,Nigeria,2020-11-12
ChelseaPuzzles,ChelseaPuzzles,SW6 1HS,2020-11-12
thekay007,Kay,,2020-11-12
nanaadjei_LY,Bhra LARYEA,"Accra, Ghana",2020-11-12
Ifeoluwa_duth,Ifeoluwa,Nigeria,2020-11-12
ibrahimtune,chelseablood,,2020-11-12
Real_DMacheda,Darlington Machedaâ„¢,Mind Your Business,2020-11-12
AlMaskary,âœª Ù…Ø­Ù…Ø¯ Ø§Ù„Ù…Ø³ÙƒØ±ÙŠ, ,2020-11-12
ojo_ahmed,Anikulapo Coochie ğŸ‡¦ğŸ‡¶ğŸ¦,IYH,2020-11-12
marule00,Luka Markovic,,2020-11-12
aasszznnee,Asznee,,2020-11-12
AylesfordInt,AylesfordInt,"London, England",2020-11-12
Turbo__Timo,Timo,"Lagos, Nigeria",2020-11-12
otee_smlz,NIGERIA BLEEDS #ENDSARS,StonevilleğŸŒ¿ğŸ” ğŸŒ¿,2020-11-12
king_slider,Don DadağŸ‘‘,"Lagos, Nigeria",2020-11-12
Sethakande,Mr seth-skeng shelby,,2020-11-12
RomansEmpirePod,Roman's Empire Pod,"Los Angeles, CA",2020-11-12
LondonsFinestQU,London's Finest,,2020-11-12
stamford_bridge,History of ChelseaFC,London SW6,2020-11-12
benzeema007,#SARSMUSTENDâœŠâœŠ,"Yenagoa, Nigeria",2020-11-12
fluentmediag,Raul Mateu,,2020-11-12
stamford_bridge,History of ChelseaFC,London SW6,2020-11-12
jamesne60235676,james newton,,2020-11-12
james_candour,LIBERATION,"Lagos, Nigeria",2020-11-12
flyingeze,Flying Eze,,2020-11-12
rebeccawalshol2,rebecca ğŸ’™ğŸ’™ğŸ’™ğŸ’™ ğŸ„ğŸ„,"Mayo, Ireland",2020-11-12
LoyalFootballCo,Loyal Football Co.,Australia,2020-11-12
Alhassa83518932,Abdul JNR POGBAğŸ’“ğŸ™Œ,"Upper West, Ghana",2020-11-12
hasan01mahmud1,Hasan01Mahmud,"Dhaka,Bangladesh",2020-11-12
TurksonCee,Cee Turkson,"Accra, Ghana",2020-11-12
Papylo9,Papylo,,2020-11-12
CFCChronicle,Chelsea Chronicle,"London, England",2020-11-12
highhavertz,ajinkya rahane apologist,,2020-11-12
krisho1980,KRISHAN ODEDRA,,2020-11-12
chivomapius,WelBeast,Everywhere,2020-11-12
CfcEesa,Eesa Hussain,United Kingdom,2020-11-12
kengel_13,Daniel,Nigeria,2020-11-12
Real_DMacheda,Darlington Machedaâ„¢,Mind Your Business,2020-11-12
jacobeshun2,jacobeshun,western region.Bogoso,2020-11-12
Ran95926198,Ran 0532439154,,2020-11-12
johncarley1966,John Carley,Wembley Middlesex. ,2020-11-12
AdekoyaAdeniy16,Adekoya Adeniyi,,2020-11-12
Ran95926198,Ran 0532439154,,2020-11-12
Ran95926198,Ran 0532439154,,2020-11-12
batsflip,Maxime,,2020-11-12
CFCValentine,Valentine Miller,"Harare, Zimbabwe",2020-11-12
Ran95926198,Ran 0532439154,,2020-11-12
Ran95926198,Ran 0532439154,,2020-11-12
AbsoluteChelsea,Absolute Chelsea,,2020-11-12
The_wordsmith10,BENGAZYğŸ‘‘,"Kasoa, Ghana",2020-11-12
YusufJiyah,wambaiÂ¹,konohaâ™Œ,2020-11-12
FootyKeyrings,SD,,2020-11-12
ElChapo099,PULISICâ€™S BOOTS ğŸ”¥ğŸ’™ğŸš€,Ghana,2020-11-12
shaneneils1,Mr. SkengğŸâš¡,,2020-11-12
batsflip,Maxime,,2020-11-12
theAsianBlue,The Asian Blue ğŸ’™,Opinions Are My Own,2020-11-12
Dan0532439154,Ø¬ÙŠÙƒ Ù…Ø³Ø§Ø¬ Ø§Ù„Ø±ÙŠØ§Ø¶,,2020-11-12
theAsianBlue,The Asian Blue ğŸ’™,Opinions Are My Own,2020-11-12
ManUtdFanKe,manchester united  fansğŸ‡°ğŸ‡ª,"Nairobi, Kenya",2020-11-12
nsarko_2131,uncle nsarko,traveller ,2020-11-12
Kwa_bena18,The boy ğŸ‘¦,"Kasoa, Ghana",2020-11-12
Dan0532439154,Ø¬ÙŠÙƒ Ù…Ø³Ø§Ø¬ Ø§Ù„Ø±ÙŠØ§Ø¶,,2020-11-12
KelvinExcel4,Kelvin Excel,"Nairobi, Kenya",2020-11-12
Dan0532439154,Ø¬ÙŠÙƒ Ù…Ø³Ø§Ø¬ Ø§Ù„Ø±ÙŠØ§Ø¶,,2020-11-12
big_bentweet,big_ben,,2020-11-12
uchee_fia,uche,"Lagos, Nigeria",2020-11-12
GriffithPallett,Griff-Pall,,2020-11-12
Chilo617,Isidro Moreno,,2020-11-12
thepawnbroker1,Phil O'Brien,,2020-11-12
BrewBalcony,BalconyBrewReview,,2020-11-12
GeemChelseaFC,Hageem_10,,2020-11-12
fan_cornell,CornellHockeyFan,"Wynantskill, NY",2020-11-12
PaulMBanks,Socially Distant Paul M Banks,"Gold Coast, Chicago, IL, USA",2020-11-12
footywatching,Sports,,2020-11-12
footywatching,Sports,,2020-11-12
lgd_holy,#HighestğŸ¯,Ghana,2020-11-12
_CFCAlex_,Ä…Æ–É›Ò³ ğŸ¥µğŸ’¯,,2020-11-12
Citywide45,Richard Louis,#KTBFFH #UpTheChels,2020-11-12
shill306,Stephen Hill ğŸ´ó §ó ¢ó ¥ó ®ó §ó ¿,"England, United Kingdom",2020-11-12
AbsoluteChelsea,Absolute Chelsea,,2020-11-12
MrPositivity20,ğ‘´ğ’“. ğ‘·ğ’ğ’”ğ’Šğ’•ğ’Šğ’—ğ’Šğ’•ğ’š,,2020-11-12
LucasDayan23,DAYANWAY/ChinitoWanWan,MIA,2020-11-12
theway_prem,Prem Dave,,2020-11-12
degreatkhali,Top-Dog,NYğŸŒ ,2020-11-12
AbsoluteChelsea,Absolute Chelsea,,2020-11-12
WSNFootball247,FOOTBALL247,London,2020-11-12
GULLITFANCFC,Jimboburrell,"England, United Kingdom",2020-11-12
WSNet_CAR,WSNet_CARRIBEAN,,2020-11-12
iga_1a,Iga1,PolandğŸ‡µğŸ‡±,2020-11-12
Biizzle___,Hakim BizzleğŸ‡³ğŸ‡¬,"Lagos, Nigeria",2020-11-12
lgd_holy,#HighestğŸ¯,Ghana,2020-11-12
_waheed_96,Vâµ ğ†âµ â²ƒâ°ğâ…… ğ—¦â°àº›â”• (CFC) ğŸ’™,,2020-11-12
CFCChronicle,Chelsea Chronicle,"London, England",2020-11-12
Four1041,Four,Viá»‡t Nam,2020-11-12
SilentWalkerRT,Hao Nguyen,United Kingdom,2020-11-12
londonpride360,London,,2020-11-12
woofeyz,à¸•à¸´à¹Šà¸™à¸¹à¹ˆà¸¡ ğŸ’™ğŸŒˆ,ChelseağŸ’™,2020-11-12
TheChelseaSpot,The Chelsea Spot,Stamford Bridge,2020-11-12
habibmohammed09,HABIB A.MOHAMMED,Ghana,2020-11-12
rebeccawalshol2,rebecca ğŸ’™ğŸ’™ğŸ’™ğŸ’™ ğŸ„ğŸ„,"Mayo, Ireland",2020-11-12
AbsoluteChelsea,Absolute Chelsea,,2020-11-12
adieujeunesse,* NOT granger's boyfriend,please read carrd ! ,2020-11-12
flyingeze,Flying Eze,,2020-11-12
droplets14,augustineğŸ’§,,2020-11-12
NNPremierLeague,Premier League News Now,,2020-11-12
Bobbybe61302993,Prestige,Nigeria ,2020-11-12
habeeb_adesina,olardimeji__Ë¢áµ€ğŸ”±ğŸ¦ğŸ˜ˆ,"Ogun, Nigeria",2020-11-12
FootyKeyrings,SD,,2020-11-12
RakafGh,A F A ğŸ‡¬ğŸ‡­,Tema-Ghana,2020-11-12
ChelseaPuzzles,ChelseaPuzzles,SW6 1HS,2020-11-12
tmj_tul_transp,TMJ-TUL Transp. Jobs,"Tulsa, OK",2020-11-12
theAsianBlue,The Asian Blue ğŸ’™,Opinions Are My Own,2020-11-12
AlexMoorsey22,Alex Moore,"Dharhan, Saudi Arabia ",2020-11-12
struttsthebeach,Strutt & Parker Chelsea SW10,"140 Fulham Road, Chelsea SW10 9PY",2020-11-12
ChelseaPuzzles,ChelseaPuzzles,SW6 1HS,2020-11-12
madtingz_,â€¢,,2020-11-12
MugabeMo,JM,"Manchester, England",2020-11-12
struttsthebeach,Strutt & Parker Chelsea SW10,"140 Fulham Road, Chelsea SW10 9PY",2020-11-12
Skbondze,flyest in chargeğŸ’€,"Greater Accra, Ghana",2020-11-12
8pqn1,ğ‘¶ğ‘´ğ‘¨ğ‘¹ğŸ–¤,,2020-11-12
mex_chelsea,Chelsea Fans,Mexico City,2020-11-12
dagarrre0,ibnu dagare ğŸ•˜,Palestine,2020-11-12
Nicocantor1,Nico Cantor,"London, England",2020-11-12
RowdieUk,Rowdieuk,United Kingdom,2020-11-12
SparrowDesmond,DsexmondğŸ‘…Serial #EndSarsğŸ˜·Retweeter. xplicitConte,Nigeria,2020-11-12
djlexo_,GOLDEN BOY DJ ğŸ“€ğŸ“€,Lexical Town,2020-11-12
CFCChronicle,Chelsea Chronicle,"London, England",2020-11-12
atoms_nuclear,Nuclear Atoms,"Dhaka, Bangladesh",2020-11-12
cnstvja,Cable News & Sports TV,,2020-11-12
KingMoLFC,ğŸ‡ªğŸ‡¬ğŸ‘‘,,2020-11-12
thekay007,Kay,,2020-11-12
OneManKaizer,Kaizer.âš“,the whole world.,2020-11-12
wezza_88,Wez,Manchester,2020-11-12
ElChapo099,PULISICâ€™S BOOTS ğŸ”¥ğŸ’™ğŸš€,Ghana,2020-11-12
KickoffMH,Kick Off With Moorsey & Hutch,,2020-11-12
newschainwomen,NewsChain Women's Sport,United Kingdom,2020-11-12
rmadridism,rmadridism,,2020-11-12
AllanKhash,Boss Player,,2020-11-12
livescore,LiveScore,URL,2020-11-12
lgd_holy,#HighestğŸ¯,Ghana,2020-11-12
AbsoluteChelsea,Absolute Chelsea,,2020-11-12
FootyKeyrings,SD,,2020-11-12
SportIn_Global,Sportin_global,"Molde, Norge",2020-11-12
theAsianBlue,The Asian Blue ğŸ’™,Opinions Are My Own,2020-11-12
theAsianBlue,The Asian Blue ğŸ’™,Opinions Are My Own,2020-11-12
WanFaridKamil,MaldiniFaridKamil,"Kuala Lumpur, Malaysia.",2020-11-12
rajesh_chumber,Rajesh Chumber,,2020-11-12
AFS11v11,AFS - Football Stats,London,2020-11-12
RansfordCobbin4,Ransford Pjay,"Nsuaem, Ghana",2020-11-12
QueenSandy_CFC,ğŸ‘‘Â§Ã¥Ã±ÃÂ¥ Ã¾ÃªrÃªrÃ¥ğŸ‘‘,"Royal County Of Berkshire,UK",2020-11-12
jhybow_whiskey,Mr. JB S.M.I.L.EğŸ¹ğŸºğŸ¼,"Lagos, Nigeria",2020-11-12
kabal30,LazyNigeriaYouth ğŸ’­â„ï¸ #EndSwat ğŸ’¯,"Lagos, Nigeria",2020-11-12
Raycfc17,RAYğŸ‡³ğŸ‡¬ğŸ’™,Estadio Puente Stamford,2020-11-12
SenBanter,Sen_Fi_Dem_Banter,"England, United Kingdom",2020-11-12
Uyanda68492837,Uyanda,,2020-11-12
ChelseaChadder,Chad,"MHL, Gate 9",2020-11-12
cfcfc4eva,Bigsam,,2020-11-12
tiengudda,Tien Nguyen,"Ho Chi Minh, Vietnam",2020-11-12
okumakese,Okum Akese,"Wa, Upper West,Ghana",2020-11-12
Citso_Al,C-tso,"Ho, Ghana",2020-11-12
harve65,Mark Harvey,istanbul,2020-11-12
soccer_soccerMC,City ã€œPremierLeagueã€œ,,2020-11-12
SandraS27874170,Sandra Smith,,2020-11-12
SandraS27874170,Sandra Smith,,2020-11-12
_ItsAllChelsea,ItsAllChelsea,"London, England",2020-11-12
suzytuny4u,Sodeeq Opeyemi,"Lagos, Nigeria",2020-11-12
Am_zeus_mckaine,Zeus....ğŸ˜,,2020-11-12
Cruyff_Junior,CRUYFF JR.,,2020-11-12
CISCTiruppur,Chelsea India - Tiruppur (at ğŸ ),"Tiruppur, India",2020-11-12
AlexandraFree19,Alexandra Freeman,,2020-11-12
AlexandraFree19,Alexandra Freeman,,2020-11-12
RomansEmpirePod,Roman's Empire Pod,"Los Angeles, CA",2020-11-12
REP_Andres_,Andres,"Houston, TX",2020-11-12
_waheed_96,Vâµ ğ†âµ â²ƒâ°ğâ…… ğ—¦â°àº›â”• (CFC) ğŸ’™,,2020-11-12
ChelseaPuzzles,ChelseaPuzzles,SW6 1HS,2020-11-12
ScottGunner1,Scott Gunner,wickford Essex,2020-11-12
rebeccawalshol2,rebecca ğŸ’™ğŸ’™ğŸ’™ğŸ’™ ğŸ„ğŸ„,"Mayo, Ireland",2020-11-12
breezyZS,âš’ğŸ‡¬ğŸ‡§,"Leicester, England",2020-11-12
AlkoSuoo,Suoo ğŸ’€,,2020-11-12
athanusjorge,George Athanus William,,2020-11-12
FootyKeyrings,SD,,2020-11-12
ChelseaPuzzles,ChelseaPuzzles,SW6 1HS,2020-11-12
samdoria13,sambrosa,,2020-11-12
Emecinho_SNR,Cinho!âœ¨,,2020-11-12
SBemmah,STORM,Dormaa Ahenkro,2020-11-12
footballitalia,footballitalia,,2020-11-12
BrendaPerrott,Brenda P. Williamson - Congrats to Pres. Biden,,2020-11-12
Ndidi78660383,Ndidi,,2020-11-12
KisaEd,Man like ED ğŸ‡ºğŸ‡¬ğŸ‡°ğŸ‡ª,Uganda,2020-11-12
flyingeze,Flying Eze,,2020-11-12
lgd_holy,#HighestğŸ¯,Ghana,2020-11-12
ShanShui1946,Sandra Smith,Sussex,2020-11-12
ShanShui1946,Sandra Smith,Sussex,2020-11-12
derekjennings17,Derek Jennings,,2020-11-12
LizzieFuller19,Lizzie Fuller,,2020-11-12
LizzieFuller19,Lizzie Fuller,,2020-11-12
JohnIceAgency,john bolton,"Crawley, England",2020-11-12
NhanNgu75347791,Nhan Nguyen,,2020-11-12
jimohisah6,Chelsea Blue fan,"Abuja, Nigeria",2020-11-12
4lvo_,#Mugeiesque,kapsabet,2020-11-12
skinyai,STEVE KINYAI,Nairobi Kenya,2020-11-12
ProtestSPb,Protest SPb,"Saint Petersburg, Russia",2020-11-12
Papylo9,Papylo,,2020-11-12
AFCReading,AFC Reading,"Reading, England",2020-11-12
FootyKeyrings,SD,,2020-11-12
Nanabarhevvy,Son of a KingğŸ‘‘â¤ï¸,,2020-11-12
FootyKeyrings,SD,,2020-11-12
DomusHolmes,DomusHolmesPropertyFinder,United Kingdom,2020-11-12
theAsianBlue,The Asian Blue ğŸ’™,Opinions Are My Own,2020-11-12
theAsianBlue,The Asian Blue ğŸ’™,Opinions Are My Own,2020-11-12
AndrewJason89,Andrew Jason,Malaysia,2020-11-12
nsarko_2131,uncle nsarko,traveller ,2020-11-12
CFCJackspencer,jack,,2020-11-12
AslamBakar3,AslamBakar,United Kingdom,2020-11-12
nii_thompson30,IRAQ,,2020-11-12
ike_waasafi,Adviser Wa Arrizabalaga,Naivasha,2020-11-12
Thomas_SheIby,SRH Fan,Yahi kahin,2020-11-12
TransportNotice,Transport Notices,,2020-11-12
SAMJAYDKING,ğŸ‘‘SAMJAYDKINGğŸ‘‘ ğŸ’£,NIGERIA,2020-11-12
_AyoadeJNR,AyoğŸ’™ğŸ¥,,2020-11-12
FrinaryK,Frinary Kithinji,,2020-11-12
beardesque,Yusuf,,2020-11-12
yzygamer,LE GAMA,Ivory Coast,2020-11-12
TairuNurudeen,Nurudeen Tairu,,2020-11-12
Habiola17750376,Habiola,Nigeria,2020-11-12
Lybanicku,Sebas Lybanicku,"Jakarta Barat, DKI Jakarta",2020-11-12
Jertynooo,JDIV,"Paris, France",2020-11-12
sadiqsabo,Ferocious WOLF,BUSH CAMP,2020-11-12
DembaPete,Petey,London,2020-11-12
dantecilino,dantecilino10,,2020-11-12
TheKitmanUK,TheKitman.co.uk,"Bristol, England",2020-11-12
mayle_jill,jill mayle,"Chelmsford, England",2020-11-12
Mouad_CWW,Mouad,,2020-11-12
netrising1,nnaemeka ken,"Lagos, Nigeria",2020-11-12
AbsoluteChelsea,Absolute Chelsea,,2020-11-12
ebeycoyb4,PHISH,,2020-11-12
francisthealien,F.T.A,the pineapple under the sea,2020-11-12
uygaraluclu97,Uygar Walker,,2020-11-12
Elite_clubb,BET 365 - TIPSTER FIXING,naples ,2020-11-12
AtTheBridgePod,At The Bridge Pod: A Chelsea FC Podcast,United Kingdom,2020-11-12
Jennykeane6,Jenny keane,,2020-11-12
ChelseaPuzzles,ChelseaPuzzles,SW6 1HS,2020-11-12
talkchelsea,Talk Chelsea,"London, England",2020-11-12
rebootonline,Reboot,London and Hertfordshire,2020-11-12
neiltonpentre,Neil Richard Davies,,2020-11-12
ChelseaPuzzles,ChelseaPuzzles,SW6 1HS,2020-11-12
FootyKeyrings,SD,,2020-11-12
ThatsMeFlawless,Mr TakeNote,Manchester,2020-11-12
GreigSar1,Greig Sarath ğŸ˜,"Good old St.Ives, Cambs.",2020-11-12
RoryMcAnuff,McChinnes,,2020-11-12
monstarcfc,monstarCFC,"City of London, London",2020-11-12
CamTayylor,Cameron,,2020-11-12
PaulNagle3,Paul Nagle,Everton FC,2020-11-12
andoh_poku,DÂ£NARDğŸ§¯,,2020-11-12
TFTMedia1,Football Terrace FC,"South East, England",2020-11-12
BennyHi76432294,Benny Hill,,2020-11-12
ArahGh,Fear_of_GodğŸ‡¬ğŸ‡­ğŸ‡³ğŸ‡¬ğŸ’«,"Tamale, Ghana",2020-11-12
grandpasaypenis,im bleeding out,stamford bridge,2020-11-12
RomanUncle,Roman Uncle,,2020-11-12
FootyKeyrings,SD,,2020-11-12
DidsRT,Didsbury RT,Didsbury,2020-11-12
SteveP37,Steve Palmer,,2020-11-12
te_dd_,ted,,2020-11-12
_60n7,â€¢,,2020-11-12
RealCheshireSet,TheRealCheshireSet,"White Nancy, Cheshire. UK.",2020-11-12
Juliandh10,JuliÃ¡n.,,2020-11-12
theAsianBlue,The Asian Blue ğŸ’™,Opinions Are My Own,2020-11-12
vietto21,ok4,,2020-11-12
HelloWilmslow,Hello! Wilmslow,"Wilmslow, Cheshire. UK",2020-11-12
cjplays13,cjplaysfm,"Stoke-on-Trent, England",2020-11-12
KickItOutRYG,Raise Your Game,England,2020-11-12
FootTheBall,FootTheBall,Locker Room,2020-11-12
FFMSW6,Fulham Farmers' Market,"St. Johnâ€™s Church, SW6 1PB",2020-11-12
Oldskoolawayday,OldskoolawaydaysğŸ‡¬ğŸ‡§,,2020-11-12
ManchesterRTs,Manchester Retweets ğŸğŸğŸ,Manchester UK,2020-11-12
Castellani_Arte,Pietra Lara Castellani ğŸ¨ğŸ–Œï¸,Wilmslow & Gubbio,2020-11-12
CFCChronicle,Chelsea Chronicle,"London, England",2020-11-12
_AndrewColley,Andrew Colley,"High Wycombe, England",2020-11-12
francisofasisi_,ğ€ğ¬ğ¢ğ¬ğ¢,"Federal Capital Territory, Nig",2020-11-12
EBStatto,Brian Spurrell ğŸ‡¬ğŸ‡§ğŸ‡ªğŸ‡º,Bexleyheath,2020-11-12
James_Wilky19,Wilky,North,2020-11-12
I_am_PJS,Phil,,2020-11-12
Jangmeister,"Pedro, Alegadamente Bandido a TÃ­tulo Pessoal",,2020-11-12
FootyKeyrings,SD,,2020-11-12
junkcok,Tat Twam Asi,Kampung Pesilat - Bumi Reyog PP,2020-11-12
TerraceImages,Terrace Images,,2020-11-12
ChelseaPuzzles,ChelseaPuzzles,SW6 1HS,2020-11-12
theAsianBlue,The Asian Blue ğŸ’™,Opinions Are My Own,2020-11-12
theAsianBlue,The Asian Blue ğŸ’™,Opinions Are My Own,2020-11-12
nayandine,nayandine,,2020-11-12
dagezthewind,chasing thewind,yishun,2020-11-12
ChelseaPuzzles,ChelseaPuzzles,SW6 1HS,2020-11-12
FathulAkmar,Fathul Akmar,Sw6 London | 55100 K.L,2020-11-12
its_Aadey,Adeyinka,London,2020-11-12
Ryan5480,ryan_5480,,2020-11-12
edeekene1,Ede Ekene,"Lagos, Nigeria",2020-11-12
NijiyeH,Engr. SegunğŸ‡³ğŸ‡¬,"Rivers, Nigeria",2020-11-12
cadogantate,CadoganTate,London Paris NY LA Cote d'Azur,2020-11-12
FootyKeyrings,SD,,2020-11-12
iamkf2,iamk.f,,2020-11-12
theAsianBlue,The Asian Blue ğŸ’™,Opinions Are My Own,2020-11-12
theAsianBlue,The Asian Blue ğŸ’™,Opinions Are My Own,2020-11-12
Nicocantor1,Nico Cantor,"London, England",2020-11-12
FelixBet4,Felix Bet,,2020-11-12
ValescaVic,kvng_bee,,2020-11-12
mikenovonn,NOVON ğŸ•¯,,2020-11-12
CourtneySparke5,ğŸ„Courtney SparkesğŸ„,"East Preston, England",2020-11-12
fine_akwa_girl,Angel ğŸ’‹,,2020-11-12
CFC_Taurus,Taurus,"Osun, Nigeria",2020-11-12
TheChelseaSpot,The Chelsea Spot,Stamford Bridge,2020-11-12
depp05,Deep Thakker,,2020-11-12
TheChelseaSpot,The Chelsea Spot,Stamford Bridge,2020-11-12
Raine_draws,Raineâœ,"Ontario, Canada",2020-11-12
ose_certified,I never walk alone #ENDSARS,"Port Harcourt, Nigeria",2020-11-12
CFCChronicle,Chelsea Chronicle,"London, England",2020-11-12
claireroberts01,Claire Roberts ğŸ“±+ ğŸš˜ = âŒ,Bristol,2020-11-12
ChelseaPuzzles,ChelseaPuzzles,SW6 1HS,2020-11-12
Laryhea_7,Ujay,"Accra, Ghana",2020-11-12
FootyKeyrings,SD,,2020-11-12
fakkythecreator,âˆ,justine skye,2020-11-12
HakimTheDream01,Ø­ÙƒÙŠÙ… Ø²ÙŠØ®,,2020-11-12
ChelseaPuzzles,ChelseaPuzzles,SW6 1HS,2020-11-12
clickgists,Click Gist,,2020-11-12
ViziFootball,Vizi Football,,2020-11-12
kingsley_onyeri,Kingzlay,"Abuja, Nigeria",2020-11-12
cadogantate,CadoganTate,London Paris NY LA Cote d'Azur,2020-11-12
theretropatch,Yung E,"Lagos,Nigeria",2020-11-12
Glen_Maney,Glen Maney,London,2020-11-12
YKTSFootball,You Know The Score,The Terraces ,2020-11-12
ManeyGlen,Glen_Maney_Talks_Chelsea,,2020-11-12
Citywide45,Richard Louis,#KTBFFH #UpTheChels,2020-11-12
HealthcareSyk,SYK Healthcare Recruitment Specialists,"Keighley, England",2020-11-12
RasaqJamiuO,Rasaq Jamiu Olamilekan,"Ijebu-Ode, Nigeria",2020-11-12
NowgoalScore,Nowgoal Livescore,,2020-11-12
e_mawutor,Qwadwo,"Accra,Ghana",2020-11-12
beautyinmysound,Boybims,,2020-11-12
FootyKeyrings,SD,,2020-11-12
theAsianBlue,The Asian Blue ğŸ’™,Opinions Are My Own,2020-11-12
theAsianBlue,The Asian Blue ğŸ’™,Opinions Are My Own,2020-11-12
theAsianBlue,The Asian Blue ğŸ’™,Opinions Are My Own,2020-11-12
its_just_natty_,Isaac Dauda,"Abuja, Nigeria",2020-11-12
ChelseaChadder,Chad,"MHL, Gate 9",2020-11-12
lammieee_,AthelstanğŸš,,2020-11-12
Romaithy10,Ù….Ù…Ø­Ù…Ø¯ Ø§Ù„Ø±Ù…ÙŠØ«ÙŠ,"Abu Dhabi, United Arab Emirates",2020-11-12
baeofthebaeless,Joshua Abraham,"Federal Capital Territory, Nigeria",2020-11-12
jacobeshun2,jacobeshun,western region.Bogoso,2020-11-12
OluwaseyiAdeko3,SHINRA âœ,"Abuja, Nigeria",2020-11-12
depp05,Deep Thakker,,2020-11-12
Citywide45,Richard Louis,#KTBFFH #UpTheChels,2020-11-12
RomansEmpirePod,Roman's Empire Pod,"Los Angeles, CA",2020-11-12
FootballKN1,Kyrylo Nesterenko,Ğ£ĞºÑ€Ğ°Ğ¸Ğ½Ğ° ğŸ‡ºğŸ‡¦,2020-11-12
notIennon,Lennon ğŸŒµâ›„ï¸,FT/HHT,2020-11-12
CFCChronicle,Chelsea Chronicle,"London, England",2020-11-12
_Demi69,ğŸ‘‘,InYourGuts,2020-11-12
lelourdHM,Le H,,2020-11-12
BueSuluxsardi,Sandy Mac,Sussex,2020-11-12
BueSuluxsardi,Sandy Mac,Sussex,2020-11-12
ChelseaChadder,Chad,"MHL, Gate 9",2020-11-12
ChelseaPuzzles,ChelseaPuzzles,SW6 1HS,2020-11-12
ChelseaPuzzles,ChelseaPuzzles,SW6 1HS,2020-11-12
FootyKeyrings,SD,,2020-11-12
ChelseaChadder,Chad,"MHL, Gate 9",2020-11-12
Mosesfixedodd_,Mr Moses Okafor,"Lagos, Nigeria",2020-11-12
Mosesfixedodd_,Mr Moses Okafor,"Lagos, Nigeria",2020-11-12
CynthiaAdelek14,Cynthia Adeleke,,2020-11-12
kinadunda,Kitenesi,"Acapulco de JuÃ¡rez, Guerrero",2020-11-12
Lampardsleftnut,Frank Jr,"London, England",2020-11-12
Prodigy_1K,~,London,2020-11-12
depp05,Deep Thakker,,2020-11-12
CFCChronicle,Chelsea Chronicle,"London, England",2020-11-12
ChelseaChadder,Chad,"MHL, Gate 9",2020-11-12
the_messimist,ABHISHEK,ğŸ‡®ğŸ‡³,2020-11-12
theAsianBlue,The Asian Blue ğŸ’™,Opinions Are My Own,2020-11-12
Chuks_Dave,SheÃ  Coulee,Nigeria.,2020-11-12
ChelseaChadder,Chad,"MHL, Gate 9",2020-11-12
OutdoorSportCha,OutdoorSportChannelÂ®,"Doncaster, United Kingdom",2020-11-12
futball_chelsea,Chuks,Stamford Bridge,2020-11-12
amanda_cookson,amanda cookson,"East, England",2020-11-12
TheZiyech,The Same Photo Of Hakim Ziyech Everyday,,2020-11-12
CFCChronicle,Chelsea Chronicle,"London, England",2020-11-12
samuelafful,Afful Sam Kwesi jnr,East Leg / Nungua / Achimota,2020-11-12
dynamicboi22,Chidozie Dynamicboi Adosaram,"Imo state, Nigeria",2020-11-12
depp05,Deep Thakker,,2020-11-12
ChelseaPuzzles,ChelseaPuzzles,SW6 1HS,2020-11-12
theAsianBlue,The Asian Blue ğŸ’™,Opinions Are My Own,2020-11-12
ManUtdFanKe,manchester united  fansğŸ‡°ğŸ‡ª,"Nairobi, Kenya",2020-11-12
core_chelsea,Chelsea Core,,2020-11-12
core_chelsea,Chelsea Core,,2020-11-12
ChelseaPuzzles,ChelseaPuzzles,SW6 1HS,2020-11-12
RollaCoastaReds,ğŸ”»,"Manchester, England",2020-11-12
kupaleon,Six God,We Global,2020-11-12
BelloAjibola_09,Bello Ajibola,Lagos,2020-11-12
theAsianBlue,The Asian Blue ğŸ’™,Opinions Are My Own,2020-11-12
theAsianBlue,The Asian Blue ğŸ’™,Opinions Are My Own,2020-11-12
Chelsea16407427,Chelsea Football Club Fans For LifeğŸ’™,"London, England",2020-11-12
sanshui596,sandra smith,Shan Shui,2020-11-12
youngokwy,Okwuson M Celestine,"England,London",2020-11-12
Dan0532439154,Ø¬ÙŠÙƒ Ù…Ø³Ø§Ø¬ Ø§Ù„Ø±ÙŠØ§Ø¶,,2020-11-12
ChelseaPuzzles,ChelseaPuzzles,SW6 1HS,2020-11-12
ChelseaPuzzles,ChelseaPuzzles,SW6 1HS,2020-11-12
Ran95926198,Ran 0532439154,,2020-11-12
ManUtdFanKe,manchester united  fansğŸ‡°ğŸ‡ª,"Nairobi, Kenya",2020-11-12
ManUtdFanKe,manchester united  fansğŸ‡°ğŸ‡ª,"Nairobi, Kenya",2020-11-12
sanshui596,sandra smith,Shan Shui,2020-11-12
Dan0532439154,Ø¬ÙŠÙƒ Ù…Ø³Ø§Ø¬ Ø§Ù„Ø±ÙŠØ§Ø¶,,2020-11-12
Dan0532439154,Ø¬ÙŠÙƒ Ù…Ø³Ø§Ø¬ Ø§Ù„Ø±ÙŠØ§Ø¶,,2020-11-12
FootTheBall,FootTheBall,Locker Room,2020-11-12
RUPAYGEE,Hayford Paygeez,,2020-11-12
AlkoSuoo,Suoo ğŸ’€,,2020-11-12
PipeDream_101,PipeDream_101,My Smartphone ,2020-11-12
Ran95926198,Ran 0532439154,,2020-11-12
Ran95926198,Ran 0532439154,,2020-11-12
Ran95926198,Ran 0532439154,,2020-11-12
daftarsbobet1,"Daftar Agen Sbobet Casino, Prediksi Bola Online",Indonesia,2020-11-12
megicfood,magic,,2020-11-12
MarcosP39416845,Marcos Paulo,,2020-11-12
ChelseaBlueBR1,Chelsea Blue BR,,2020-11-12
getaswhailu,Getasw Hailu,"Debre Tabor, Ethiopia ğŸ‡ªğŸ‡¹",2020-11-12
RJ_Goodthings,RJ,,2020-11-12
RJ_Goodthings,RJ,,2020-11-12
ChelseaPuzzles,ChelseaPuzzles,SW6 1HS,2020-11-12
RetroRegista,Dictator-Elect RÅnin ğŸ‡ºğŸ‡¸,Gotham City ,2020-11-12
ChelseaPuzzles,ChelseaPuzzles,SW6 1HS,2020-11-12
PodcastHQ,Podcast HQ ğŸ™ï¸,,2020-11-12
chisco99_,999,"Nairobi, Kenya",2020-11-12
FootyZoneNet,FootyZone.net,,2020-11-12
theAsianBlue,The Asian Blue ğŸ’™,Opinions Are My Own,2020-11-12
luizinhooli10,Luizinho,"Pavuna, Rio de Janeiro",2020-11-12
cudaeducation,Cuda Education,"New York, NY",2020-11-12
young50700156,young,,2020-11-12
sanshui596,sandra smith,Shan Shui,2020-11-12
ChelseaPuzzles,ChelseaPuzzles,SW6 1HS,2020-11-12
barbrady1,simon thompson,,2020-11-12
