Kaly53937991,Kaly,,2020-11-12
AhmedLotfii,Ahmed,,2020-11-12
OmniFoot,á´á´É´ÉªÒ“á´á´á´›,"Cairo, Egypt",2020-11-12
alberto04965519,alberto21,,2020-11-12
_marwa_marwa,ğŸ¦„ğŸŒ¸,DisneylandğŸ‰,2020-11-12
dadakinbiyi,DADAkinbiyi,Nigeria,2020-11-12
AlanMarch1981,Alan March,Bulgaria,2020-11-12
love2day240,Love Emily,"Federal Capital Territory, Nig",2020-11-12
OnMadridista,OnMadridista,,2020-11-12
AhmedElHawary07,Ahmed El-Hawary,Egypt,2020-11-12
PSG24hours,PSG en Direct ğŸŒ,Parc des Princes,2020-11-12
LondonsFinestQU,London's Finest,,2020-11-12
Rindai__Gari,Rindai,"East London, Bloemfontein",2020-11-12
CinnamonCorazon,ğŸ–¤corazÃ³n de cinnamon ğŸ´,ğŸŒ‘on the horizonğŸŒ‘,2020-11-12
SempreIntercom,SempreInter,Worldwide,2020-11-12
Remogaming,Remo Gaming,,2020-11-12
JuanGom83535285,Juan Gomez,,2020-11-12
RAYDERGRANADA,Ranita Republikana,Granada,2020-11-12
FM_Twittah,Football Memories,Italia,2020-11-12
tg_weston,Weston Technology Group,"Weston, FL",2020-11-12
futbol_supremo,Futbol Supremo,Estados Unidos,2020-11-12
Axeeeeeell,Piranha,"Twitterland, Madrid",2020-11-12
LiamNee,Liam Nee,"Stamford, Conn.",2020-11-12
lovetennis_com,Love Tennis,United Kingdom,2020-11-12
Salamone1993,Vincenzo Salamone,,2020-11-12
punkcr,Jayshindra,,2020-11-12
kalensc,Antifarian Uprising (now in IMAX),MontrÃ©al,2020-11-12
ibrahimlazza_,Gully boy,"Lagos, Nigeria ",2020-11-12
SaaD10MohameD10,Saad mohamed,,2020-11-12
DBlanco118,madridnnews,,2020-11-12
7occam,Hossam â­ğŸ¦Œ,"El Qaliobia, Egypt",2020-11-12
akiselyk_19,Andrey,"London, England",2020-11-12
TheOnlyTaps,Tapiwa Winston Muza,Zidane's basement,2020-11-12
AndreSICHT,Andre SICHT,"Grindelwald, Bern",2020-11-12
DiegoLorijn,Diego Lorijn,"Barcelona, Spain",2020-11-12
dan_bu,Daniel Busch,Hamburg,2020-11-12
TMusa_news,Transfermarkt.us,Concacaf,2020-11-12
omar8ashour,Omar,Baltim | 6th of October ,2020-11-12
TMuk_news,Transfermarkt.co.uk,,2020-11-12
notfawzyrm4,Fawzy,,2020-11-12
notfawzyrm4,Fawzy,,2020-11-12
IndicudTx,indicud,Private ,2020-11-12
AhmedEnien,Abo El-Enien,Ù…Ø¯Ø±ÙŠØ¯ Ø§Ù„Ø¯ÙˆØ± Ø§Ù„ØªØ§Ù†ÙŠ,2020-11-12
rmadridism,rmadridism,,2020-11-12
10Kidaman,Kidaman Adrian,"Nairobi, Kenya ",2020-11-12
OnMadridista,OnMadridista,,2020-11-12
OnMadridista,OnMadridista,,2020-11-12
Central4Madrid,Real Madrid Central,NYC,2020-11-12
man_ball7,ManBall,,2020-11-12
witty_futty,Witty Futty,,2020-11-12
wittyfutty,WittyFuttyâš½ï¸,,2020-11-12
Livfooty1,Livfooty,,2020-11-12
champion_footy,ChampionFooty,,2020-11-12
temmi77karmal,temmikarmal,jakarta indonesia ,2020-11-12
OnMadridista,OnMadridista,,2020-11-12
philcolli72,Phillip Columbine,"Salford, England",2020-11-12
HeadlineFutbol,Headline Football,,2020-11-12
MOH_K0N,M O H K O N,"Erbil, Kurdistan - Iraq",2020-11-12
sorianoaaron,Aaron Soriano,MÃ©xico,2020-11-12
Trogl22,Ø§Ù„ØµÙŠÙ‘ÙØ§Ø¯,,2020-11-12
ViperTassriAFC,PRINâŒE,Singapore,2020-11-12
RawanDaqqah,Rawan Mousa,UAE,2020-11-12
RawanDaqqah,Rawan Mousa,UAE,2020-11-12
mdfmerchandise,mdfmerchandise,"Belleville, NJ",2020-11-12
zuhumomar,Zuhum Omar,"Nairobi, Kenya",2020-11-12
mdfmerchandise,mdfmerchandise,"Belleville, NJ",2020-11-12
Iraima10536749,Iraima,,2020-11-12
Iraima10536749,Iraima,,2020-11-12
Qades,ğÂ¹Â³,,2020-11-12
ahmedbuz,Buzeriba,,2020-11-12
OmarIbr24,Omar.VIP,,2020-11-12
iFantoo,Fantoo,,2020-11-12
OnMadridista,OnMadridista,,2020-11-12
OnMadridista,OnMadridista,,2020-11-12
Ninoska74122509,Ninoska,,2020-11-12
livescore,LiveScore,URL,2020-11-12
lanmai58597573,lan mai,42 Shrewsbury Road,2020-11-12
rmadridism,rmadridism,,2020-11-12
OnMadridista,OnMadridista,,2020-11-12
a7medmagdy11,Ahmed Magdy,Egypt,2020-11-12
a7medmagdy11,Ahmed Magdy,Egypt,2020-11-12
ChauThinh3,Chau Thinh,MA,2020-11-12
jerseum,JERSEUM,,2020-11-12
swagafiedkicks,Swagafied,,2020-11-12
grewiozrmcf,ana flÃ¡via,gfbpa rmcf aufc,2020-11-12
nadim5khoury,ĞĞ°Ğ´Ğ¸Ğ¼,beirut lebanon,2020-11-12
NoufAlAhmadi7,Nouf,"London, Riyadh ",2020-11-12
TurnertookaTurn,Ramesses The GreatğŸ¦…,milky way,2020-11-12
DangXuanHai7,Dang Xuan Hai,usa,2020-11-12
Alex98442562,Alex,,2020-11-12
amilnal,Be Wise .... Sanitize â„¢ğŸ”Œ,Anywhere mi deh,2020-11-12
amilnal,Be Wise .... Sanitize â„¢ğŸ”Œ,Anywhere mi deh,2020-11-12
CfDiegoaltube,Cf.diegoaltube,,2020-11-12
Meezy_Boi,JAKES,"Madina Estate, Accra, Greater",2020-11-12
Meezy_Boi,JAKES,"Madina Estate, Accra, Greater",2020-11-12
__Ahmedesam,Ahmed Essam,,2020-11-12
ticataca_,ticataca,,2020-11-12
Zs0703,.,Toronto,2020-11-12
wjx19990413,dlsmshhwxx,,2020-11-12
Champz_12,joÃ£o,,2020-11-12
7ussiiin,(ï¸¶ï¸¿ï¸¶),,2020-11-12
Stefano4118899,pÑ”Ô€Ño zÑ”Ñ”â„¢,Nevada ,2020-11-12
livescore,LiveScore,URL,2020-11-12
you_msm,MY,,2020-11-12
aldobellini13,Aldo Amore â¼,"Nairobi, Kenya",2020-11-12
Tedsyr1,Tedsyr,Kingston,2020-11-12
Tedsyr1,Tedsyr,Kingston,2020-11-12
moazmmohamed,Moazmmohamed,,2020-11-12
NO_SHYY,NOÙŠØ´,,2020-11-12
ThomasPrehn,Thomas Prehn,Copenhagen,2020-11-12
Hakeem8993,federista89,,2020-11-12
kwasiarthur6,Jordan,United States,2020-11-12
Route1futbol,RouteOneFootball,,2020-11-12
Route1futbol,RouteOneFootball,,2020-11-12
OnMadridista,OnMadridista,,2020-11-12
Mikeluvtofu,Mike,usj.senawang.madrid,2020-11-12
inbtwnthelines,In between the lines âš½,,2020-11-12
poolhump2990,Paul Humphreys,"Northampton, England",2020-11-12
PhiKhan04138067,Phi Khanh,UZ,2020-11-12
livescore,LiveScore,URL,2020-11-12
BlancoMerengues,Lord Ramos ğŸ‡¸ğŸ‡ª,Santiago Bernabeu ğŸŸï¸,2020-11-12
bala_chn,Bala,"Chennai, India",2020-11-12
pipato28,Pierre,NewYork City,2020-11-12
vily35_barca,Norbert GÃ¡l,,2020-11-12
saadunited480,Í‡ ê‘„ê‹¬ê‹¬ê‚Ÿ â¤ ê€ê“„ê‚Ÿ,baghdad.iq,2020-11-12
furher_hitler,guadalupe mendozza,nairobi kenya,2020-11-12
English_AS,AS English,"Madrid, EspaÃ±a",2020-11-12
livescore,LiveScore,URL,2020-11-12
StatisticSports,StatisticSports,,2020-11-12
castillo_yalixa,yalixa castillo,,2020-11-12
AnhTuan19110000,Anh Tuan,usa,2020-11-12
DBlanco118,madridnnews,,2020-11-12
toi_sudheendraT,Sudheendra Tripathi,,2020-11-12
_HoldMeDown,broskiii,,2020-11-12
Mahmoud96027081,Mahmoud Ahmed,,2020-11-12
lankhang5,lan khang," 30 Pasir Panjang Rd, Singapo",2020-11-12
ASTRANSPORTS,AS TRANSPORTS VIP,,2020-11-12
TrungTi41138261,Trung Tin,USA,2020-11-12
Emen256,Emen Eddie,,2020-11-12
FTBL24com,Football News,"Amsterdam, Nederland",2020-11-12
Murthyyuva_v3,ğŸ†ƒğŸ…·ğŸ…°ğŸ…»ğŸ…° ğŸ†ˆğŸ†„ğŸ†…ğŸ…°â±½áµƒË¡á¶¦áµáµƒá¶¦,"Le Pondy, France",2020-11-12
Route1futbol,RouteOneFootball,,2020-11-12
OnMadridista,OnMadridista,,2020-11-12
Cris_Spooky,â˜† Cris SpÃ´Ã´ky â˜†,ğŸ‡³ğŸ‡¿,2020-11-12
SSFazah,ZÎ±rÎ±ziÂ®,"MombÎ±sÎ±, KenyÎ±",2020-11-12
KhongMi64957876,Khong Minh,ML,2020-11-12
OnMadridista,OnMadridista,,2020-11-12
OnMadridista,OnMadridista,,2020-11-12
Route1futbol,RouteOneFootball,,2020-11-12
SaiEshwar21,Sai Eshwar,Johor Bahru,2020-11-12
TheTotallyShow,The Totally Football Show,United Kingdom,2020-11-12
StatisticSports,StatisticSports,,2020-11-12
republic_sports,R.Sport,"Mumbai, India",2020-11-12
Isaacsimmendez,I S A A C,7.2 Miles Up Looking Down,2020-11-12
Adeyemi62306626,Adeyemi Opeyemi,,2020-11-12
OnMadridista,OnMadridista,,2020-11-12
OnMadridista,OnMadridista,,2020-11-12
ParmeshSriv,Parmeshwar Srivastava,"Mumbai, India",2020-11-12
txeifas,Txeifas,,2020-11-12
VanThai78308430,Van Thai,CN,2020-11-12
mark_osifo,ï£«dbigmark2ï£«Â®,Life!!!,2020-11-12
memovi,Ã–mer KarataÅŸ,,2020-11-12
footballitalia,footballitalia,,2020-11-12
granota_edi,Hector B.M,,2020-11-12
sidiksog,sidiksog,,2020-11-12
Trijary,ĞŸÑ€Ğ¸Ñ,,2020-11-12
_mai_hula,#ashTAG,Here,2020-11-12
whitepollito,whitepollito,,2020-11-12
cristinacalgary,cristina velasco,"HuÃ©rcal de AlmerÃ­a,AlmerÃ­a.",2020-11-12
cristinacalgary,cristina velasco,"HuÃ©rcal de AlmerÃ­a,AlmerÃ­a.",2020-11-12
Zannnnnnz,Zana,"PrishtinÃ«,Kosov",2020-11-12
namgian23361182,nam giang,"#51, 40 Rhu Cross, 01, Singapo",2020-11-12
TrungNa17512765,Trung Nam,UK,2020-11-12
reggie___O,captain levi,,2020-11-12
GulaniMubarak,Mai Yobe,EastNorzan Najeria.,2020-11-12
TanLinh14488220,Tan Linh,UK,2020-11-12
VanTam93658506,Van Tam,VN,2020-11-12
ifabyss,fernanda,,2020-11-12
caughtoffside,CaughtOffside,,2020-11-12
WilsonL64713174,Wilson Liu,,2020-11-12
AnneShly,Anne Shirley,,2020-11-12
AnneShly,Anne Shirley,,2020-11-12
VanThuo43026395,Van Thuong,USA,2020-11-12
Enemalucky,Laâ€™moore,Abuja,2020-11-12
TanLinh14488220,Tan Linh,UK,2020-11-12
Ian75690179,Nyokovic,,2020-11-12
thefootyarena,The Football Arena,,2020-11-12
MadaFFC,adam.,"Brighton, England",2020-11-12
bogavantemio,Mario HernÃ¡ndez,,2020-11-12
ChiKhan70251839,Chi Khang,VN,2020-11-12
republic_sports,R.Sport,"Mumbai, India",2020-11-12
NoaRoay2,girlssssğŸ‡ªğŸ‡¦ Real MadridğŸ‡ªğŸ‡¦ girlsss,"Alcobendas, EspaÃ±a",2020-11-12
Alireza70193431,Alireza,,2020-11-12
samarac55377064,iwillwin,,2020-11-12
OnMadridista,OnMadridista,,2020-11-12
HdIm2BWIq44gkGP,ĞĞ°Ğ´ÑÑˆĞºĞ° ĞšĞ°ÑĞ°Ñ€Ğ¸Ğ½Ğ°,,2020-11-12
H6bXGfEBdOoVw89,ĞŸĞ°Ğ» Ğ’Ğ¾Ğ²ÑĞ½Ñ‹Ñ‡,,2020-11-12
OnMadridista,OnMadridista,,2020-11-12
advantage_kobby,kobby advantage,,2020-11-12
TuanAnh24994363,Tuan Anh,VN,2020-11-12
ThiHuon10105078,Thi Huong,uk,2020-11-12
SabahNisar,SabahNisar,"Calgary, Alberta",2020-11-12
Binh12896028,Binh,,2020-11-12
ProtouchFC,Protouch FC,,2020-11-12
nadim5khoury,ĞĞ°Ğ´Ğ¸Ğ¼,beirut lebanon,2020-11-12
Axeeeeeell,Piranha,"Twitterland, Madrid",2020-11-12
TrieuVa33782274,Trieu Van,Go,2020-11-12
EverveFollower,Everve Follower,,2020-11-12
vandung56312812,van dung,uk,2020-11-12
JPappachan,Joel,,2020-11-12
ChuDu26255560,Chu Du,US,2020-11-12
SnehaSh75506039,Sneha Shrestha,,2020-11-12
Tando_03,03_Xen,viLLe,2020-11-12
DeChalaca,DeChalaca,PerÃº,2020-11-12
AkinosiBenjamin,Akin,,2020-11-12
DalhatD,Prince Dazz,Kaduna.  State,2020-11-12
VanQuoc38590812,Van Quoc,VN,2020-11-12
Outlookindia,Outlook Magazine,"New Delhi, India",2020-11-12
DuyDai11,Duy Dai,CN,2020-11-12
addon08437973,addon,,2020-11-12
SyrianskyS,SyrianSky Secret,,2020-11-12
SyrianskyS,SyrianSky Secret,,2020-11-12
coffeebeforetea,à¸à¸²à¹à¸Ÿ ğŸ’•,,2020-11-12
quach_hoe,Quach Hoe,China,2020-11-12
Redwan14964472,redooo7007,,2020-11-12
FootTheBall,FootTheBall,Locker Room,2020-11-12
Zhenya095,Zhenya09,,2020-11-12
ThanhHu02530187,Thanh Hung,,2020-11-12
NgVietToan1,Ng Viet Toan,Laos,2020-11-12
RogerSolis7,Roger Solis,"San Luis PotosÃ­, MÃ©xico",2020-11-12
CaoVanLai1,Cao Van Lai,VN,2020-11-12
goalooco,GoalooMobi,Indonesia,2020-11-12
TrucLin60693405,Truc Linh,Japanese,2020-11-12
fut_ballersfc,Futballers F.C,"Chicago, IL",2020-11-12
ConorTierney1,Conor Tierney,,2020-11-12
Jose_BB1994,Jose manuel,Ecija(Sevilla),2020-11-12
9248ladecima,Aron Jasp Â³â´ ğŸ‡ºğŸ‡¸ğŸ‡µğŸ‡­,"Reno , Nevada USA",2020-11-12
antoniogeada1,AntÃ³nio Geada,,2020-11-12
antoniogeada1,AntÃ³nio Geada,,2020-11-12
wilmerjm1,wilmer jose maita,"Anaco, AnzoÃ¡tegui",2020-11-12
Meldo_10,Meldo,EsËˆtaÃ°jo SanËˆtjaÉ£o Î²ernaËˆÎ²eu,2020-11-12
spacexmckitty,#StandwithRose #believesurvivors #SpookyMulder,Mordor where the shadows lie,2020-11-12
Lanci8,Lanci,,2020-11-12
adil_salim,Muhammad Adil Salim,"Davis, California",2020-11-12
carlosmformoso,carlos formoso,,2020-11-12
malditotwiter1,opositor,,2020-11-12
MalaysiaRawang,MALAYSIA THALAPATHY FANS CLUB #RAWANG,"Rawang, Selangor",2020-11-12
Nadalchukwu,#GirlDad 13.20.100,Estadio Santiago Bernabeu,2020-11-12
Dhestiny_K,Dhestiny_Klassics Â®,"Tema, Ghana",2020-11-12
angelina_csc,Angelina Adinami,"Victoria Island, Nigeria",2020-11-12
LuBo68826885,Lu Bo,US,2020-11-12
JoelAdedayo1,Joel Adedayo,,2020-11-12
samdave44124915,sam dave,,2020-11-12
Raheelovic,Raheel,ğŸŒŠ,2020-11-12
AduakaJ,CryptoKINGğŸ¤´,,2020-11-12
enanzamil,Ø¹ÙÙ†Ø¢Ù†,"Madrid, Spain",2020-11-12
mubarak_dfon,RealMadrid champions,"Kaduna, Nigeria",2020-11-12
javipulguy,Javi pulguy,"Madrid, Comunidad de Madrid",2020-11-12
robles_galiano,angel Galiano Robles,"aranjuez, madrid",2020-11-12
davutovic,David Davutovic,Melbourne,2020-11-12
Serran0q,Daniel Serrano,Ecuador,2020-11-12
LTrevill,Luke Trevill,,2020-11-12
jeffburgin15,Jeff Burgin,"Los Angeles, CA",2020-11-12
GAjtzalan,Gabriel AJTZALAN,,2020-11-12
PabloAlonsoGall,ğŸ‡ªğŸ‡¸YANKO16ğŸ‡ºğŸ‡¸,,2020-11-12
darinho102,darinho1001,,2020-11-12
Faaveo,åƒå‚á¯ä¹‡ã„– ğŸ¥·ğŸ½ ğŸ…˜,â­ï¸,2020-11-12
ama_anin,Ohemaa,Ghana,2020-11-12
DelGazquez,MarÃ­a del Carmen GÃ¡zquez,"HuÃ©rcal de AlmerÃ­a, EspaÃ±a",2020-11-12
EstimadoBcn,AA,,2020-11-12
Clement_Madrid_,#CLEMENT,"Kumasi, Ghana",2020-11-12
AhmadHamma5,Ahmad Hamma,"England, United Kingdom",2020-11-12
swagafiedkicks,Swagafied,,2020-11-12
swagafiedkicks,Swagafied,,2020-11-12
cieloazulrosado,ğŸŒº XX XS ğŸŒº,Amazing Mother Earth ğŸŒ ,2020-11-12
denissouilla,Denis Souilla,"Grenoble, Lyon, Paris, FR",2020-11-12
TrungNa80922996,Trung Nam,CN,2020-11-12
alycxanery,á´ÊŸÉ¢á´€ ğŸ³ï¸â€ğŸŒˆ,I'll always be with you.,2020-11-12
NareMessi,Nare,Ghana ,2020-11-12
royaelty,Tartan,,2020-11-12
LuBo68826885,Lu Bo,US,2020-11-12
PalPobon,Pobon pal,,2020-11-12
dede_rushit,Dede Rusip,Indonesia,2020-11-12
berocer,Bea. UnaDiNoi ó¾“«,Noia. Galicia. EspaÃ±a,2020-11-12
kingsleyowusub2,Kingsley Owusu,,2020-11-12
Ordaxx1,Ordaxx,"Guadalajara, Jalisco",2020-11-12
officialkhris1,Swag,,2020-11-12
officialkhris1,Swag,,2020-11-12
Doald12,Doald,,2020-11-12
officialkhris1,Swag,,2020-11-12
TheTotallyShow,The Totally Football Show,United Kingdom,2020-11-12
LuuBi90756226,Luu Bi,UK,2020-11-12
OsvaldoMontieli,Osvaldo,,2020-11-12
mouhcine_tabti,El Blanco RM ğŸ‡²ğŸ‡¦,Casablanca - Madrid - Turin,2020-11-12
Tiffany40179802,Wonderboy,,2020-11-12
samueloduro322,For God and CountryğŸ‡¬ğŸ‡­,"Kumasi, Ghana",2020-11-12
alex_an11,Alex Adame,,2020-11-12
DuyDai11,Duy Dai,CN,2020-11-12
LeQuocTung10,Le Quoc Tung,JP,2020-11-12
CebollitaLopez,Daniel Lopez,,2020-11-12
winterkoffee,winterkoffee,,2020-11-12
bmw5558vs,louay hammami,,2020-11-12
Messi98870323,Messi,,2020-11-12
JunioLi97029430,Junio Lima,,2020-11-12
RichardRoque95,Richard Roque,,2020-11-12
Oigetit_sports2,OigetitSports,"Silicon Valley, CA",2020-11-12
Dado_StyleRM,LaPelotaNoSeMancha,,2020-11-12
JulioCMoreno14,Julio CÃ©sar Moreno S.,Spirit In The Sky,2020-11-12
JargoBan,...,Ibadan,2020-11-12
fotbul24,Fotbul24,"London, UK",2020-11-12
TurksonCee,Cee Turkson,"Accra, Ghana",2020-11-12
FCBHaaland,#FreeHaaland,,2020-11-12
StreamerWalter,(W)alter #ValverdeBack,Ratioing Madristas,2020-11-12
OnMadridista,OnMadridista,,2020-11-12
UK250463,Mr. Vain,Universal Citizen,2020-11-12
kelzdavid,KEL,"Lagos, Nigeria",2020-11-12
IliyasuAli10,HalaMadrid gh,"Accra, Ghana",2020-11-12
DOLFINHO4,DOLFINHO,,2020-11-12
jcatalan67,kata,madrid,2020-11-12
pschanen,"Patrick Schanen, Scientiae Doctor âš—ï¸","Valais, Switzerland",2020-11-12
therealneilp,Neil Permain,"North Yorkshire, UK",2020-11-12
bogavantemio,Mario HernÃ¡ndez,,2020-11-12
VanTam93658506,Van Tam,VN,2020-11-12
King_Cedricc,cedric,"Accra, Ghana",2020-11-12
miguelzarra,miguel angel,,2020-11-12
TrieuVa33782274,Trieu Van,Go,2020-11-12
majed_031,M3JED,Jeddah,2020-11-12
sagar_kirtane,Sagar Kirtane,Nagpur,2020-11-12
MarcosA52585696,marcus,,2020-11-12
MarcosA52585696,marcus,,2020-11-12
RMCostel,MadridistaCostelğŸ‡·ğŸ‡´,"Phoenix, AZ",2020-11-12
MusahXi,musah.xi,,2020-11-12
RealFor55632850,Real Forever,,2020-11-12
AlertsHotspur,Hotspurs News Alerts,,2020-11-12
kwasiarthur6,Jordan,United States,2020-11-12
Route1futbol,RouteOneFootball,,2020-11-12
Clement_Madrid_,#CLEMENT,"Kumasi, Ghana",2020-11-12
Clement_Madrid_,#CLEMENT,"Kumasi, Ghana",2020-11-12
kwasiarthur6,Jordan,United States,2020-11-12
Route1futbol,RouteOneFootball,,2020-11-12
Lukealele,Lucas,,2020-11-12
tsibuah_kofi,Kofi Tsibuah,"Accra, Ghana",2020-11-12
thayrma,thay #APorLa14,SR4 â€¢ CR7 â€¢ KJ9 â€¢ MA11 â€¢ RG25,2020-11-12
CookeDavin,Davin Cooke,,2020-11-12
era_heaven,Guru ğŸŒŸ,,2020-11-12
iJoZuaa,Mahdi,Santiago BernabÃ©u,2020-11-12
SaberiAfsaneh,afsaneh saberi,,2020-11-12
jose9martinez,Jose Miguel MartÃ­nez,"Elda, Alicante",2020-11-12
IyandaIyanu,Iyanda iyanu,,2020-11-12
RoberAndujar,Rober Andujar,Palma de Mallorca,2020-11-12
Contre30554070,Contre,Madrid,2020-11-12
medhunjamin,NO TE DEJES ENGAÃ‘AR.,PanamÃ¡,2020-11-12
sjscott18,Samuel Scott,"London, England",2020-11-12
kelechu_kwu,ekpe,Lagos ,2020-11-12
L_FAVOUR,LOUIS.F,"Lagos, Nigeria",2020-11-12
kelechu_kwu,ekpe,Lagos ,2020-11-12
ppeakyblinder,88 noodles ğŸ,Mexico,2020-11-12
EOghenemaga,EFE THE GREATğŸ˜,"Port Harcourt, Nigeria",2020-11-12
I_am_imranaSama,I_ Em_ Sama,"NORTH, proudly NORTHERNER. ",2020-11-12
Danny17257994,Danny,"in the space, out of my mind ",2020-11-12
ajmalsami,ajmal sami,iss dunia k khubsurat kone mal,2020-11-12
Rene02550550,Rene,,2020-11-12
IncKelton,ğ—•ğ—¹ğ—®ğ—»ğ—°ğ—¼ğ˜€ ğ—Ÿğ—¶ğ˜ƒğ—²,,2020-11-12
KofiNow,Kofi Now,Komenda/Edina/Eguafo/Abirem ,2020-11-12
alexnavarro_33,Alex,,2020-11-12
flyingeze,Flying Eze,,2020-11-12
officialkhris1,Swag,,2020-11-12
Route1futbol,RouteOneFootball,,2020-11-12
OnMadridista,OnMadridista,,2020-11-12
javierlopez86vk,Javier Lopez,,2020-11-12
The_Impert,The Impertinent,Tabarnia de Henares,2020-11-12
SofiaNicolaeva,Sofia Dzhindzhieva,Bulgaria,2020-11-12
MikelSaurom87,Mikel,"Madrid, Comunidad de Madrid",2020-11-12
BaloyiAuby,Obby Baloyi ğŸ¤ğŸ–¤,"Midrand, South Africa",2020-11-12
DerAustor,Austor - FIFA Prediction & More ğŸ…™,Instagram: austor_official,2020-11-12
GPundits,Grumpy Pundits,,2020-11-12
TimHorsey,Tim Horsey,"Washington, DC",2020-11-12
R_Kharman,Richard Kharman,Washington DC Metro area,2020-11-12
SerieASitdown,Serie A Sitdown,"Milan, Milwaukee & Wash D.C. ",2020-11-12
noobe_sensei,noobmaster,,2020-11-12
waroh_sarawut,Sarawut Waroh,"à¸ˆ.à¸ªà¸•à¸¹à¸¥, à¸›à¸£à¸°à¹€à¸—à¸¨à¹„à¸—à¸¢",2020-11-12
Iraima10536749,Iraima,,2020-11-12
gnarlyadai,zuri,"California, USA",2020-11-12
NguyenC52413625,Nguyen Cong Hung,ha noi - viet nam,2020-11-12
EnochEsquare,Enoch Ezekiel,rajahmundry,2020-11-12
yukakroos,M.ğŸ’–,â„ï¸â˜ƒï¸ğŸŒ¨ï¸,2020-11-12
shaik_zameer7,shaik zameer,"Hyderabad, India",2020-11-12
carlpassion1,Carl Passion,"London, England",2020-11-12
thelivescoreapp,All Goals,,2020-11-12
EL_K21,K21,Madridismo,2020-11-12
OnMadridista,OnMadridista,,2020-11-12
IMechanisms,InjuryMechanisms,,2020-11-12
MichaelTwin8,Archie,"Tarkwa, Ghana",2020-11-12
CarlosJSB231290,CarlosJSB231290,,2020-11-12
realstemar,Bop Daddy,"Lagos, Nigeria",2020-11-12
DBlanco118,madridnnews,,2020-11-12
usmanmainaco1,Usman Mainaco,"Kaduna, Nigeria",2020-11-12
alexmc12_12,Alex McFarlane ğŸ’™,Guate!!,2020-11-12
AmafBlack,Anas Not Ananse ğŸ•—,Village,2020-11-12
FulhamTokyo,Fulham Tokyo,"Tokyo, Japan",2020-11-12
mireia19809,mireiaserrador,EspaÃ±a,2020-11-12
RikiYanagida,Asian Dissausion,"London, England",2020-11-12
JJCollins14,Jack Collins,,2020-11-12
Markoni4u,Mark Anthony,"London, England",2020-11-12
MelissaGallegoG,Melissa Gallego G.,PanamÃ¡ ,2020-11-12
La_Cascarita,La Cascarita,USA,2020-11-12
Citywide45,Richard Louis,#KTBFFH #UpTheChels,2020-11-12
Axeeeeeell,Piranha,"Twitterland, Madrid",2020-11-12
SiriusXMFC,SiriusXM FC 157 âš½ï¸ğŸ“»,SiriusXM Channel 157,2020-11-12
kafuvalen,K,Estados Unidos ,2020-11-12
marion253,marionsiciliagriffin,espaÃ±a,2020-11-12
marisol68347645,marisol garcia,,2020-11-12
HuyHung25541393,Huy Hung,VN,2020-11-12
GrantRM1,Maria Radisavljevic,,2020-11-12
Marx_Bw,Marx Bruno,"Huron, SD",2020-11-12
BlasBenitez18,Blas Benitez,,2020-11-12
JoshuaBlessing5,JoshuaBlessing Blessed Hymns,"kwara state,Nigeria.",2020-11-12
JoshuaBlessing5,JoshuaBlessing Blessed Hymns,"kwara state,Nigeria.",2020-11-12
Frankballrm,Sisco,,2020-11-12
pulgazarate,Ana ZÃ¡rate,,2020-11-12
Hamzabelc,Hamza,KÃ©nitra,2020-11-12
DaniRMad,Daniel,,2020-11-12
Louis_Wayy,Lou,Buckinghamshire,2020-11-12
OnMadridista,OnMadridista,,2020-11-12
PutriPratamaCR7,Putri Pratama Putra,"Jakarta Timur, DKI Jakarta",2020-11-12
danielslavin17,Daniel Slavin,,2020-11-12
RitonTennis,Riton,,2020-11-12
TalkBasket,TalkBasket,Basketball World,2020-11-12
michelone_,micheal,madrid,2020-11-12
The_wordsmith10,BENGAZYğŸ‘‘,"Kasoa, Ghana",2020-11-12
Ramito691,Omar Salvador ğŸ‡»ğŸ‡ªğŸ‡»ğŸ‡ªğŸ‡»ğŸ‡ªğŸ‡»ğŸ‡ªğŸ’¥ğŸ’¥ğŸ™ğŸ™ğŸ’›ğŸ’™â¤ï¸,Maracay,2020-11-12
CMaldy,Christophe Maldy,Montpellier,2020-11-12
Adrian_7RMCF,AdriÃ¡n AS ğŸ¤ğŸ¥‡,,2020-11-12
Nadalchukwu,#GirlDad 13.20.100,Estadio Santiago Bernabeu,2020-11-12
DiegoJV22,Diego,,2020-11-12
rma_jp,ginji.madrid,,2020-11-12
MarkyTwainy,Marky Twainy,,2020-11-12
FFS_FFC,#freeantonee,,2020-11-12
mery_saanz,MarÃ­a âš¡ï¸,"MÃ³stoles, Madrid ",2020-11-12
LuBo68826885,Lu Bo,US,2020-11-12
AditPutraH,Adhitya Putra,Bekasi sebelah timur,2020-11-12
Trijary,ĞŸÑ€Ğ¸Ñ,,2020-11-12
Alvaro48794277,Alvaro Rdg,,2020-11-12
Trijary,ĞŸÑ€Ğ¸Ñ,,2020-11-12
Alvaro48794277,Alvaro Rdg,,2020-11-12
DenhamFfc,DenhamFFC,"Hillingdon, London",2020-11-12
NgVietToan1,Ng Viet Toan,Laos,2020-11-12
ivolkman,ernesto isturiz,Caracas Venezuela,2020-11-12
Evgeny44392460,Evgeny,,2020-11-12
iamalvaro24,ÃlvaroğŸ‡ªğŸ‡¸,"San Fernando, EspaÃ±a",2020-11-12
faveriksson,Ù‹,#16 she/her,2020-11-12
Ivliane4,Ivliane,,2020-11-12
MikkiManDan,ã€½ï¸ikki,University Of Leicester,2020-11-12
Margaritateje16,MaryTejedor â¤ï¸ğŸ’™,,2020-11-12
Opinion_M2,Opinion Merengue,,2020-11-12
Jotaro61,Jotaro,,2020-11-12
jayk0e,Joe Kenny,South West London,2020-11-12
starkt316,K E N J N RğŸ‡¬ğŸ‡­ğŸ”¥ğŸ’¥,"Accra, Ghana",2020-11-12
AnhPhuo63600660,Anh Phuong,uk,2020-11-12
hosein20313826,hosein,,2020-11-12
adrixulo2001,chache galvin,"BarberÃ  del VallÃ¨s, EspaÃ±a",2020-11-12
TheHasKarim,Hasan Karim,"Birmingham, England",2020-11-12
MessiOfficer,Officer Messi,,2020-11-12
FFCDom2,D,Southampton / London,2020-11-12
sergioespsan,RUBÃ‰N CASTRO EL 9 DE ESPAÃ‘A MYHYV.âšªâš«ğŸ”´â­ğŸ”´ğŸ’š,LIGA SMARTBANK,2020-11-12
AngusKelly12,Angus Kelly,"London, England",2020-11-12
anapaumaup,Ana Pau MaupomÃ©,WorldWide,2020-11-12
OriginalCoolski,Susi Wisniewski,Warwickshire,2020-11-12
CarlosE63538517,Carlos Eduardo Acosta Barrios,,2020-11-12
pina33elTitan,pina33elTitan,,2020-11-12
tezzer18,Theo,,2020-11-12
AlbertoteZafra,Monstruo de las Oreo,FÃ¡brica Oreo,2020-11-12
LisaetJeff,Lisa-et-Jeff,Catalogne,2020-11-12
kwasiarthur6,Jordan,United States,2020-11-12
Herne11k,Herney Sanchez,"Caracas, Venezuela",2020-11-12
OnMadridista,OnMadridista,,2020-11-12
Route1futbol,RouteOneFootball,,2020-11-12
BrodyQat,BrodyQat,"San Leandro, CA",2020-11-12
J1n11r,Marcos NicolÃ¡s Guevara Imbaquingo,"Imbabura, Ecuador",2020-11-12
gabocapote,Gabriel Alejandro,"Valencia, Venezuela",2020-11-12
margaritafg18,MargArita FG,"Piura, Peru",2020-11-12
darwinbunay1,Darwin Vasquez,"Queens, NY",2020-11-12
VillarrealUSA,Villarreal USA,USA,2020-11-12
Sergio10Garrido,âš½ Sergio Garrido âš½,Santiago BernabÃ©u (Madrid),2020-11-12
RMCF631902,Una madridista desde la cuna.,,2020-11-12
fer_halcala,Fernandaâ¿,RMCF,2020-11-12
carlos_barbero9,Barbero,"Hinojosa del Duque, EspaÃ±a",2020-11-12
darwinbunay1,Darwin Vasquez,"Queens, NY",2020-11-12
DiegoDeLaEscal1,DE9,,2020-11-12
VanPhu27588219,Van Phu,VN,2020-11-12
SamWin50,Samwinchester50,Tottenham Hotspur Stadium,2020-11-12
TrungNa90962709,Trung Nam,UK,2020-11-12
teki_mr,Number 1 Boy,Cognito,2020-11-12
AmeerKagarko,Ameerul-hajj,,2020-11-12
caroldrealm,daniela,,2020-11-12
iamTAYGAH,#SARSMUSTEND Ñ‚ega Ğ¼ena orÎ¹e #MÃ©LÃ³via â™¤,Nigeria,2020-11-12
DannyDeChampion,Danny De Champion,Takoradi,2020-11-12
TruongP65397874,Truong Phi,VN,2020-11-12
Madridista503,Rey_Madridista 503,,2020-11-12
7occam,Hossam â­ğŸ¦Œ,"El Qaliobia, Egypt",2020-11-12
ChuDu26255560,Chu Du,US,2020-11-12
_Lobito7,Wolfy7,,2020-11-12
Sean_Stanley11,Sean Stanley Sports Talk Podcast,"Miami, FL",2020-11-12
philcolli72,Phillip Columbine,"Salford, England",2020-11-12
Sergio_Donas,Serg11 ğŸ‡ªğŸ‡¸,GriÃ±Ã³n (Madrid),2020-11-12
isaiahlunaa,Isaiah,idaho,2020-11-12
ana__clar,ana,,2020-11-12
OnMadridista,OnMadridista,,2020-11-12
Sefeb1995,RT Madrid,guayaquil,2020-11-12
fernan9595sport,Fernando G,,2020-11-12
Nadieimportant2,Nadieimportante,En mi mundo feliz ,2020-11-12
rahayunio,P. Lambe Online,Malang,2020-11-12
YAHAYABELLO22,M BELLO,"Adamawa, Nigeria",2020-11-12
axel15rodrigo,Axel GonzÃ¡lez Â® ğŸ¤™ğŸ»,Mexico,2020-11-12
SMmad90,Sara,"Comunidad de Madrid, EspaÃ±a",2020-11-12
kenya192004,kenya Martinez Reyes,,2020-11-12
aj_dones,Hala Madrid ğŸ¤,"traveling, knowing somewhere..",2020-11-12
Roberto1474,JosÃ© Roberto,GRANADA,2020-11-12
GidoZoltan,GidÃ³falvi ZoltÃ¡n,,2020-11-12
ashbolt97,Harry Ashbolt,,2020-11-12
FMAT997,FM MADRID,,2020-11-12
athila,Chromaticart,En los bosques.,2020-11-12
7ickaf,Abdullah,Twitter trash bin,2020-11-12
AliduZulka,Alidu Zulka,,2020-11-12
AliduZulka,Alidu Zulka,,2020-11-12
kenya192004,kenya Martinez Reyes,,2020-11-12
nestor_gonleg,NÃ©stor Gabriel,"Asuncion, Paraguay",2020-11-12
kenya192004,kenya Martinez Reyes,,2020-11-12
Fajrianurafnan,Fajrianur Afnan,,2020-11-12
kenya192004,kenya Martinez Reyes,,2020-11-12
Route1futbol,RouteOneFootball,,2020-11-12
AndyRM0720_,Andrea âœ¨,En algÃºn lugar SS,2020-11-12
TPeditsUK,TP Edits UK,United Kingdom,2020-11-12
karinlilbridge,Karin,"Stockholm, Sweden",2020-11-12
Matkron_,Kron,,2020-11-12
GrantRM1,Maria Radisavljevic,,2020-11-12
__jvniorr,#VaraneMarceloIscoOUT,Ivory Coast,2020-11-12
kwekujr_,ONUAğŸ‡¬ğŸ‡­,,2020-11-12
Tatiana_re6,T.,PerÃº,2020-11-12
La_Bataclana_,LuciferPerreaSola ğŸ³ï¸â€ğŸŒˆ,"Lima, Peru",2020-11-12
David6666Rubio,david rubio pacheco,,2020-11-12
altered_embryo,the_altered_embryo,port harcourt,2020-11-12
bmw5558vs,louay hammami,,2020-11-12
PrimeEibar,Anurag,"Albuquerque, NM",2020-11-12
Futboleramx,Michelle Del Angel,,2020-11-12
KaineLarenz,Kaine L. Gordon-Harrison ğŸ‡¬ğŸ‡§,Manchester,2020-11-12
albacm_18,alba,,2020-11-12
mexamurai,ğ–’ğ–Šğ–ğ–†ğ–’ğ–šğ–—ğ–†ğ–,nz. ,2020-11-12
primusandy_SA,Agivondio,,2020-11-12
El_Profe_Jim,Jim Jaime,,2020-11-12
Abdullkonto,DAMATURU ğŸ”,"Yobe, Nigeria",2020-11-12
jrdrake237,jrDrake,Honduras,2020-11-12
CongVan40651450,Cong Van,KR,2020-11-12
Route1futbol,RouteOneFootball,,2020-11-12
bigkerv87,Kev,Saint Vincent and the Grenadin,2020-11-12
AchrafRMCF,achraf souayah,"Sousse,Tunisia ",2020-11-12
GenevaSoccer,Nomis Stumbler,,2020-11-12
lostravermusic,Lost Raver,Honduras,2020-11-12
modinhorm13,modinho,"Dar es Salaam, Tanzania",2020-11-12
alfred_torsu,Alfred Torsu,a text away,2020-11-12
samxmassey,Sam Massey,ğŸ‡¸ğŸ‡ªğŸ‡¬ğŸ‡§ ,2020-11-12
AzrOrganization,AZR Organization,,2020-11-12
rizalnugroho11,Rizal Nugroho,"Larangan, Tangerang",2020-11-12
juliocesarGASA,JULIO CESAR ğŸ¤˜ğŸ¤Ÿ,"San Luis PotosÃ­, Mexico.",2020-11-12
Madridlovatic,SergioğŸ‡ªğŸ‡¸Â³â´ğŸ†ï¸½âœµï¸½,Middle earth ,2020-11-12
Lu_Argolo,Luciana Argolo,Bahia/Brasil,2020-11-12
halamadriwd,leticia,santiago bernabeu,2020-11-12
isib06,Isaac B, USA,2020-11-12
DamilolaAdeoti4,DÃ¡mÃ¬lÃ³lÃ  Adeoti,Abuja,2020-11-12
iamaghazsalmanK,Dr. Aghaz Salman,"Lahore, Pakistan ",2020-11-12
QuangCh47826022,Quang Chien,usa,2020-11-12
madridstarkg,Madridstar Assassin Hazard,Garden of Eden,2020-11-12
first_Living,God Ramos. â™¤â™§,in the world.,2020-11-12
PatricioGG_RM,Patricio,,2020-11-12
sportsultima,sportsultima.com,UNITED KINGDOM,2020-11-12
TheGenAboveMe,Generation Above Me,"Newburgh, IN",2020-11-12
Hsen__saad,CHAMP13NSâ—ğŸ†âœŒğŸ‘‘,ALKHIYAM.ALJANOUB.LEBANON,2020-11-12
SirWasilu,Sir_wasilu,,2020-11-12
Tranqua73068654,Tran quan,US,2020-11-12
selooormm,Selorm ğŸ‡¬ğŸ‡­,"Accra, Ghana",2020-11-12
thekwekugyan_03,Opanyin Kweku Gyan,Planet Earth,2020-11-12
MessiOfficer,Officer Messi,,2020-11-12
AlexDonno,Alex Donno,"Florida, USA",2020-11-12
ben_jiiee,I'm Nice,"Tokyo-to, Japan",2020-11-12
ckingblog,MyF*ckingBlog,,2020-11-12
_920229,RaÃºl,Madrid,2020-11-12
valdecinatalia,NatÃ¡lia ğŸ˜˜ğŸ’• âŠ°âŠ¹âœ¿ Fagulha de AMOR âœ¿âŠ¹âŠ±,Ipatinga M-G,2020-11-12
DJARON10,@DJARONÂ®ï¸,EQG Studio / Hispania,2020-11-12
playbyplaypod1,The Play by Play Podcast,,2020-11-12
dikembemutumbo4,dikembe mutumbo,,2020-11-12
TrungNa80922996,Trung Nam,CN,2020-11-12
SabriB10,Sabrina Belmonte,"Toronto, Ontario",2020-11-12
carrillo_elissa,Ely carrillo,,2020-11-12
carrillo_elissa,Ely carrillo,,2020-11-12
Josue80020905,Josue,,2020-11-12
adi_rijez,itsJerry,"Nairobi, Kenya",2020-11-12
Tiffany40179802,Wonderboy,,2020-11-12
Route1futbol,RouteOneFootball,,2020-11-12
Acevedo_S9,S.AC 9Â¾ ğŸŒˆ ğŸ³ï¸â€ğŸŒˆ,ribeira galicia,2020-11-12
ShirtKingSOE,Shirt King,The World,2020-11-12
jmbKoko,Jose Martinez,"Serranillos del Valle, EspaÃ±a",2020-11-12
mshrazt,MSA,,2020-11-12
RM_Vagisha,Vagisha Sharma,,2020-11-12
bmw5558vs,louay hammami,,2020-11-12
HiVong14,Hi Vong,,2020-11-12
hussen1ab,TardigradeğŸŒ,Mars,2020-11-12
ismail_inu,ISMAIL,"Abuja, Nigeria",2020-11-12
JCDAtrasto,Joaquin Atrasto Â© ğŸ”»,Madrid,2020-11-12
Elizabe77147507,Elizabeth RamÃ­rez,,2020-11-12
lalitoespos7,â–«â–ªHectorâ–«â–ª,,2020-11-12
ilcano22,Pablito,Canada,2020-11-12
AliyuMo75887778,Alex,,2020-11-12
swiftxrm,natt,,2020-11-12
MrsKroos_,Kroos WifeyğŸ¥,Santiago BernabÃ©u â¤ï¸,2020-11-12
ibraheemy74,Ibrahim Yusuf,,2020-11-12
Alameen_karofi,ElmeenoğŸ’ªğŸ’€ğŸ’€,kaduna,2020-11-12
ppartnivek,mo,,2020-11-12
KIZANNE2,KIZ - ANNE,,2020-11-12
awaseman88,Awaseman88,,2020-11-12
SunUponSeas,AdriÃ¡n,I Wish NZ,2020-11-12
AnhPhuo63600660,Anh Phuong,uk,2020-11-12
azzam_al_hanif,Azzam Al Hanif,"Palembang,Indonesia",2020-11-12
_andreaquesada7,Andrea âš½,"MÃ³stoles, EspaÃ±a",2020-11-12
oso7beatle,Oso Pechofrio,,2020-11-12
alvarodecima1,Ãlvaro BarragÃ¡n,Villafranca de los Barros ,2020-11-12
NguyenVanChat18,Nguyen Van Chat,korea,2020-11-12
Gabriel66328939,Gabriel,,2020-11-12
LowLimitFutbol,Low Limit Futbol,"Connecticut, USA",2020-11-12
JPUccello,Joe Uccello,"Connecticut, USA",2020-11-12
BernKitozay,Gonzaga's X Jr's cousin,"Dar es Salaam, Tanzania",2020-11-12
awaah_simon,Awah,,2020-11-12
adrianvk94,AdriÃ¡n Caballero,"Madrid, Comunidad de Madrid",2020-11-12
tantarlos,juan carlos,,2020-11-12
ClPUY,Ù°,,2020-11-12
halluceene18i,RockyRMâšª,,2020-11-12
harry_merengue,valen,barcelona,2020-11-12
Darky61,ÍœÍ¡ÄaÍ›rÌ´Ì´Ì´kÌ¥Æ´ ğŸ¦,Ô€Ñ¦Ğ“Ò  Õ©Ñ¦Ğ“Ñ¦Ô€Ñ–ÕĞ„ ,2020-11-12
RealMaks07001,ğŸ‡·ğŸ‡º Punchito ğŸ‡¸ğŸ‡³ Khabib 29-0,"Ğ¡Ğ°Ğ½ĞºÑ‚-ĞŸĞµÑ‚ĞµÑ€Ğ±ÑƒÑ€Ğ³, Ğ Ğ¾ÑÑĞ¸Ñ; Dakar",2020-11-12
rasalkharleil,Rasalkharleil,,2020-11-12
heartrealmadrid,mirna ğŸŒˆğŸ| ACAB,,2020-11-12
madridista_momi,Murtaza,Faisalabad,2020-11-12
sekyanzi_shaun,NeymarSZNâš½ï¸ğŸ,"Kampala, Uganda",2020-11-12
Jannatu09732759,Jannatul,,2020-11-12
sandra_or18,Sandraâš¡ï¸,,2020-11-12
pablourdiciain,PabloUrdiciainUrzaiz,,2020-11-12
AsociacinFtbol1,AsociaciÃ³n FÃºtbol Femenino,,2020-11-12
Rhapsody892,Rhapsody89,,2020-11-12
Abayomijnr,Anti-BadBoy Abayomi ğŸ‡³ğŸ‡¬,everywhere,2020-11-12
MarkyTwainy,Marky Twainy,,2020-11-12
MiskaP97,Miska Paananen,Helsinki ,2020-11-12
vicrengel,VÃ­ctor Rengel,,2020-11-12
Ogundayosblog1,oluwablogger,,2020-11-12
Isnatul7,Isnatul,,2020-11-12
elmejorelmadrid,puromadridismo,,2020-11-12
jibrielabubaka1,jibrielabubakar3,,2020-11-12
GOATVazquez,PapaPerez,,2020-11-12
mfthalhuda,Miftah Alhuda,AHHAGAKURE,2020-11-12
JehaEchek,Je.Ec.,,2020-11-12
LouisChicharit4,Louis Hernandez Chicharito BalcazarğŸ‡¬ğŸ‡­ğŸ‡¬ğŸ‡­,Ghana Techiman,2020-11-12
halazard,m.,,2020-11-12
aisida,Pat,,2020-11-12
blissmediacomms,bliss,"Hobart, Tasmania",2020-11-12
ShamisPSD,Shamis,,2020-11-12
perlalessandra,Perla Alessandra,Puerto Rico,2020-11-12
Hassan_RMA_,HğŸ†Â³â´âšª,Santiago Bernabeu ğŸŸ,2020-11-12
wixdee,ahmad deedat,"Kano, Nigeria",2020-11-12
Louloubitch,Louange K Ã–ZIL,Caen France,2020-11-12
Throne55638678,Throne,Kazakhstan,2020-11-12
Stavross_Waw,Stavross y Rubia ğŸ‡µğŸ‡±,"Warszawa, Polska",2020-11-12
iamsegebari,Segebari Nwizug,"port harcourt, Nigeria",2020-11-12
baldheadzizou,Studio Ghibli,"Barcelona, Spain",2020-11-12
KwekuBurner,10AM ALBUM ğŸ’¯,Far from Home ,2020-11-12
Moritzbhg,Moritz zu Hause Bleiben ğŸ‡ªğŸ‡º,,2020-11-12
BishopChucks,Bishop,"Lagos, Nigeria",2020-11-12
social_insaaan,Gaurav,India,2020-11-12
Bear_Odion,Bear ğŸ»,,2020-11-12
CashmereEugene,CashmereğŸ¦ğŸ˜ˆğŸ‡¬ğŸ‡­ğŸ‡³ğŸ‡¬,"Kumasi, Ghana ",2020-11-12
Zeian0704,Zeian,,2020-11-12
MHamzaKhan4,M Hamza Khan,"Karachi, Pakistan",2020-11-12
Adwanj10,AGBARIGIDOMA AFEEZ,"Ilorin, Nigeria",2020-11-12
Geofrey66529470,omondi onyango,"Nairobi, Kenya",2020-11-12
sm7link,E.T Â®â„¢,Europe,2020-11-12
imranabdul01,Imran Abdul..,"Greater Noida, India",2020-11-12
Lilbrulh,Lil bruh,Ã—,2020-11-12
nabaadabbagh,Ù†Ø¨Ø£ Ø§Ù„Ø¯Ø¨Ø§Øº,Dubai,2020-11-12
realmadriden,Real Madrid C.F. ğŸ‡¬ğŸ‡§ğŸ‡ºğŸ‡¸,"Madrid, Spain",2020-11-12
FrankJohan2012,Frank MuÃ±oz,"Santa Rosa de Copan, Honduras",2020-11-12
Aveirito,El Father,â€¢MilanÄ±UnitedÄ±Sportingâ€¢,2020-11-12
cesclovermadrid,Francesc Valencia,EspaÃ±a,2020-11-12
XuanToa67366817,Xuan Toan,USA,2020-11-12
SivanJohn_,Sivan John,"Kelang, Selangor",2020-11-12
Stefano4118899,pÑ”Ô€Ño zÑ”Ñ”â„¢,Nevada ,2020-11-12
livescore,LiveScore,URL,2020-11-12
NatyCP_23,NÎ±ty,,2020-11-12
Sheflon,agboola sheriff,"Lagos, Nigeria",2020-11-12
RobertMadrid23,RobertMadrid,,2020-11-12
SHARAP0VAS,bentleigh ğŸ„â€â™€ï¸,coys,2020-11-12
futbolconnect,"FUTBOLCONNECT, Inc",,2020-11-12
IFM_Soprano,Ignacio Fdez. M.,Madrid,2020-11-12
Minima_17,Michelle à¥,Asteroide B612 ,2020-11-12
Crs93_,Ce.ğŸ˜ğŸ’¢,,2020-11-12
maitermcf,andreza,Brasil,2020-11-12
jlcris3,jl3,,2020-11-12
Joseph45821700,Joseph,"Trujillo Alto, Puerto Rico",2020-11-12
Eduardo05622406,Eduardo M.,,2020-11-12
Thitro_,Thierry Jethro ÙŠÙˆØ³Ù,somewhere,2020-11-12
Spanish_Mike_,Mike Romero,"Pittsburgh, PA",2020-11-12
namgian23361182,nam giang,"#51, 40 Rhu Cross, 01, Singapo",2020-11-12
breaknnews1,Break'n News,United States,2020-11-12
Seddnv,Manu,Spain,2020-11-12
_badzo,AliOune B. ğŸ‡¸ğŸ‡³ğŸ”¥,Senegal,2020-11-12
GradaFansRMCF,Grada Fans RMCF,,2020-11-12
Gr23Me,Gr23NopMe ğŸ‡ªğŸ‡¸âŒğŸ’šğŸ,Reino de EspaÃ±a,2020-11-12
MYHBYGK,ElHijoDeJovicâ„¢,Alola/Konoha/Magnolia,2020-11-12
ZonaRealmadrid,Zona Real Madrid,,2020-11-12
CaoVanLai1,Cao Van Lai,VN,2020-11-12
FootyLegend_,Footy Legend VIP Hospitality,"Barcelona, Spain",2020-11-12
soccerfanatichq,The Soccer Fanatic,,2020-11-12
mdrfl,ğŸ‡ºğŸ‡¸ğŸ’¥ There. WILL. Be. ProsecutionsğŸ’¯âš–ï¸,here.,2020-11-12
ParmeshSriv,Parmeshwar Srivastava,"Mumbai, India",2020-11-12
castillo_yalixa,yalixa castillo,,2020-11-12
PabloSlowhand,Pablo A. MartÃ­n,"Madrid, EspaÃ±a",2020-11-12
ManuFuentesGar,Manu Fuentes GarcÃ­a,"Guadix, Granada",2020-11-12
baldheadzizou,Studio Ghibli,"Barcelona, Spain",2020-11-12
EL_SPICIAL,~,,2020-11-12
JASidey,J Sidey,"Ottawa, Canada",2020-11-12
fede2031,Federico Alvarez,"Manizales, Colombia",2020-11-12
DonJonPablo,Jon K,DA ğŸ…±ï¸IG ğŸ…±ï¸ALLER WAY,2020-11-12
RodrigooMiguel7,Rodrigo Miguel ğŸ‡§ğŸ‡·ğŸ‡ºğŸ‡¸ğŸ‡ªğŸ‡¸,WorldWide,2020-11-12
BbongoleDenis,Formaldehyde,Entebbe,2020-11-12
Carlos6543212,Carlos Alcivar,,2020-11-12
elirmu,Elena ğŸ,"Madrid, EspaÃ±a",2020-11-12
HuyHung25541393,Huy Hung,VN,2020-11-12
Tranqua73068654,Tran quan,US,2020-11-12
onkeikun,onkei â­ğŸŒ»,,2020-11-12
swagafiedkicks,Swagafied,,2020-11-12
Neibeth94,Nei N âš½ğŸ,Valencia - Venezuela,2020-11-12
jgColubi,JosÃ© Colubi,Oviedo/Santiago ,2020-11-12
Alexand59265966,Alexander Alfonso Ochoa,"Ù…Ø¨Ø§Ø±Ùƒ Ø§Ù„ÙƒØ¨ÙŠØ±, Ø¯ÙˆÙ„Ø© Ø§Ù„ÙƒÙˆÙŠØªfrent",2020-11-12
ikky_phoenix,PhoenixIkky,,2020-11-12
365Scores,365Scores,,2020-11-12
AdrianLabella90,AdriÃ¡n Labella,S.BernabÃ©u | St.James' Park,2020-11-12
marcelanatra,Marcela Natra,,2020-11-12
mr_amoah17,8TEENâ–«ï¸,United Kingdom,2020-11-12
firrheart,bi,BelÃ©m,2020-11-12
Sergio_RMCF07,Sergio7_RMCFâš½ï¸,"Mislata, EspaÃ±a",2020-11-12
mdcmg98,MğŸ’« RMğŸ³,Real Madrid,2020-11-12
GloberTorpess,Mr. X â”,,2020-11-12
huey_price18,Huey Blue,"Wales, United Kingdom",2020-11-12
DanielNavasSund,Daniel Navas-Sunde,Barcelona,2020-11-12
RmcfSupreme,Marcos ğŸ‡ªğŸ‡¦,Estadio Santiago BernabÃ©u,2020-11-12
WilloffRoos,Marco Bills ğŸ—¯,Belgium,2020-11-12
rguezcheca,RgCh ğŸ‡¬ğŸ‡¬ğŸ‡ªğŸ‡¸ğŸ‘‘,"Madrid, Spain, Europe, West",2020-11-12
andreamkaelsn,Andrea ğŸ‡µğŸ‡¾,Paraguay,2020-11-12
brianvanderbest,Brian Van Der Biest,,2020-11-12
Elvis_Emenogu,Elvis,"Kristianstad, Sverige",2020-11-12
dr_egea,Ã†,,2020-11-12
Madrid_Bekasi,PeÃ±a Real Madrid de Indonesia Regional Bekasi,"Bekasi City, West Java",2020-11-12
lolo73mgg,ğŸ‡ªğŸ‡¸Madridista puroğŸ‡ªğŸ‡¸,"Yecla, EspaÃ±a",2020-11-12
mohd_Hassan_Ali,Mohd Hassan Ali (Tokyo),"Cape Town, South Africa",2020-11-12
gcrossover11,Giga Chirgadze,,2020-11-12
TithorMadrid,Tithor Madrid,"Comunidad de Madrid, EspaÃ±a",2020-11-12
alexpinillos82,ğ“ğ“µğ“®ğ” ğŸ‡ªğŸ‡¸ ğŸ ğŸš,"Madrid,EspaÃ±a",2020-11-12
HuuThan51119176,Huu Thanh,Laos,2020-11-12
livescore,LiveScore,URL,2020-11-12
1alfa2beta,roger bonill garcia,,2020-11-12
ProtouchFC,Protouch FC,,2020-11-12
English_AS,AS English,"Madrid, EspaÃ±a",2020-11-12
Aisier5,Ã˜,"TromsÃ¸, Norway",2020-11-12
Bowdo74,Mark Bowden ,"Liverpool, England",2020-11-12
noobe_sensei,noobmaster,,2020-11-12
Waleed_Rauf2001,Waleed Rauf,"Lahore, Pakistan",2020-11-12
ShootTheDefence,Shoot The Defence,London,2020-11-12
Ivliane4,Ivliane,,2020-11-12
Luis_ChavezRM,Luis ChÃ¡vez,Mexico,2020-11-12
RTNFootball,Road to Nowhere Football,Glasgow,2020-11-12
JulenGuti7,Julen Gutierrez,,2020-11-12
janS0L0,ğ•ğ•’ğ•Ÿ ğ•Šğ• ğ•ğ•  Ù† ğŸ–¤ğŸ˜·,Madrid,2020-11-12
matty_vanpersie,Matteo Andreani,"Osimo, Italy",2020-11-12
MedicenElisa,Maria' NuÃ±ez,,2020-11-12
ItaFootPod,The Italian Football Podcast,Planet Calcio,2020-11-12
Skrizovic,Skrizovic,"Milan, Lombardy",2020-11-12
InterWhatsup,Inter Fans,,2020-11-12
FCInterJoe,Joe ğŸ’™ğŸ–¤ğŸ‡µğŸ‡¸,"Chicago, IL",2020-11-12
DinhTri77261414,Dinh Tri,Laos,2020-11-12
NotoriousJOS,John O'Sullivan,Connemara/Galway City,2020-11-12
InterStats,Inter Stats,Worldwide,2020-11-12
deeazzs05,#BenzemaOut,"Amritsar, India",2020-11-12
NimaTavRood,Nima Tavallaey Roodsari,Gothenburg - Milano,2020-11-12
hounly,DMO,,2020-11-12
Joseisallin,JosÃ© Merino,Ciudad Real,2020-11-12
Christianm183,Christian Montes,,2020-11-12
Verbalword,Miguel Angel GPğŸ‡ªğŸ‡¦ğŸ¤–ğŸ¤–,CastellÃ³n de la Plana,2020-11-12
alvaaro12,Alvarotos,AlcalÃ¡ de Henares,2020-11-12
wpiekledantego,ksh,,2020-11-12
CookeDavin,Davin Cooke,,2020-11-12
isra7delatorre,Israel De La Torre,,2020-11-12
MaketoLari,Maketo Lari,,2020-11-12
HU55ein_23,Hussein Alabdullah,Iraq,2020-11-12
neguillan,COPITOğŸ€ğŸ’œâ™€ï¸ğŸ’œğŸ‡ªğŸ‡¦ğŸ–¤,,2020-11-12
JmdiazJuan,Juan Manuel,"TorrejÃ³n de Ardoz, Comunidad d",2020-11-12
sunmoh2,ğŸ‡ºâ€‹ğŸ‡³â€‹ğŸ‡¨â€‹ğŸ‡±â€‹ğŸ‡ª ğŸ‡©â€‹,,2020-11-12
MeliRosei,Magnolia Reyes,"Framingham, Massachusetts.",2020-11-12
OnMadridista,OnMadridista,,2020-11-12
DBlanco118,madridnnews,,2020-11-12
germanjam,German Jimenez-Alfar,,2020-11-12
SaberiAfsaneh,afsaneh saberi,,2020-11-12
_SerMadridista,SerMadridista,"Madrid, Comunidad de Madrid",2020-11-12
Sibelex,Sibelex. ğŸ‡ªğŸ‡¸ğŸ‡ªğŸ‡¸ ğŸ–¤ğŸ–¤ V.E.R.D.E,Madrid-EspaÃ±a.,2020-11-12
Real__Cristiano,"SOY DEL MADRID, DEL REAL ğŸ‘‘",,2020-11-12
Alvaronp97,Alvaro Navarro ğŸ‡ªğŸ‡¸,"Villaviciosa de OdÃ³n, EspaÃ±a",2020-11-12
Anakentwell,Ana,,2020-11-12
RMPelu17,Pelu,Shouting @ RealMadridfem admin,2020-11-12
Tornieguita,time,senza tracce,2020-11-12
adrianvk94,AdriÃ¡n Caballero,"Madrid, Comunidad de Madrid",2020-11-12
ramzyrmcf,ğ“¢ğ“¾ğ“°ğ“ªğ“» ğ“‘ğ“¸ğ“«ğ“¸ ğŸ•Šï¸,Time Traveler,2020-11-12
aimar2507,Aitor MartÃ­n DiÃ©guez ğŸ‡ªğŸ‡¸,Zamora / MÃ¡laga (ESPAÃ‘A),2020-11-12
wikofootball,john  Duncan,,2020-11-12
_estherrezende,Esther âœŠğŸ¾,Brasil,2020-11-12
eelindaaa,Elinda,Kosovo,2020-11-12
FullOfConceit,pablo,skreets ,2020-11-12
manuel9590,Manu,"Santiago, Metropolitana de San",2020-11-12
naghamyoussef22,NA,"Cairo, Egypt",2020-11-12
Nilay264,Nilay Blanco,,2020-11-12
Futbolero233,Futbolero23,,2020-11-12
Marck_78,JesÃºs MartÃ­nez,Terrassa (Barcelona) EspaÃ±a ,2020-11-12
stillintolauren,jess,venezuela,2020-11-12
FLAIP2,WALDIN,,2020-11-12
Faell_33,RafaelğŸ‡®ğŸ‡¹,"Planalto, Natal",2020-11-12
AmigosRM_Marace,PeÃ±a RM Maracena,Granada,2020-11-12
loren_cr7,CapitÃ¡n Deadpool,"CÃ¡ceres, EspaÃ±a",2020-11-12
RMF_Stan23,â™ Æ™à½Ä±Ê‚ â™‹,"Barcelona, EspaÃ±a  ",2020-11-12
kevinH74_,Kevin H,,2020-11-12
Eeestheeer,Esther Walsh ğŸ’£,"Alicante, EspaÃ±a",2020-11-12
SusanaTRuiz,ğŸ€Susana ğŸ€ğŸ¦‹ğŸ’«,"AlcalÃ¡ de Henares, Madrid ",2020-11-12
perezmegias12,Jose Antonio,"Jumilla, EspaÃ±a",2020-11-12
EsperonAlonso,Roberto Esperon Alonso,,2020-11-12
CajarDeCampo,ğŸ”»Cajardecampo,OjalÃ¡ en la cama,2020-11-12
VelamDahlstrom,Velam DahlstrÃ¶m,Sverige ğŸ‡¸ğŸ‡ª / Madrid ğŸ‡ªğŸ‡¸,2020-11-12
RicaGalletiita,GalletağŸ’,,2020-11-12
ElMagoBlancoLRR,El Mago Blanco,Madrid/EspaÃ±a,2020-11-12
LadyBlinders,Lady Blinders,,2020-11-12
fdezj_jose88,ğŸ’¥Jose FernÃ¡ndezğŸ’¥,,2020-11-12
JP199213,SF_1992I_IGN,,2020-11-12
IvanMaroto07,IvÃ¡n Maroto Montoroâ„ï¸â›„ğŸ„ğŸš¬,,2020-11-12
FloresFemFut,FloresFUTFEM,,2020-11-12
bictris,Beatriz Aguilera,Wentworth Correctional Centre,2020-11-12
RealmadridTacon,RealMadrid_Tacon,,2020-11-12
Alcivar1Carlos,Albert zz ğŸƒ,,2020-11-12
Rafa_C_G_E,Rafa GÃ¡lvez Entrena,MontefrÃ­o(Granada),2020-11-12
GradaRMCFOfi,Real Madrid C.F.,EspaÃ±a,2020-11-12
verofc13,Verofc13,,2020-11-12
_RWCastillo,Dolorismo. \W/.,Westworld. ,2020-11-12
andiaz54hotmai1,Monarquia y libertad,,2020-11-12
drunkjaguar,Alessandra,,2020-11-12
CarlaSuAr96,Carla SuÃ¡rez Armas,,2020-11-12
mikiya82,MIKIYA......ğŸ‡³ğŸ‡¬,"Kano, Nigeria ğŸ‡³ğŸ‡¬",2020-11-12
Yousny1,Yousny â™“,,2020-11-12
HuuThan51119176,Huu Thanh,Laos,2020-11-12
roguaza,verÃ³nica,Gijon (Asturias),2020-11-12
ROGiwa,GIWA.S.A,"Lagos Island,LAGOS. ",2020-11-12
SamuD95,SamuD,,2020-11-12
guimsle,Guim's ğŸğŸ¦,"ThÃ©ding, Moselle",2020-11-12
jompyss,juamp,,2020-11-12
ArthurMorganRap,Tacitus Kilgore,South Africa,2020-11-12
nbivan,Happy Luka,Santiago Bernabeu,2020-11-12
MIR14MD,Miriam ğŸ‡®ğŸ‡¨,Gran Canaria como Misa,2020-11-12
duress83,Alvaro,logroÃ±o,2020-11-12
kikeabrilruiz13,Soldado de AsllaniğŸ‘‘ğŸ‡¸ğŸ‡ªâš½,Estadio Benito VillamarÃ­n âš½,2020-11-12
goalkeapper,tony martinez diaz,barcelona,2020-11-12
1hdQFXfAuhVcEjl,ĞĞ»Ğ»Ğ°,,2020-11-12
josuefelipe_ffc,JosuÃ© 32/47 ğŸ‡­ğŸ‡º,NilÃ³polis // RJ ,2020-11-12
Antonio29Garcia,AG ğŸ‡ªğŸ‡¦ ğŸŒ¹,"AlcorcÃ³n, Comunidad de Madrid",2020-11-12
lee_rko,Larissa ğŸŒªï¸,Brasil,2020-11-12
sabeer_z,Mr Sab,"Abuja, Nigeria",2020-11-12
ACaseroM,Antonio M. Casero,EspaÃ±a,2020-11-12
albertoarregui_,Alberto ğŸ,"Zaragoza, EspaÃ±a ğŸ‡ªğŸ‡¸",2020-11-12
barbra21_,BÃ¡rbara Teruel ğŸ¦•,"Ceuta, EspaÃ±a",2020-11-12
Sara_NotLance,ãƒŸâ˜† Santana_VillanelleğŸ³â€ğŸŒˆ,"Galicia, EspaÃ±a",2020-11-12
artere01,ğŸ´â€â˜ ï¸,Dans ton cul,2020-11-12
Neymarmed10,ğ™‰ğ™€ğ™”ğ™‰ğ™€ğ™” ğ™…ğ™ Â³â´ ğŸ‡¸ğŸ‡³â˜„,"Neyland ğŸ¤, SÃ©nÃ©gal â¤",2020-11-12
cristianossbae,hati,,2020-11-12
CL_futfem,Carmen,,2020-11-12
roobxs,// A5 SPOILER,.brasil,2020-11-12
aripov_sarvar,Aripov Sarvar ğŸ‡ºğŸ‡¿ğŸ‡ºğŸ‡¿ğŸ‡ºğŸ‡¿,Uzbekistan ğŸ‡ºğŸ‡¿,2020-11-12
Aida10044055,Aida,,2020-11-12
javisnok,Javi Herrero,,2020-11-12
CangurSedicios,CangurSediciÃ³sğŸ”»ğŸ¦˜ ANTIFA,"||â˜…|| Barcelona, Catalunya â˜­ â˜…",2020-11-12
RegatenFemenino,Regate en Femenino,,2020-11-12
helen7RM,Siempre Real 3ï¸âƒ£4ï¸âƒ£ğŸ†,EspaÃ±a,2020-11-12
bbelliido,AIDAğŸ¤¡ğŸ³â€ğŸŒˆ,"Barcelona, EspaÃ±a",2020-11-12
madridreigns,R.,,2020-11-12
JaviOrtega80,Javier Ortega,,2020-11-12
realmadridfem,Real Madrid C.F.,Ciudad Real Madrid,2020-11-12
pamya13,Pranav Chaughule,"Nashik, India",2020-11-12
ashimtajan172,Shad0w,"Rio de Janeiro, Brazil",2020-11-12
VanNinh74943287,Van Ninh,japan,2020-11-12
NowgoalScore,Nowgoal Livescore,,2020-11-12
UpperGwladysBlu,UpperGwladysBlue,,2020-11-12
TheHames,Amy,"Oudergem, BelgiÃ«",2020-11-12
Kaly53937991,Kaly,,2020-11-12
AhmedLotfii,Ahmed,,2020-11-12
OmniFoot,á´á´É´ÉªÒ“á´á´á´›,"Cairo, Egypt",2020-11-12
alberto04965519,alberto21,,2020-11-12
_marwa_marwa,ğŸ¦„ğŸŒ¸,DisneylandğŸ‰,2020-11-12
dadakinbiyi,DADAkinbiyi,Nigeria,2020-11-12
AlanMarch1981,Alan March,Bulgaria,2020-11-12
love2day240,Love Emily,"Federal Capital Territory, Nig",2020-11-12
OnMadridista,OnMadridista,,2020-11-12
AhmedElHawary07,Ahmed El-Hawary,Egypt,2020-11-12
PSG24hours,PSG en Direct ğŸŒ,Parc des Princes,2020-11-12
LondonsFinestQU,London's Finest,,2020-11-12
Rindai__Gari,Rindai,"East London, Bloemfontein",2020-11-12
CinnamonCorazon,ğŸ–¤corazÃ³n de cinnamon ğŸ´,ğŸŒ‘on the horizonğŸŒ‘,2020-11-12
SempreIntercom,SempreInter,Worldwide,2020-11-12
Remogaming,Remo Gaming,,2020-11-12
JuanGom83535285,Juan Gomez,,2020-11-12
RAYDERGRANADA,Ranita Republikana,Granada,2020-11-12
FM_Twittah,Football Memories,Italia,2020-11-12
tg_weston,Weston Technology Group,"Weston, FL",2020-11-12
futbol_supremo,Futbol Supremo,Estados Unidos,2020-11-12
Axeeeeeell,Piranha,"Twitterland, Madrid",2020-11-12
LiamNee,Liam Nee,"Stamford, Conn.",2020-11-12
lovetennis_com,Love Tennis,United Kingdom,2020-11-12
Salamone1993,Vincenzo Salamone,,2020-11-12
punkcr,Jayshindra,,2020-11-12
kalensc,Antifarian Uprising (now in IMAX),MontrÃ©al,2020-11-12
ibrahimlazza_,Gully boy,"Lagos, Nigeria ",2020-11-12
SaaD10MohameD10,Saad mohamed,,2020-11-12
DBlanco118,madridnnews,,2020-11-12
7occam,Hossam â­ğŸ¦Œ,"El Qaliobia, Egypt",2020-11-12
akiselyk_19,Andrey,"London, England",2020-11-12
TheOnlyTaps,Tapiwa Winston Muza,Zidane's basement,2020-11-12
AndreSICHT,Andre SICHT,"Grindelwald, Bern",2020-11-12
DiegoLorijn,Diego Lorijn,"Barcelona, Spain",2020-11-12
dan_bu,Daniel Busch,Hamburg,2020-11-12
TMusa_news,Transfermarkt.us,Concacaf,2020-11-12
omar8ashour,Omar,Baltim | 6th of October ,2020-11-12
TMuk_news,Transfermarkt.co.uk,,2020-11-12
notfawzyrm4,Fawzy,,2020-11-12
notfawzyrm4,Fawzy,,2020-11-12
IndicudTx,indicud,Private ,2020-11-12
AhmedEnien,Abo El-Enien,Ù…Ø¯Ø±ÙŠØ¯ Ø§Ù„Ø¯ÙˆØ± Ø§Ù„ØªØ§Ù†ÙŠ,2020-11-12
rmadridism,rmadridism,,2020-11-12
10Kidaman,Kidaman Adrian,"Nairobi, Kenya ",2020-11-12
OnMadridista,OnMadridista,,2020-11-12
OnMadridista,OnMadridista,,2020-11-12
Central4Madrid,Real Madrid Central,NYC,2020-11-12
man_ball7,ManBall,,2020-11-12
witty_futty,Witty Futty,,2020-11-12
wittyfutty,WittyFuttyâš½ï¸,,2020-11-12
Livfooty1,Livfooty,,2020-11-12
champion_footy,ChampionFooty,,2020-11-12
temmi77karmal,temmikarmal,jakarta indonesia ,2020-11-12
OnMadridista,OnMadridista,,2020-11-12
philcolli72,Phillip Columbine,"Salford, England",2020-11-12
HeadlineFutbol,Headline Football,,2020-11-12
MOH_K0N,M O H K O N,"Erbil, Kurdistan - Iraq",2020-11-12
sorianoaaron,Aaron Soriano,MÃ©xico,2020-11-12
Trogl22,Ø§Ù„ØµÙŠÙ‘ÙØ§Ø¯,,2020-11-12
ViperTassriAFC,PRINâŒE,Singapore,2020-11-12
RawanDaqqah,Rawan Mousa,UAE,2020-11-12
RawanDaqqah,Rawan Mousa,UAE,2020-11-12
mdfmerchandise,mdfmerchandise,"Belleville, NJ",2020-11-12
zuhumomar,Zuhum Omar,"Nairobi, Kenya",2020-11-12
mdfmerchandise,mdfmerchandise,"Belleville, NJ",2020-11-12
Iraima10536749,Iraima,,2020-11-12
Iraima10536749,Iraima,,2020-11-12
Qades,ğÂ¹Â³,,2020-11-12
ahmedbuz,Buzeriba,,2020-11-12
OmarIbr24,Omar.VIP,,2020-11-12
iFantoo,Fantoo,,2020-11-12
OnMadridista,OnMadridista,,2020-11-12
OnMadridista,OnMadridista,,2020-11-12
Ninoska74122509,Ninoska,,2020-11-12
livescore,LiveScore,URL,2020-11-12
lanmai58597573,lan mai,42 Shrewsbury Road,2020-11-12
rmadridism,rmadridism,,2020-11-12
OnMadridista,OnMadridista,,2020-11-12
a7medmagdy11,Ahmed Magdy,Egypt,2020-11-12
a7medmagdy11,Ahmed Magdy,Egypt,2020-11-12
ChauThinh3,Chau Thinh,MA,2020-11-12
jerseum,JERSEUM,,2020-11-12
swagafiedkicks,Swagafied,,2020-11-12
grewiozrmcf,ana flÃ¡via,gfbpa rmcf aufc,2020-11-12
nadim5khoury,ĞĞ°Ğ´Ğ¸Ğ¼,beirut lebanon,2020-11-12
NoufAlAhmadi7,Nouf,"London, Riyadh ",2020-11-12
TurnertookaTurn,Ramesses The GreatğŸ¦…,milky way,2020-11-12
DangXuanHai7,Dang Xuan Hai,usa,2020-11-12
Alex98442562,Alex,,2020-11-12
amilnal,Be Wise .... Sanitize â„¢ğŸ”Œ,Anywhere mi deh,2020-11-12
amilnal,Be Wise .... Sanitize â„¢ğŸ”Œ,Anywhere mi deh,2020-11-12
CfDiegoaltube,Cf.diegoaltube,,2020-11-12
Meezy_Boi,JAKES,"Madina Estate, Accra, Greater",2020-11-12
Meezy_Boi,JAKES,"Madina Estate, Accra, Greater",2020-11-12
__Ahmedesam,Ahmed Essam,,2020-11-12
ticataca_,ticataca,,2020-11-12
Zs0703,.,Toronto,2020-11-12
wjx19990413,dlsmshhwxx,,2020-11-12
Champz_12,joÃ£o,,2020-11-12
7ussiiin,(ï¸¶ï¸¿ï¸¶),,2020-11-12
Stefano4118899,pÑ”Ô€Ño zÑ”Ñ”â„¢,Nevada ,2020-11-12
livescore,LiveScore,URL,2020-11-12
you_msm,MY,,2020-11-12
aldobellini13,Aldo Amore â¼,"Nairobi, Kenya",2020-11-12
Tedsyr1,Tedsyr,Kingston,2020-11-12
Tedsyr1,Tedsyr,Kingston,2020-11-12
moazmmohamed,Moazmmohamed,,2020-11-12
NO_SHYY,NOÙŠØ´,,2020-11-12
ThomasPrehn,Thomas Prehn,Copenhagen,2020-11-12
Hakeem8993,federista89,,2020-11-12
kwasiarthur6,Jordan,United States,2020-11-12
Route1futbol,RouteOneFootball,,2020-11-12
Route1futbol,RouteOneFootball,,2020-11-12
OnMadridista,OnMadridista,,2020-11-12
Mikeluvtofu,Mike,usj.senawang.madrid,2020-11-12
inbtwnthelines,In between the lines âš½,,2020-11-12
poolhump2990,Paul Humphreys,"Northampton, England",2020-11-12
PhiKhan04138067,Phi Khanh,UZ,2020-11-12
livescore,LiveScore,URL,2020-11-12
BlancoMerengues,Lord Ramos ğŸ‡¸ğŸ‡ª,Santiago Bernabeu ğŸŸï¸,2020-11-12
bala_chn,Bala,"Chennai, India",2020-11-12
pipato28,Pierre,NewYork City,2020-11-12
vily35_barca,Norbert GÃ¡l,,2020-11-12
saadunited480,Í‡ ê‘„ê‹¬ê‹¬ê‚Ÿ â¤ ê€ê“„ê‚Ÿ,baghdad.iq,2020-11-12
furher_hitler,guadalupe mendozza,nairobi kenya,2020-11-12
English_AS,AS English,"Madrid, EspaÃ±a",2020-11-12
livescore,LiveScore,URL,2020-11-12
StatisticSports,StatisticSports,,2020-11-12
castillo_yalixa,yalixa castillo,,2020-11-12
AnhTuan19110000,Anh Tuan,usa,2020-11-12
DBlanco118,madridnnews,,2020-11-12
toi_sudheendraT,Sudheendra Tripathi,,2020-11-12
_HoldMeDown,broskiii,,2020-11-12
Mahmoud96027081,Mahmoud Ahmed,,2020-11-12
lankhang5,lan khang," 30 Pasir Panjang Rd, Singapo",2020-11-12
ASTRANSPORTS,AS TRANSPORTS VIP,,2020-11-12
TrungTi41138261,Trung Tin,USA,2020-11-12
Emen256,Emen Eddie,,2020-11-12
FTBL24com,Football News,"Amsterdam, Nederland",2020-11-12
Murthyyuva_v3,ğŸ†ƒğŸ…·ğŸ…°ğŸ…»ğŸ…° ğŸ†ˆğŸ†„ğŸ†…ğŸ…°â±½áµƒË¡á¶¦áµáµƒá¶¦,"Le Pondy, France",2020-11-12
Route1futbol,RouteOneFootball,,2020-11-12
OnMadridista,OnMadridista,,2020-11-12
Cris_Spooky,â˜† Cris SpÃ´Ã´ky â˜†,ğŸ‡³ğŸ‡¿,2020-11-12
SSFazah,ZÎ±rÎ±ziÂ®,"MombÎ±sÎ±, KenyÎ±",2020-11-12
KhongMi64957876,Khong Minh,ML,2020-11-12
OnMadridista,OnMadridista,,2020-11-12
OnMadridista,OnMadridista,,2020-11-12
Route1futbol,RouteOneFootball,,2020-11-12
SaiEshwar21,Sai Eshwar,Johor Bahru,2020-11-12
TheTotallyShow,The Totally Football Show,United Kingdom,2020-11-12
StatisticSports,StatisticSports,,2020-11-12
republic_sports,R.Sport,"Mumbai, India",2020-11-12
Isaacsimmendez,I S A A C,7.2 Miles Up Looking Down,2020-11-12
Adeyemi62306626,Adeyemi Opeyemi,,2020-11-12
OnMadridista,OnMadridista,,2020-11-12
OnMadridista,OnMadridista,,2020-11-12
ParmeshSriv,Parmeshwar Srivastava,"Mumbai, India",2020-11-12
txeifas,Txeifas,,2020-11-12
VanThai78308430,Van Thai,CN,2020-11-12
mark_osifo,ï£«dbigmark2ï£«Â®,Life!!!,2020-11-12
memovi,Ã–mer KarataÅŸ,,2020-11-12
footballitalia,footballitalia,,2020-11-12
granota_edi,Hector B.M,,2020-11-12
sidiksog,sidiksog,,2020-11-12
Trijary,ĞŸÑ€Ğ¸Ñ,,2020-11-12
_mai_hula,#ashTAG,Here,2020-11-12
whitepollito,whitepollito,,2020-11-12
cristinacalgary,cristina velasco,"HuÃ©rcal de AlmerÃ­a,AlmerÃ­a.",2020-11-12
cristinacalgary,cristina velasco,"HuÃ©rcal de AlmerÃ­a,AlmerÃ­a.",2020-11-12
Zannnnnnz,Zana,"PrishtinÃ«,Kosov",2020-11-12
namgian23361182,nam giang,"#51, 40 Rhu Cross, 01, Singapo",2020-11-12
TrungNa17512765,Trung Nam,UK,2020-11-12
reggie___O,captain levi,,2020-11-12
GulaniMubarak,Mai Yobe,EastNorzan Najeria.,2020-11-12
TanLinh14488220,Tan Linh,UK,2020-11-12
VanTam93658506,Van Tam,VN,2020-11-12
ifabyss,fernanda,,2020-11-12
caughtoffside,CaughtOffside,,2020-11-12
WilsonL64713174,Wilson Liu,,2020-11-12
AnneShly,Anne Shirley,,2020-11-12
AnneShly,Anne Shirley,,2020-11-12
VanThuo43026395,Van Thuong,USA,2020-11-12
Enemalucky,Laâ€™moore,Abuja,2020-11-12
TanLinh14488220,Tan Linh,UK,2020-11-12
Ian75690179,Nyokovic,,2020-11-12
thefootyarena,The Football Arena,,2020-11-12
MadaFFC,adam.,"Brighton, England",2020-11-12
bogavantemio,Mario HernÃ¡ndez,,2020-11-12
ChiKhan70251839,Chi Khang,VN,2020-11-12
republic_sports,R.Sport,"Mumbai, India",2020-11-12
NoaRoay2,girlssssğŸ‡ªğŸ‡¦ Real MadridğŸ‡ªğŸ‡¦ girlsss,"Alcobendas, EspaÃ±a",2020-11-12
Alireza70193431,Alireza,,2020-11-12
samarac55377064,iwillwin,,2020-11-12
OnMadridista,OnMadridista,,2020-11-12
HdIm2BWIq44gkGP,ĞĞ°Ğ´ÑÑˆĞºĞ° ĞšĞ°ÑĞ°Ñ€Ğ¸Ğ½Ğ°,,2020-11-12
H6bXGfEBdOoVw89,ĞŸĞ°Ğ» Ğ’Ğ¾Ğ²ÑĞ½Ñ‹Ñ‡,,2020-11-12
OnMadridista,OnMadridista,,2020-11-12
advantage_kobby,kobby advantage,,2020-11-12
TuanAnh24994363,Tuan Anh,VN,2020-11-12
ThiHuon10105078,Thi Huong,uk,2020-11-12
SabahNisar,SabahNisar,"Calgary, Alberta",2020-11-12
Binh12896028,Binh,,2020-11-12
ProtouchFC,Protouch FC,,2020-11-12
nadim5khoury,ĞĞ°Ğ´Ğ¸Ğ¼,beirut lebanon,2020-11-12
Axeeeeeell,Piranha,"Twitterland, Madrid",2020-11-12
TrieuVa33782274,Trieu Van,Go,2020-11-12
EverveFollower,Everve Follower,,2020-11-12
vandung56312812,van dung,uk,2020-11-12
JPappachan,Joel,,2020-11-12
ChuDu26255560,Chu Du,US,2020-11-12
SnehaSh75506039,Sneha Shrestha,,2020-11-12
Tando_03,03_Xen,viLLe,2020-11-12
DeChalaca,DeChalaca,PerÃº,2020-11-12
AkinosiBenjamin,Akin,,2020-11-12
DalhatD,Prince Dazz,Kaduna.  State,2020-11-12
VanQuoc38590812,Van Quoc,VN,2020-11-12
Outlookindia,Outlook Magazine,"New Delhi, India",2020-11-12
DuyDai11,Duy Dai,CN,2020-11-12
addon08437973,addon,,2020-11-12
SyrianskyS,SyrianSky Secret,,2020-11-12
SyrianskyS,SyrianSky Secret,,2020-11-12
coffeebeforetea,à¸à¸²à¹à¸Ÿ ğŸ’•,,2020-11-12
quach_hoe,Quach Hoe,China,2020-11-12
Redwan14964472,redooo7007,,2020-11-12
FootTheBall,FootTheBall,Locker Room,2020-11-12
Zhenya095,Zhenya09,,2020-11-12
ThanhHu02530187,Thanh Hung,,2020-11-12
NgVietToan1,Ng Viet Toan,Laos,2020-11-12
RogerSolis7,Roger Solis,"San Luis PotosÃ­, MÃ©xico",2020-11-12
CaoVanLai1,Cao Van Lai,VN,2020-11-12
goalooco,GoalooMobi,Indonesia,2020-11-12
TrucLin60693405,Truc Linh,Japanese,2020-11-12
fut_ballersfc,Futballers F.C,"Chicago, IL",2020-11-12
ConorTierney1,Conor Tierney,,2020-11-12
Jose_BB1994,Jose manuel,Ecija(Sevilla),2020-11-12
9248ladecima,Aron Jasp Â³â´ ğŸ‡ºğŸ‡¸ğŸ‡µğŸ‡­,"Reno , Nevada USA",2020-11-12
antoniogeada1,AntÃ³nio Geada,,2020-11-12
antoniogeada1,AntÃ³nio Geada,,2020-11-12
wilmerjm1,wilmer jose maita,"Anaco, AnzoÃ¡tegui",2020-11-12
Meldo_10,Meldo,EsËˆtaÃ°jo SanËˆtjaÉ£o Î²ernaËˆÎ²eu,2020-11-12
spacexmckitty,#StandwithRose #believesurvivors #SpookyMulder,Mordor where the shadows lie,2020-11-12
Lanci8,Lanci,,2020-11-12
adil_salim,Muhammad Adil Salim,"Davis, California",2020-11-12
carlosmformoso,carlos formoso,,2020-11-12
malditotwiter1,opositor,,2020-11-12
MalaysiaRawang,MALAYSIA THALAPATHY FANS CLUB #RAWANG,"Rawang, Selangor",2020-11-12
Nadalchukwu,#GirlDad 13.20.100,Estadio Santiago Bernabeu,2020-11-12
Dhestiny_K,Dhestiny_Klassics Â®,"Tema, Ghana",2020-11-12
angelina_csc,Angelina Adinami,"Victoria Island, Nigeria",2020-11-12
LuBo68826885,Lu Bo,US,2020-11-12
JoelAdedayo1,Joel Adedayo,,2020-11-12
samdave44124915,sam dave,,2020-11-12
Raheelovic,Raheel,ğŸŒŠ,2020-11-12
AduakaJ,CryptoKINGğŸ¤´,,2020-11-12
enanzamil,Ø¹ÙÙ†Ø¢Ù†,"Madrid, Spain",2020-11-12
mubarak_dfon,RealMadrid champions,"Kaduna, Nigeria",2020-11-12
javipulguy,Javi pulguy,"Madrid, Comunidad de Madrid",2020-11-12
robles_galiano,angel Galiano Robles,"aranjuez, madrid",2020-11-12
davutovic,David Davutovic,Melbourne,2020-11-12
Serran0q,Daniel Serrano,Ecuador,2020-11-12
LTrevill,Luke Trevill,,2020-11-12
AnaMatnadze,Ana Matnadze,"Barcelona, Spain",2020-11-12
AnaMatnadze,Ana Matnadze,"Barcelona, Spain",2020-11-12
MarkyTwainy,Marky Twainy,,2020-11-12
chetty_keenan,King-I-Am,,2020-11-12
AjedrezesVida,AndrÃ©s Llanas,Madrid,2020-11-12
OmniFoot,á´á´É´ÉªÒ“á´á´á´›,"Cairo, Egypt",2020-11-12
Escanorofseven,#endsars #endpolicebrutalitynow,United Kingdom,2020-11-12
JRC_Sr_008,JonathanC Sr. 008ğŸ‡¨ğŸ‡¦,"British Columbia, CanadağŸ‡¨ğŸ‡¦ğŸ’",2020-11-12
jeff61292379,jeff,,2020-11-12
law_peters,Law of the JungleğŸ,Nigeria,2020-11-12
DaniVegaNFL,Dani,London ,2020-11-12
ThePrinceMaba,Cliff Wang,,2020-11-12
OnMadridista,OnMadridista,,2020-11-12
che_enMadrid,ğŸ¦‡Che en MadridğŸ¦‡,"Madrid, Comunidad de Madrid",2020-11-12
jaysundj,JAYSUN,London,2020-11-12
4wordfootballer,4wordfootballer,,2020-11-12
AlePanfil,Alejandro Panfil,Buenos Aires,2020-11-12
DailyMadridcom,Daily Madrid,"Madrid, Spain.",2020-11-12
VjWsbaJIilYufgE,ĞĞºÑĞ°Ğ½Ğ°,,2020-11-12
TomzyTube,TomzyTube,,2020-11-12
Arash46113243,Arash,,2020-11-12
DailyMadridcom,Daily Madrid,"Madrid, Spain.",2020-11-12
Axeeeeeell,Piranha,"Twitterland, Madrid",2020-11-12
HeadlineFutbol,Headline Football,,2020-11-12
parisinisto,â˜† Diario Parisino â˜†,"Paris, France",2020-11-12
Ta_Ammo,AmoğŸ’¦,"Pretoria, South Africa",2020-11-12
Dope_Akeem,Shoyemi Adediran Akeem,WorldWide...,2020-11-12
Dope_Akeem,Shoyemi Adediran Akeem,WorldWide...,2020-11-12
Dope_Akeem,Shoyemi Adediran Akeem,WorldWide...,2020-11-12
Arkadas_manc,Arka,untraceable,2020-11-12
THFCben02,thfc_ben,,2020-11-12
Jibrizzle,Wiilwaal,"Hartford, CT",2020-11-12
martin54705866,martin,Manchester united ,2020-11-12
MGoatford,Goatnaldo,"Manchester, United Kingdom",2020-11-12
OnMadridista,OnMadridista,,2020-11-12
DerAustor,Austor - FIFA Prediction & More ğŸ…™,Instagram: austor_official,2020-11-12
ShujaUNK,Shuja,"Noida, India",2020-11-12
Celery1979,Cel O'Callaghan,,2020-11-12
AS7_Thfc,MourhinotheG.O.A.T(old account got suspended,,2020-11-12
goatchesterutd,ğŸ“ ğŸš«ğŸ§¢,,2020-11-12
4Pulisicszn,PulisicSZN#4,"London, England",2020-11-12
muizzkadjee2,Wuizz,"Johannesburg, South Africa",2020-11-12
arifrobin,arif robin,,2020-11-12
TheBoatAshore,à·†É¨ğ˜ŠĞ¶ğŒ€ğ¢Ğ» ÑâŠ•ê—Ÿá•¦ ğŸŒ±â“‹ â­ğŸŒ³â­,"Nottingham, Europe",2020-11-12
sport_spy,SpySportAgent,Spain,2020-11-12
Perscotta,perscotta-#FBPE-ğŸ•·ï¸#BlackLivesMatter,,2020-11-12
ahmed_babulpegu,wtf,"Quintana Roo, MÃ©xico",2020-11-12
PSG24hours,PSG en Direct ğŸŒ,Parc des Princes,2020-11-12
Ellieflower12,Mrs BrownğŸŒ¹â¤ğŸŒ»,"London, England",2020-11-12
Leillo_Camargo,LeeyCamarguinhoâ™¨ï¸,RepÃºblica de MoÃ§ambique,2020-11-12
schiller1806,SchillerClara1806 ğŸ‡ªğŸ‡ºğŸ‡©ğŸ‡ªğŸ‡¬ğŸ‡§,,2020-11-12
cj7pink777,Chadwick J,"Durban, South Africa #031",2020-11-12
FootyKitMarket,Football Kit Market,"Nottingham, England",2020-11-12
Ahito28095407,Ahito,,2020-11-12
JayKitch11,J KitchğŸ,Crazy Town,2020-11-12
MadridChoudhary,Real Madrid Choudhary,"Community of Madrid, Spain",2020-11-12
exsecularlover,ğŸš© arnab is back ğŸš©,à¤†à¤°à¥à¤¯à¤¾à¤µà¤°à¥à¤¤ ğŸš©à¤¹à¤¿à¤‚à¤¦à¥‚à¤°à¤¾à¤·à¥à¤Ÿà¥à¤° ,2020-11-12
OnMadridista,OnMadridista,,2020-11-12
Route1futbol,RouteOneFootball,,2020-11-12
TheFullTimePod1,The Full Time Podcast,,2020-11-12
_fplhacks,FPL Hacks,,2020-11-12
sportsultima,sportsultima.com,UNITED KINGDOM,2020-11-12
OnMadridista,OnMadridista,,2020-11-12
capitanjack,ALBERTO SANCHEZ,BOGOTA,2020-11-12
AdothuVenkat,Venkat Adothu,miryalaguda,2020-11-12
Hammadfootball,Hammad,,2020-11-12
Leigh984,Leigh Spencer,"Leicester, England",2020-11-12
zhd4850,zahid ali,Lahore Pakistan ,2020-11-12
Leofcbn,Aj,Campnou,2020-11-12
Route1futbol,RouteOneFootball,,2020-11-12
Route1futbol,RouteOneFootball,,2020-11-12
dikembemutumbo4,dikembe mutumbo,,2020-11-12
MukeshKPS,ğŸ‡®ğŸ‡³MUKESH PRAJAPATğŸ‡®ğŸ‡³,"Jalore, Rajasthan (INDIA)",2020-11-12
AnneShly,Anne Shirley,,2020-11-12
LMCTLabour,L M C T ğŸŒ¹ğŸ“ˆ,"South Thanet, Kent",2020-11-12
Meemanohar23,MANOHAR23,"palanadu Andhra Pradesh, India",2020-11-12
vodionline,Volker Didzun,Am Rand des MÃ¼nsterlandes,2020-11-12
AzrOrganization,AZR Organization,,2020-11-12
47Indu,Indu_Dhfm,"Warangal, India",2020-11-12
AditPutraH,Adhitya Putra,Bekasi sebelah timur,2020-11-12
Dhfm06735766,Aravind Reddy,"Cuddapah, India",2020-11-12
Route1futbol,RouteOneFootball,,2020-11-12
sarathkumar64,Sarath kumar,Bengaluru,2020-11-12
SevdaShripal,Shripal Sevda ShriğŸ‡®ğŸ‡³,Rajasthani,2020-11-12
FootTheBall,FootTheBall,Locker Room,2020-11-12
Sempiterno87,â³,Galway ,2020-11-12
Sestop1Gennadij,Gennadij Shestopalov,,2020-11-12
Zhenya095,Zhenya09,,2020-11-12
POKEROM_ru,Andrei Volkov,,2020-11-12
rebel_crimson,Crimson Rebel,,2020-11-12
betcornernews,betcornernews,Î•Î»Î»Î¬Ï‚,2020-11-12
chrisalucard,Christos Harpidis,"Î’Î¿ÏÎ»Î±, Î•Î»Î»Î¬Ï‚",2020-11-12
OnMadridista,OnMadridista,,2020-11-12
deadsh0tt17,Sheikh Noor,"Raipur, India",2020-11-12
aheathsmith95,Adam Heath-Smith,,2020-11-12
dikembemutumbo4,dikembe mutumbo,,2020-11-12
CookeDavin,Davin Cooke,,2020-11-12
22bet_official,22BET,,2020-11-12
Fronkonsteen77,Fronkonsteen77,World Wide Web,2020-11-12
mzormann,Marcelo Zormann ğŸ¾,,2020-11-12
d1j1m1,David Morris,"Manchester, UK",2020-11-12
DanMitch789,Dan,"Chester, England",2020-11-12
MythBreaker99,Arpit Menaria,"Udaipur, India",2020-11-12
ThePrinceMaba,Cliff Wang,,2020-11-12
KyroSports,Kyro Sports,"New Delhi, India",2020-11-12
VivoEffe,FabiÃ¡n,"Madrid, Spain",2020-11-12
vcfnigeria,vcfğŸ‡³ğŸ‡¬,,2020-11-12
Alex98442562,Alex,,2020-11-12
authoraspirant7,Varunâ€™s Outlook,,2020-11-12
dikembemutumbo4,dikembe mutumbo,,2020-11-12
AnneShly,Anne Shirley,,2020-11-12
EverveTravel,everve_travel,,2020-11-12
NjiBetrand,Nji Betrand,,2020-11-12
PSG24hours,PSG en Direct ğŸŒ,Parc des Princes,2020-11-12
_sergiotun,The PlumberBoy âš’â›ğŸ› ğŸ’ªğŸ¿,"Ibadan, Nigeria",2020-11-12
_sergiotun,The PlumberBoy âš’â›ğŸ› ğŸ’ªğŸ¿,"Ibadan, Nigeria",2020-11-12
FutJunky,FutJunky,,2020-11-12
AzrOrganization,AZR Organization,,2020-11-12
bogavantemio,Mario HernÃ¡ndez,,2020-11-12
4EyedLiwa_,The NoahLiwağŸ“ğŸŒ»,Ma ville natale.,2020-11-12
sam4wigan,Samuel Ahmadu,"Abuja, Nigeria",2020-11-12
visilfer99,VISILFER.99,,2020-11-12
GMhanie,GMHANIE â ğŸ˜ˆ,,2020-11-12
cristinacalgary,cristina velasco,"HuÃ©rcal de AlmerÃ­a,AlmerÃ­a.",2020-11-12
cristinacalgary,cristina velasco,"HuÃ©rcal de AlmerÃ­a,AlmerÃ­a.",2020-11-12
ericwirianata,Eric Wirianata,Jakarta,2020-11-12
aGuyWhoDub,Ujjwal Parwal,"Mumbai, India",2020-11-12
FootyKitMarket,Football Kit Market,"Nottingham, England",2020-11-12
SyrianskyS,SyrianSky Secret,,2020-11-12
oYtnk4zocaVMqV0,Ğ›ĞµĞ¾Ğ½Ğ¸Ğ´ Ğ•Ğ³Ğ¾Ñ€Ğ¾Ğ²,,2020-11-12
News18Sports,News18 Sports,India,2020-11-12
arsenalmad37,arsenalmad79Reloaded,,2020-11-12
URRACO1982,Jo',,2020-11-12
UllalIBT,Naveen Ullal,,2020-11-12
CookeDavin,Davin Cooke,,2020-11-12
LoNo7777,SH,Planet Earth,2020-11-12
amrish_mehrotra,amrish mehrotra,Delhi,2020-11-12
Maamitalks,MSaraswathy,Mumbai,2020-11-12
rohitkumarnd9,Rohit agarwal,"West Bengal, India",2020-11-12
Stefano4118899,pÑ”Ô€Ño zÑ”Ñ”â„¢,Nevada ,2020-11-12
livescore,LiveScore,URL,2020-11-12
matty_vanpersie,Matteo Andreani,"Osimo, Italy",2020-11-12
Babanasidi01,Abdulkadir Nasidi,"Abuja, Nigeria. ",2020-11-12
ben_caro_,b.en,Å‚imbÃ¸,2020-11-12
CareyNicholas,Nicholas Carey,"Shoreham-by-Sea, England",2020-11-12
RAH_0306,â¤ God bless everyone ğŸ™,,2020-11-12
BigMuscleTHill1,T.Muscle1ï¸âƒ£,onomah ,2020-11-12
OnMadridista,OnMadridista,,2020-11-12
exboyscatter,BUA,Kano,2020-11-12
secravencottage,sean,,2020-11-12
SensurroundSod,MontenegroFFC,"Bar, Montenegro",2020-11-12
ThePrinceMaba,Cliff Wang,,2020-11-12
IndieDevDog,ğŸ• IndieDevDog ğŸ•,,2020-11-12
LatifBangash19,Latif Bangash,"Islamabad, Pakistan",2020-11-12
ce_carroi_,CE Carroi,Andorra ,2020-11-12
ImZEU5,ZEUS,,2020-11-12
MohdSha55659925,Mohd Shadab,"Bareilly, India",2020-11-12
Semedeton2,SemedetonğŸ’«ğŸ’«ğŸ’¡ğŸ’¡... #Ã³mÃ³ iya Ã©lÃ©jÃ ,"Badagry, Nigeria",2020-11-12
sadique_jamil,SadJ,"Bengaluru, India",2020-11-12
socceroliz,Socceroliz,,2020-11-12
followbb1,BB,Undisclosed ,2020-11-12
GamesBoner,Games Boner,,2020-11-12
GamesBoner,Games Boner,,2020-11-12
ProjectX_iOS,Project Hyrax for Mobile Devices,,2020-11-12
playpongis,Pongis,Japan,2020-11-12
playpongis,Pongis,Japan,2020-11-12
Madrid_Mufa,Mufa,,2020-11-12
moyosore_sanni,OLUWADEMILADE ğŸ¤´,Nigeria,2020-11-12
ValenciacfAR_En,Valenciacf in English ğŸ¦‡ğŸ’¯,,2020-11-12
Stefano4118899,pÑ”Ô€Ño zÑ”Ñ”â„¢,Nevada ,2020-11-12
Sridhar_SRN,Sridhar à²¶à³à²°à³€à²§à²°à³,"Bengaluru, Karnataka, BhÄrat",2020-11-12
Midofield1,ğŸ´â€â˜ ï¸ ğŸ‡µğŸ‡¸,,2020-11-12
busbywayM16,Shajan,UK ,2020-11-12
Tallilingus,#THECAPABLEISNOTCAPABLE,"Port-Harcourt,Nigeria ",2020-11-12
BASInternation1,B.A.S. - International Legal Services,"Madrid, Spain",2020-11-12
De_Twiins,Black Jesus,"Abeokuta, Nigeria",2020-11-12
Bet9jaOfficial,Bet9ja,,2020-11-12
realOssF,MakuchağŸ‡ºğŸ‡¸ğŸ¦…,"Los Angeles, CA",2020-11-12
greater_glory20,A girl has no name,"Uyo, Nigeria",2020-11-12
dikembemutumbo4,dikembe mutumbo,,2020-11-12
eillish_lian,Lian Eillish," Naples, Italian",2020-11-12
OSFrog,ğ“†,,2020-11-12
MoPatel2005,Mo Patel,Manchester,2020-11-12
RnbRnb7,RNB44,UK,2020-11-12
OnMadridista,OnMadridista,,2020-11-12
Axeeeeeell,Piranha,"Twitterland, Madrid",2020-11-12
vingystryker,Vishnu,Natus Ad Majora â™¥ ,2020-11-12
KyroSports,Kyro Sports,"New Delhi, India",2020-11-12
qVVscmnPgCLwG9F,"""{Ø³ÙÙŠØ±,Ø§Ù„Ù‡Ù…}""",,2020-11-12
elCampeone,MOJ Ù…Ù„Ú©××•×¡××”,uXbRiDgE/ IslAMaBAD,2020-11-12
9mPjdqBOpmXEpat,Ğ˜Ñ€Ğ¸Ğ½Ğ° ĞŸ,,2020-11-12
MarkyTwainy,Marky Twainy,,2020-11-12
chess24es,chess24.es,,2020-11-12
KhelNowWF,Khel Now World Football,"New Delhi, India",2020-11-12
SyrianskyS,SyrianSky Secret,,2020-11-12
SunilGu83522546,Sunil Gurung,,2020-11-12
ThePrinceMaba,Cliff Wang,,2020-11-12
FootTheBall,FootTheBall,Locker Room,2020-11-12
CoryMatthews18,Cory MatthewÃŸ,Coventry,2020-11-12
GoalooSports,goaloo.co,å°åº¦å°¼è¥¿äºš,2020-11-12
Katybug24,Katybug24,Glorious and Free.,2020-11-12
Stevieincognito,Steven Ryan,"Halifax, NS, Canada",2020-11-12
GushueCards,Gushue Cards and Collectibles,"Halifax, NS, Canada",2020-11-12
basil_mama,ã°ã˜ã¾ã¾ã‚“,,2020-11-12
imomarxrasheed,OXO,,2020-11-12
