screen_name,name,location,created
OnBastet,Bastet On A Hot Tin Roof,"Los Angeles, CA",2020-11-29
elishafc2000,Elisha FC,,2020-11-29
blandbrygd,Blandbrygd,Internet,2020-11-29
Dan0532439154,Ø¬ÙŠÙƒ Ù…Ø³Ø§Ø¬ Ø§Ù„Ø±ÙŠØ§Ø¶,,2020-11-29
the_iseoluwa,Ron's GuyğŸ˜ˆ,"Lagos, Nigeria",2020-11-29
ayodeleoluranti,ayodele oluranti,delta state,2020-11-29
owerri_firstson,CHAMBERS 107.NG,LAGOS,2020-11-29
_8496_,#WRLD,ğŸŒ,2020-11-29
BlessupDamaker2,Blessup Damaker,"Kasoa, Ghana",2020-11-29
FlexyJay9,Flexy Jay,"Benue, Nigeria",2020-11-29
kenton0pay,keton0pay,,2020-11-29
dandcfc14,dandcfc,,2020-11-29
Okey2pac1,OkeyBurnaboizğŸ‡³ğŸ‡¬,,2020-11-29
obiloonu2,MUFC LAST BORNğŸ™…,"Abuja, Nigeria",2020-11-29
PhxAkin,AlÃ¡gbÃ dá» ğŸ‡³ğŸ‡¬ğŸ‡³ğŸ‡¬,,2020-11-29
FootyKeyrings,SD,,2020-11-29
kieswacker1,Kieran Thorne,,2020-11-29
MHernandezRosel,Miguel HernÃ¡ndez R.,La Paz ( Bolivia).,2020-11-29
CFCROYALBLUE,ROYALBLUECHELSEA,,2020-11-29
_wisdom34,Wisdom,"Lagos, Nigeria",2020-11-29
carpediemwinnrz,George,,2020-11-29
claudepoleon,kajal poleon,,2020-11-29
theAsianBlue,The Asian Blue ğŸ’™,Opinions Are My Own,2020-11-29
ManUtdFanKe,manchester united  fansğŸ‡°ğŸ‡ª,"Nairobi, Kenya",2020-11-29
marceloclaure,MarceloClaure,New York & Miami ,2020-11-29
_lashe21,LasheğŸ˜,somewhere close,2020-11-29
cnstvja,Cable News & Sports TV,,2020-11-29
BelloAjibola_09,Bello Ajibola,Lagos,2020-11-29
Wrightie7,Nancy Wright,Planet Twitter,2020-11-29
jolake415,jolake,Monmouthshire,2020-11-29
skinyai,STEVE KINYAI,Nairobi Kenya,2020-11-29
LondonsFinestS2,London's Finest Show Feed,,2020-11-29
Queenpam17,SOCIAL DISTANCING ğŸ˜·,,2020-11-29
chimela_john,Chimela,Nigeria,2020-11-29
OffiahFestus,FestusğŸš®,"Awka, Nigeria",2020-11-29
RodCarefree,Butterfly EffectğŸ¦‹,Everywhere Is Here! ,2020-11-29
CBlueMentality,Chelsea The Blue Mentality,,2020-11-29
KaysEra12,Ama strong â™¥ï¸,"Tema, Ghana",2020-11-29
Saintobinwa1,MUFC â£ï¸,World,2020-11-29
Coodez8,MUFCğŸ˜˜,"Abuja, Nigeria",2020-11-29
JaredDylanSylv2,Jared Dylan Sylvester,,2020-11-29
Chikaunited,042,,2020-11-29
flyingeze,Flying Eze,,2020-11-29
AliyuMo75887778,Alex,,2020-11-29
BraNii_TYGA22,TnkYouGodAlways(TYGAğŸ¯),,2020-11-29
porcee_009,Olamiposi,ğŸ“,2020-11-29
RealUSMNT,USMNT,,2020-11-29
BIGDADD10144319,BIG DADDYâšª,"Lagos, Nigeria",2020-11-29
LondonsFinestQU,London's Finest,,2020-11-29
big_bentweet,big_ben,,2020-11-29
scifo_m,CF,,2020-11-29
ChelseaPuzzles,ChelseaPuzzles,SW6 1HS,2020-11-29
Iwujijustus,Iwuji justus J.LORD,Portharcourt,2020-11-29
ArmyDavido,ğŸŒˆ ğŸŒˆÂ²Â³ Pulisic is back,,2020-11-29
MGHCCHI1,MGH Community Health,"Boston, MA",2020-11-29
RJ_Goodthings,RJ,,2020-11-29
pounds96,akwasi POUNDS,"Dubai, United Arab Emirates",2020-11-29
Elite_clubb,BET 365 - TIPSTER FIXING,naples ,2020-11-29
ukgovcomp,UK Government Cover Up - Competition Account,Worldwide,2020-11-29
AlexandreDester,Alexou,"Troyes, France",2020-11-29
NICHOLASKARTHU1,Dhatbwoyblinkx Jnr,"Accra, Ghana",2020-11-29
Stefanonyc212,Steven Miller,NYC,2020-11-29
Rootz_TV,Grassroots Football TV,"London, England",2020-11-29
JoshuaPinnell1,JoshuaPinnell,,2020-11-29
Shoppingforgift,Shopping For A Gift,Essex UK,2020-11-29
Nigeriafirstson,AmazingGrace,,2020-11-29
LesterThorpe,and Lester !,Croydon / London,2020-11-29
kellymcelhinney,Kelly McElhinney,United Kingdom,2020-11-29
kennkenn017,Easy Mary ğŸ¥°ğŸ’‹,,2020-11-29
GameWeek_banter,BDE FC,Not Too Sure Myself :) ,2020-11-29
CFCChronicle,Chelsea Chronicle,"London, England",2020-11-29
NenyeChelsea,BLUEBERRYğŸ’™,Elm Street ,2020-11-29
footballmemorys,Football Memories,Football pics from the past,2020-11-29
Coded76,DOMSONâ˜,,2020-11-29
shane16dav,Shane Davoren,,2020-11-29
ChelseaChadder,Chad,"MHL, Gate 9",2020-11-29
LilyEnglandUK1,ğŸ´ó §ó ¢ó ¥ó ®ó §ó ¿ WTO Brexit â¤ï¸ Trump ğŸ‡ºğŸ‡¸ #KBF,"Little Venice, Westminster",2020-11-29
ColbyGreenCfc,Colby CFC Green,"England, United Kingdom",2020-11-29
StevenRisley2,STEVENCFC,"Cobham, South East",2020-11-29
owusugideon36,Thegoodnewsman,"Kumasi, Ghana",2020-11-29
iam_mevin,Imagine dragons,Nairobi,2020-11-29
core_chelsea,Chelsea Core,,2020-11-29
BNWLKNS,WLKNS,"Birmingham, UK",2020-11-29
LFCryanryan,Ryan,,2020-11-29
ntrosrks,kanami,Advanced Warfare,2020-11-29
LookUs_JNR,Tshi-Amo Molefe,Pretoria & Brits ( Bethanie ),2020-11-29
jimohisah6,Chelsea Blue fan,"Abuja, Nigeria",2020-11-29
theway_prem,Prem Dave,,2020-11-29
literallymarvel,M.,Abuja,2020-11-29
Khronicles7,Khronicles ğŸŒŸğŸŒ¹,"ACCRA,GHANA",2020-11-29
RazzyKigz,Rachael Â®,LDN/UG,2020-11-29
Jamin_Odira,Baba YagağŸ‡°ğŸ‡ª,Kenya,2020-11-29
sanshui596,sandra smith,Shan Shui,2020-11-29
SandraS27874170,Sandra Smith,,2020-11-29
MelvynChong1,Melvyn Chong,,2020-11-29
AlexandraFree19,Alexandra Freeman,,2020-11-29
oldshirts,oldfootballshirts,All over the World,2020-11-29
LizzieFuller19,Lizzie Fuller,,2020-11-29
OlatunjiAbdulz1,Olatunji Abdulzahir,"Kubwa,phase 4",2020-11-29
FootyZoneNet,FootyZone.net,,2020-11-29
cfcgate,CFC GÎ±te | Ø¨ÙˆØ§Ø¨Ø© ØªØ´Ù„Ø³ÙŠ,"London, England",2020-11-29
annobil_,ANBL,Cape Verde / HEAVEN,2020-11-29
ShanShui1946,Sandra Smith,Sussex,2020-11-29
BueSuluxsardi,Sandy Mac,Sussex,2020-11-29
TheChelseaSpot,The Chelsea Spot,Stamford Bridge,2020-11-29
LoganJnr3,Chilly-B,,2020-11-29
EFootballRumors,EuroFootballRumours,,2020-11-29
PremCFCPatel26,PremCFCPatel,"London, England",2020-11-29
cfcgate_rss,CFC Gate RSS â¼,"London, England",2020-11-29
struttsthebeach,Strutt & Parker Chelsea SW10,"140 Fulham Road, Chelsea SW10 9PY",2020-11-29
iQFePJb2mVjZP3W,valera,Almaty,2020-11-29
Joseekhay,BRODAH TOPEH|| #EndSWAT,Osun state Nigeria,2020-11-29
Stevexmiles,Stevemilex #EndSARS #EndSWAT, ,2020-11-29
princeIbk1,Big BÂ©Â§Â§ Ë¢áµ€ğŸ”± ğŸ”±,Brekete Kingdom ğŸ”±,2020-11-29
SSjovall,Sampe,,2020-11-29
ManLikeWerner,Cam ğŸ¦‹,"England, United Kingdom",2020-11-29
DerAustor,Austor - FIFA Prediction & More ğŸ…™,Instagram: austor_official,2020-11-29
ShawPrintCo,Shaw Print Company,"Liverpool, England",2020-11-29
Johnboscoobinn2,ğŸ’›ğŸ’› Johnbosco ObinnağŸ’–ğŸ’–,,2020-11-29
TheRowZP,Row Z 'Podcast',,2020-11-29
TajariKhalid,crypto samurai,Morocco,2020-11-29
larrygaisie,Larry G,"Tema, Ghana",2020-11-29
jessicalmorgans,Jess âœ¨,,2020-11-29
26_Meeky,ICON Miq,,2020-11-29
adamwood4iv,AWiv,"Sao Paulo, Brazil",2020-11-29
BenjaminPharma,Football Rx,,2020-11-29
enocksmith84,enocksmith,Accra ,2020-11-29
NifemiTg,Nifemi TG,"Florida, USA",2020-11-29
NanaPok21528602,Nana Poku,Kumasi,2020-11-29
babajide777,babajide,"Toronto, Ontario",2020-11-29
maxxiecash,ğŸ’«ğŸŒŸMAâŒCA$HğŸ”ŒğŸ’°,Around the worldğŸ‘Œ,2020-11-29
Lybanicku,Sebas Lybanicku,"Jakarta Barat, DKI Jakarta",2020-11-29
truthOriginal,ğŸ‘½ Itz truthğŸ’§,Jamaica,2020-11-29
Blast52Drummer,Steffffff ;),Ireland,2020-11-29
owusuedmond19,owusu edmond,,2020-11-29
WOLACLONE,Olayiwola,"Abuja, Nigeria",2020-11-29
__thor_pe,THORPEğŸ‘¨â€ğŸ’»,Inside the fridge. ,2020-11-29
BobiscoMjd,ğŸ‡³ğŸ‡¬ OnlySon ğŸ‡³ğŸ‡¬,"Lagos, Nigeria",2020-11-29
wrmly,WP Multi-language,"New York, USA",2020-11-29
oceanrolandsen5,oceanrolandsen,"Bexley, London",2020-11-29
TW11SZN,Turbo Timo ğŸ¥¶ğŸ¥µ,,2020-11-29
NorwegianCFCboy,NorwegianCFCboy ğŸ‡³ğŸ‡´,19.05.12,2020-11-29
broken_heart490,ğŸ‘ï¸ broken_heart ğŸ’”ğŸ‘»ğŸ‡¬ğŸ‡­ğŸ‡¬ğŸ‡­,"Kumasi, Ghana",2020-11-29
silascooper04,Silas Cooper,,2020-11-29
_ShuBhamCFC,Shubham,"Mumbai, India",2020-11-29
MNyalama,#Gwisu Ng'wanamalole,,2020-11-29
Enioxare,Emmanuel,Lagos,2020-11-29
AlanbaeiFahad,CFCFahad,Chelsea fc ğŸ’™,2020-11-29
Hrayro3,#RecognizeArtsakh,,2020-11-29
Leon_zeeee,pÑ”Ô€Ño zÑ”Ñ”â„¢,Nevada ,2020-11-29
truekaa,KAA (CFCğŸ’™),,2020-11-29
LondonBluePod,London Is Blue Podcast,USA,2020-11-29
AbsoluteChelsea,Absolute Chelsea,,2020-11-29
MadTingz__,old account was @MadTingz_,,2020-11-29
MayMay3105,May May,,2020-11-29
rebeccawalshol2,rebecca ğŸ’™ğŸ’™ğŸ’™ğŸ’™ ğŸ„ğŸ„,"Mayo, Ireland",2020-11-29
Jertynooo,JDIV,"Paris, France",2020-11-29
boonthevibe,Not Your Regular Regular Guy,"Lagos, Nigeria",2020-11-29
hanpai1234,RJ Haneef,Yorkshire UK,2020-11-29
nii_thompson30,IRAQ,,2020-11-29
orleansarkcess,KNUST SARKğŸ¤´ğŸğŸ™,#SarkNation,2020-11-29
DieterGucht,DieterVanGucht,"Merchtem, BelgiÃ«",2020-11-29
pateldaxil,ğ“Ÿğ“ªğ“½ğ“®ğ“µ ğ““ğ“ªğ”ğ“²ğ“µ â—¢ â—¤,India,2020-11-29
achrafsneiper,achraf,,2020-11-29
The_wordsmith10,BENGAZYğŸ‘‘,"Kasoa, Ghana",2020-11-29
kwame_selasie,Sly_La QuicaÂ®,,2020-11-29
matTemitope,Adekola Temitope mat,,2020-11-29
Fenthashi,#StayHomeSaveLives,United Kingdom,2020-11-29
PremLMS,âš½ Premier League LMS âš½,Premier League,2020-11-29
Emmanuelfirm1,Emmanuel firm,"Ashanti, Ghana",2020-11-29
CFC_KAKE,KAKE,"Panruti, India",2020-11-29
meysam39559824,meysam,,2020-11-29
CBluearmy,chelsea.cfc.bluearmy,,2020-11-29
AssanjAyoub,ayoub hassan,"dar es salaam,tanzania",2020-11-29
AYPrivateEye,Andy LFCDT âœ‹ğŸ»ğŸ‘†ğŸ»,"South Dublin, Ireland",2020-11-29
MattySixTimes,Matt,"Dublin City, Ireland",2020-11-29
gerzinio,ğŸ§Gerzinio*ğŸ§,Ireland,2020-11-29
Werder_RT,Werder RT,Bremen,2020-11-29
Trentofchelsea,Trent,,2020-11-29
OseKry,Kry Ose,,2020-11-29
thekay007,Kay,,2020-11-29
moshosho7,sampson obeng,"Accra, Ghana",2020-11-29
Courtney_Neary,Courtney Neary,Liverpool // Newcastle,2020-11-29
colin_turley,Colin Turley,Dublin ,2020-11-29
TipsEvolution,Evolution Football Tips,"England, United Kingdom",2020-11-29
ricechilwell,nas oitavas da ucl,,2020-11-29
dickson87,Anthony,Liverpool,2020-11-29
LFCDT_Gav,Gav,,2020-11-29
LFCDaytrippers,LFC Daytrippers Podcast,"Dublin City, Ireland",2020-11-29
DIYMikes,DIYMike,"Salt Lake City, UT",2020-11-29
jimwilkz,James Wilkinson,lancashire,2020-11-29
BetIbc1,BET-IBC,"Willemstad, Curacao",2020-11-29
sammy_klick,Sammy,"In your headphones,speakers...",2020-11-29
guru_kalexis,The retweeter #EndSars,"Lagos, Nigeria ",2020-11-29
Its2Black,2BLaCk,Depth of the Ocean,2020-11-29
samuel_realgr8t,Sami,,2020-11-29
ObengK__,Ê™á´Šá´Ê€É´,"Accra, Ghana",2020-11-29
mangkornzzzz_,á´˜á´œÊŸÉªêœ±á´¢á´¢á´¢â°Â² ğ—£ğ—¿ğ—²ğ˜€ğ—²ğ—»ğ˜ğ—²ğ—± ğ—¯ğ˜† ğ—­ğ—”ğ—œğ—” ğŸ˜¼,"Stamford Bridge, England",2020-11-29
chelltalks,Chelsea Talks,ğŸ‡®ğŸ‡©,2020-11-29
Carsley_1,Nana Carsley,"5.526017,-0.268907",2020-11-29
jacobeshun2,jacobeshun,western region.Bogoso,2020-11-29
UnionJackGuy,Land of Hope and Glory ğŸ‡¬ğŸ‡§ğŸ‡ºğŸ‡¸ğŸ‡®ğŸ‡±,Edinburgh,2020-11-29
MemorabiliaMal,Mal Winkles Football Memorabilia,AndalucÃ­a ğŸ‡ªğŸ‡¸,2020-11-29
tmj_rip_labor,TMJ-RIP Labor Jobs,"Providence, RI",2020-11-29
MAHDI1368MAHDI,MAHDI SHAH MORADI,,2020-11-29
CreativChelsea,CreativationsChelsea,"Chelsea, SW3",2020-11-29
Claressie,the_essie_babe,,2020-11-29
imnxzz,benji #COYB,syre erys ryse,2020-11-29
cjplays13,cjplaysfm,"Stoke-on-Trent, England",2020-11-29
gothamjiujitsu,Gotham Jiu Jitsu,"New York, NY",2020-11-29
PeteJohnson313,Pete Johnson,"Newton, Derbys",2020-11-29
susannabola,b.l,,2020-11-29
bolt_east,Bolt Arabic,,2020-11-29
callme_Noni,Your HomeBoyğŸ‘½,Behind.âœ´ï¸,2020-11-29
mztadiligent,Mzta Diligent,Nigeria,2020-11-29
_ItsAllChelsea,ItsAllChelsea,"London, England",2020-11-29
AlexJanePereira,Alexandra Pereira,South London,2020-11-29
eyestudiolondon,Eye Studio Opticians,"Chiswick & Fulham, London, UK",2020-11-29
oliveriOJM,Oliver James Morrison,Italia,2020-11-29
italia_chelsea,Chelsea Italia,"Stamford Bridge, England",2020-11-29
Olayinka_Desola,ğŸ…“ğŸ…”ğŸ…¢ğŸ…ğŸ…›ğŸ…,,2020-11-29
Kickstox,Kickstox,"Amsterdam, The Netherlands",2020-11-29
oluIfek,Ifek,,2020-11-29
Bayonle_LDD,Bâ‚¬Â£PharmğŸ’ŠğŸ’¦ğŸ’«ğŸ”¥ğŸ‰ #EndPoliceBrutality #EndSARS,"Abuja, Nigeria",2020-11-29
roc037,JRoc037,,2020-11-29
Pius251,Pius25,Nigeria,2020-11-29
chessyhour_dan,#CHOssyHour,,2020-11-29
Bilyvminu__amin,MAJOR,,2020-11-29
AkabuoguChief,Chief Akabuogu,,2020-11-29
jesusbalderas15,jesus balderas,Flow Factory,2020-11-29
Bonifac36428134,Pastor Boniface,,2020-11-29
GaryCFCMarr,Gary Marr ğŸ´ó §ó ¢ó ³ó £ó ´ó ¿,,2020-11-29
AndOneDynasty,AND-ONE,,2020-11-29
thetoonreview,Paul,"North East, England",2020-11-29
WPulisic,WittyPulisic,,2020-11-29
6dSporting,SPORTING 6D,,2020-11-29
DrFrank70163711,AZUBUIKE,"Abuja, Nigeria",2020-11-29
eden2block,ğŸ–¤ğŸ’¨,,2020-11-29
KingEscobarAgu,KING ESCOBAR ï£¿,"London, England",2020-11-29
domicileherb,Domicile herb,"Nairobi, Kenya",2020-11-29
PlazaEstates,PlazaEstates,UK,2020-11-29
aminushehuuba1,Mr.A,Nigeria,2020-11-29
hellocheltenham,hellocheltenham,"Cheltenham, England",2020-11-29
CheltenhamMedia,Cheltenham Media,"Cheltenham, England",2020-11-29
ChelseaBrasseri,Chelsea Brasserie,"Cheltenham, Gloucestershire",2020-11-29
Lois_Nt6,Tochios,Enugu Nigeria,2020-11-29
Bobby_Johnson16,Bobby,"London, England",2020-11-29
habeeb_adesina,Ã¶lÃ¥rdÄ¯mÄ™ji__Ë¢áµ€ğŸ”±ğŸ¦ğŸ˜ˆ,"Ogun, Nigeria",2020-11-29
TheChelseaEcho,The Chelsea Echo,United Kingdom,2020-11-29
kaydealz,TheKay,+234,2020-11-29
harunabakojr,H A R U N A II,Nigeria,2020-11-29
MievilleCharles,Charles Mieville,,2020-11-29
0tubanjogbenga,GB3L3X _ KID,"Lagos, Nigeria ğŸ‡³ğŸ‡¬",2020-11-29
official_gizzle,aleeyou,"Abuja, Nigeria",2020-11-29
Sully_UTC,Craig O' Sullivan,"Bolton, England",2020-11-29
NormanRumack,Norm Rumack,"Toronto, Ontario",2020-11-29
teemPRAISE,Olami Praise,"London, England",2020-11-29
NERROGH,NerroGH,GH,2020-11-29
henryobyno,Henryobyno,,2020-11-29
ntohw3,Tafri MuğŸ•¸,,2020-11-29
Amilamadu100,Amila Madushan,,2020-11-29
burksy8,Steven Burks,,2020-11-29
FootyLegend_,Footy Legend VIP Hospitality,"Barcelona, Spain",2020-11-29
Signables1,Signables,,2020-11-29
Chelsea11513986,Chelsea Forever,,2020-11-29
GamebredTuRner,Hanzo HasashiğŸ˜ˆ,"Kentucky, USA",2020-11-29
RufaiIsmailtob2,Plenipotentiary,,2020-11-29
odalis888,odalis martinez,,2020-11-29
PrRupertsTower,Prince Ruperts Tower,Liverpool,2020-11-29
Patrici04278024,Patricia,"Lincoln, NE",2020-11-29
NeverAFoul,Never A Foul Podcast âš½ï¸,United Kingdom,2020-11-29
UncleAde1,Uncle Ade,Abuja,2020-11-29
1403rajiv,Rajiv,"Hillingdon, London",2020-11-29
Geo_marx1,George_o,"South East,Nigeria",2020-11-29
armish_butt,King Kai ğŸ‘‘,,2020-11-29
DeCastido2131,Alfredo Decastido 2131#TIME EP,,2020-11-29
AY_worldwide,AY..,,2020-11-29
james_AKE,Billy Goatmour,Here and There,2020-11-29
DeOmarre,Deomarre writes # ENDSARS,In my own world,2020-11-29
edwin9_hope,One Reason,somewhere dangerous,2020-11-29
AjiboyeYemi8,Yemi Ajiboye,"Ado Ekiti, Nigeria",2020-11-29
0xHicham,HICHAM âš¡,ğŸŒğŸŒğŸŒğŸŒ™ğŸŒ•,2020-11-29
PastorDavidSnr,Rev David MugadziğŸ‡¿ğŸ‡¼,Zimbabwe,2020-11-29
iamayonimous,Ayonimous Taiwo,Who needs labels?,2020-11-29
SeventeePounds,Shatta Yeete Nsem,,2020-11-29
lovemyMatherAn1,ğŸ‡®ğŸ‡¹ğŸ‡¸ğŸ‡¦ğŸ¤²ğŸ’•God bless youğŸ’›â¤ï¸ğŸ´ğŸ—¡ï¸ğŸ¹âš”ï¸ğŸ›¡ï¸ ğŸ†23ğŸ”´âš«,Italy,2020-11-29
FergieTimeP0d,The Fergie Time Podcast,"California, USA",2020-11-29
johncoumbe,John Coumbe,Oxfordshire,2020-11-29
illitr8,Ige,Nigeria,2020-11-29
JwinxChanki,Jwinx Chanki,,2020-11-29
Anthony46724367,Anthony Gabriel,Nigeria ,2020-11-29
sircarson3,sir. carson,NAIROBI,2020-11-29
AzukaPhrank,ğŸ¤“AzukağŸ’°PhrankğŸ–¤,Somewhere around the World ğŸ—º ,2020-11-29
TheKitmanUK,TheKitman.co.uk,"Bristol, England",2020-11-29
2kull4real00,Ahj mallam,"Sokoto, Nigeria",2020-11-29
ViziFootball,Vizi Football,,2020-11-29
ShalomCreatives,Osborn Tim.,"Ile-Ife, Nigeria",2020-11-29
Ifeoluwa_duth,Ifeoluwa,Nigeria,2020-11-29
nuprojects_,#Nu Projects,West London,2020-11-29
EIfeosame,Big Manny ğŸ‡³ğŸ‡¬,With the Mandem,2020-11-29
kaosarah26,RemzyğŸ’™,"Ilorin, Nigeria",2020-11-29
PeteyWo,PhÃ¡t Há»“,Vietnam,2020-11-29
Doald12,Doald,,2020-11-29
Pogo_pogiba,The Guy,,2020-11-29
BorlaBird2,Borla Bird,,2020-11-29
rodgers0dhiambo,ğŸ‡°ğŸ‡ªRODGERS ODHIAMBOğŸ‡°ğŸ‡ª,KENYA,2020-11-29
Nottocini,Nottocini,The Country of the Blind,2020-11-29
Hills_Diaries,Geoffrey Hills ğŸ‘‘ğŸ‡³ğŸ‡¬ğŸ‡¨ğŸ‡¦ğŸ‡ºğŸ‡¸ğŸ´ó §ó ¢ó ¥ó ®ó §ó ¿ğŸ‡¬ğŸ‡§ğŸ,Somewhere around the world,2020-11-29
AtTheBridgePod,At The Bridge Pod: A Chelsea FC Podcast,United Kingdom,2020-11-29
PlumbingChelsea,Chelsea Plumbing Co,"London, England",2020-11-29
Toni_CFC,ToNi AteF,Zagazig,2020-11-29
danthevillian,Baby-Faced Assassin ğŸ¦,,2020-11-29
samlamar13,sam lamar,,2020-11-29
smpope500,Stewart Pope,"Lenham, England",2020-11-29
Deininger_LWOS,Robert H. Deininger,,2020-11-29
hzqdaizuke9,chromechip,"Kuala Terengganu, Terengganu",2020-11-29
TheKFCKezman,Jordan,Strolling Down The Fulham Road,2020-11-29
gob3nyame,GOB3 NYAMÃ‰ğŸ‡¬ğŸ‡­ğŸ˜,Lifeâ€™s GOODğŸ¥‚,2020-11-29
RobbieK65981239,Robbie King,,2020-11-29
ridwan_olarinde,Olarinde RIDWAN,,2020-11-29
8Manane,manane_8,,2020-11-29
PabloGh2,Pablo Aimar,"Kumasi, Ghana",2020-11-29
KonigSportswear,KÃ–NIG SPORTSWEAR,United Kingdom,2020-11-29
kofiwusudedon11,John Owusu,,2020-11-29
dagezthewind,chasing thewind,yishun,2020-11-29
David_oloimutie,David Oloimutie Kunumpe Soiyantet ğŸ‡°ğŸ‡ª,Kenya,2020-11-29
Khalifayaliam,Khalifa Yaliam,,2020-11-29
De_Amplex_City,KELVIN AMPLEXğŸ¤“,"Stamford Bridge, England",2020-11-29
otee_smlz,NIGERIA BLEEDS #ENDSARS,StonevilleğŸŒ¿ğŸ” ğŸŒ¿,2020-11-29
GlensChels,Marcos,,2020-11-29
msofe_classic,Chanwenwe_ğŸ‡¹ğŸ‡¿,Tanzania,2020-11-29
badasspmf_,ğ“”ğ“°ğ“¸ ğ“ğ“¿ğ“®ğ“» ğ“¨ğ“¸ğ“¾ ğŸ˜¹ğŸ‡¬ğŸ‡­,"Tema, Ghana",2020-11-29
_nanastylish,Stylishï£¿ğŸğŸ’¦,Accra-Ghana,2020-11-29
gabaferman,gabaferman,,2020-11-29
happyriezky,Happy Riezky,"Bogor, Jawa Barat",2020-11-29
samuelOlawuyi14,Sami_DMW(CFCğŸ’™)ğŸ‡³ğŸ‡¬ğŸ‘‘,,2020-11-29
AdelekeMuyiwa4,KAY,Nigeria,2020-11-29
RealForestTV,RealForestTV,,2020-11-29
iJackGa,ğ“²JackGa,"Nyeri, Winterfell",2020-11-29
ChrisC1001,Chris,,2020-11-29
Tk_Cele,khehla,"Johannesburg, South Africa",2020-11-29
fernante_mote,W. E. B Du Girls,,2020-11-29
BumperGraham,Graham Hunter,La Liga and La Roja,2020-11-29
tchevalier10,Leila Knight,Canada,2020-11-29
BrahOriginal,Brah OriginalğŸ”¥ğŸ”¥,Santasi ,2020-11-29
ba_robo,RoboBaracus,,2020-11-29
PureArgan,Essentials You,"London, UK",2020-11-29
Burtytweets,Chris Burton,,2020-11-29
RJ24_UpTheBlues,King James,"Stamford Bridge, England",2020-11-29
livescore,LiveScore,URL,2020-11-29
footybreed,Footy Breed,,2020-11-29
socapatriots,Soccer Patriots,,2020-11-29
kkk_ej,Monsieur PresidÃ©nt ğŸ‡¨ğŸ‡©,"Tremblay-en-France, France",2020-11-29
Kingfamousgh,FAMOUS GHğŸ‘¾,UEW -Kasoa boy,2020-11-29
Frank88199061,Frank,,2020-11-29
revealevanah,elizabeth levy,"New York, NY ",2020-11-29
Ola_mi_posi,OuR mUmU DoN Do!! âœŠğŸ‡³ğŸ‡¬ğŸ’”ğŸ•¯,"Osun, Nigeria",2020-11-29
4lvo_,TheStoryteller,kapsabet,2020-11-29
MoroccoFpl,FPL ğŸ¦,,2020-11-29
vysyble,vysyble,United Kingdom,2020-11-29
CFCDave__,Dave,,2020-11-29
HarkerGill,gill harker ğŸŒ±(V),United Kingdom,2020-11-29
CloudBetNG,Cloudbet,"Abuja, Nigeria",2020-11-29
korastar2016,Leader 3.0,,2020-11-29
talokum,Talokum,,2020-11-29
chenmistry1,Lampfraud FC,,2020-11-29
kantelicious1,v1ceroy,,2020-11-29
msezane_sifiso,Sifiso Msezane,"Durban, South Africa",2020-11-29
DTPORGE,Georgeanne Matranga,"Brightwaters, NY",2020-11-29
CMallacs,COLLINS MALLACS,"Ngong, Kenya",2020-11-29
osin2324,osin2324,,2020-11-29
kkhalifacity,MULAğŸ¥´ğŸ§œâ€â™‚ï¸,,2020-11-29
LutendoKhoromm2,Joseph Jnr,"Sydney, New South Wales",2020-11-29
althanicfc,Ahmed Nasser,,2020-11-29
monneymcclean1,monneymcclean,"Kasoa, Ghana",2020-11-29
oluwajat,#oluwajat,Nigeria,2020-11-29
alesinloyeibra1,Harleshâœ¨,"Lagos, Nigeria",2020-11-29
lidburydraws,LidburyDraws,,2020-11-29
EffahFabregas,phelikx,Ghana,2020-11-29
stephenforsyth1,call me blue,england,2020-11-29
CFCSupportersMM,Myanmar Chelsea (Official),"Yangon, Myanmar",2020-11-29
shande2020,Big z,,2020-11-29
j_wabomba,WabombaJ,Nairobi ,2020-11-29
P16Bantwini,Phaphamani Bantwini,Johannesburg,2020-11-29
NattyBo06772331,Natty Bongo,"Kumasi, Ghana",2020-11-29
samiKIP,Kaurianâ„¢ï¸,Kenya,2020-11-29
CharlieWGordon,Charlie Gordon,"London, United Kingdom",2020-11-29
annita_103,Anya â™¡,Kenya,2020-11-29
Jaytechfriday19,JAYTECHğŸ’™ğŸ’™ğŸ’™,No Where Estate,2020-11-29
umair_muhib,AL MUHIB,"Tamale, Ghana",2020-11-29
dickydelapan,DikkyTHEBLUESCHELSEA,Malang-East Java-West Borneo,2020-11-29
JuliePennell6,Julie Pennell,"Portland (NSW), New South Wales",2020-11-29
RichkidManuel,ğŸ‘‘ManuelinhoğŸ‘‘,"Accra, Ghana",2020-11-29
John_peace1,John PeaceğŸ’,"Uyo, Nigeria",2020-11-29
HlioSoares19,HÃ©lio Soares,,2020-11-29
tobipromise_,Tobi Promise,,2020-11-29
Victor_Lahna,VichillzÙ‡ #EndSARS,Nigeria,2020-11-29
kollnus,Kolajo,"Ilorin, Kwara ",2020-11-29
ValWinsome,ğ™’ğ™ğ™£ğ™¨ğ™¤ğ™¢ğ™š ğ™‘ğ™–ğ™¡,,2020-11-29
kingOfSmallz,KOSâ¤,,2020-11-29
just_babson,prosper babson,"Lagos, Nigeria",2020-11-29
micha_victory,Sihence IdvğŸ¤´,"Owerri, Nigeria",2020-11-29
otsyulagarvins,OG_BufufuğŸ˜œ ğŸ‡°ğŸ‡ª,"Mombasa, Kenya",2020-11-29
ben_saggs,Ben Saggers,,2020-11-29
FrankSabine1,Frank Sabine,,2020-11-29
veufcliquot,4Pac ğŸ‡§ğŸ‡¸ğŸ‡§ğŸ‡§,,2020-11-29
GHRnewsUK,Greatest Hits Radio News,United Kingdom,2020-11-29
6SECONDSREF,Carl Seggie,"Villa Rica, GA",2020-11-29
ekkachai_5,ğŸ˜‰S.EKKACHAI No.5ğŸ“£,à¸à¸£à¸¸à¸‡à¹€à¸—à¸à¸¡à¸«à¸²à¸™à¸„à¸£,2020-11-29
dhavid_wrld,Your loyal follower,"Lagos, Nigeria",2020-11-29
FelixBet4,Felix Bet,Italie,2020-11-29
geesingh1,gee singh,,2020-11-29
Rubber_chief,Rubber chief,"Lagos, Nigeria",2020-11-29
TemitopeOjo11,BlueTipsie,"Lagos,Nigeria",2020-11-29
Mosesfixedodd_,Mr Moses Okafor,"Lagos, Nigeria",2020-11-29
icecream1billi,2 sweet entertainment,Down south ,2020-11-29
RiahSkinny,RiahğŸ‡¬ğŸ‡­ğŸ‡ºğŸ‡¬ğŸ‡³ğŸ‡¬ğŸ’¡ğŸ’¡,"Kampala, Uganda",2020-11-29
kabhimame,__ThinğŸ’«King_ğŸ‘‘,,2020-11-29
depp05,Deep Thakker,,2020-11-29
MusaJubril12,Musa Jubril,,2020-11-29
aimnmrll,Ø§Ù…ÙŠØ±ÙˆÙ„ğŸ‡²ğŸ‡¾,,2020-11-29
ayinla_mayowa1,ayinla oluwamayowa,Nigeria,2020-11-29
PSG24hours,PSG en Direct ğŸŒ,Parc des Princes,2020-11-29
kwesi_commey,Kwesi Commey Sampson,,2020-11-29
ChronicleNUFC,The Chronicle,Newcastle upon Tyne,2020-11-29
Godsmind228,Man of grace,Nigeria,2020-11-29
Emecinho_SNR,Cinho!âœ¨,,2020-11-29
Dabarweh_lemn,Cuminside,North East West South.,2020-11-29
mykhelcom,myKhel.com,Bengaluru,2020-11-29
superpetr01,Super PETR CECH,United States,2020-11-29
JnrRich3,Jnr. Rich,"Accra, Ghana",2020-11-29
Georegmax,George Max,"Lagos, Nigeria",2020-11-29
Ginytonic,Virginia Beirne,"London, UK",2020-11-29
PUNDITsFC,PUNDITsFC,world ,2020-11-29
tomdolls,Tom Sam,Nigeria,2020-11-29
ceonsparx,Barryyyâš¡,Limbo ,2020-11-29
ajoseadeniyi1,Omobolaji Ajose,Abu Dhabi lagos ,2020-11-29
ChrisMears1,Chris Mears,London,2020-11-29
iamarisprasetya,kebahagiaan,"Yogyakarta, Indonesia",2020-11-29
blueice_29,blue ice,Beautiful and unbothered,2020-11-29
_CFCSarah,sarahğŸ­,,2020-11-29
shyamtalks,Shyam,,2020-11-29
Iamtheoberry1,Theo....Î¸ÎµÎ¿Ï‚,,2020-11-29
LouisChicharit4,Louis Hernandez Chicharito BalcazarğŸ‡¬ğŸ‡­ğŸ‡¬ğŸ‡­,Ghana Techiman,2020-11-29
kwadwo_koduah,Roman AbramovicğŸ—¯,Ghana,2020-11-29
uhnkel_jhay,Violent KisserğŸ‡¬ğŸ‡­ğŸ‡§ğŸ‡·ğŸš,Accra,2020-11-29
MsezaneSifiso,Sifiso Msezane,"Durban, South Africa",2020-11-29
fandihussin,D,,2020-11-29
CfcBluesBoston,LesBlues,,2020-11-29
sheriffozi,sheriff,Nigeria,2020-11-29
iModest,Ø§Ù„Ù„Ù‡,Earth,2020-11-29
sylvakreeck,@NWATA ANAYO EZE 1,"Lagos, Nigeria",2020-11-29
joachim_kennedy,Joachim Kennedy,Ghana,2020-11-29
TheZiyech,The Same Photo Of Hakim Ziyech Everyday,,2020-11-29
AxelTheGhost1,Axel The Ghost ğŸ‡¹ğŸ‡³,,2020-11-29
damilojusaliu,Oluwadamiloju 'Da UniBrow' Saliu,,2020-11-29
NanaWiserGh,NANA WISER ğŸ¥‡ğŸ‘‘ğŸ–¤,WorldWide,2020-11-29
kolagoke20,Kolade Olashile Olagoke,Ikotun,2020-11-29
talkchelsea,Talk Chelsea,"London, England",2020-11-29
Sheymandave,SHEYMAN_DAVE CFCğŸ’™ğŸ’™ğŸ’™,"Lagos, Nigeria",2020-11-29
iamdjmaintain,DjMaintain,,2020-11-29
hayodejigcfr,OlÃ³yÃ¨ AyÃ²dejÃ¬,"Ogun, Nigeria",2020-11-29
VDabibi,Victor Dabibi [VD],"Canada, B.C.",2020-11-29
yungdlaw1,yungdlaw,Nigeria,2020-11-29
oscardpen9,oscardpen,Ivory Coast,2020-11-29
OppongDominic17,Oppong Dominic,"Sunyani, Ghana",2020-11-29
MisdiantoD,Dito ğŸ‡²ğŸ‡¾,"Selangor, Malaysia",2020-11-29
adrizamri,Adri,Kuching,2020-11-29
okanisamuelchi,EZEKWUECHE,island,2020-11-29
faizhamdann,zÃ¯,,2020-11-29
ayodeji84263585,SPEGA90,,2020-11-29
AlfaresDy,alfares,Bandung,2020-11-29
KelvinExcel4,Kelvin Excel,"Nairobi, Kenya",2020-11-29
clinshawarma,Clinton,,2020-11-29
ChalotteNova,ChalotteNova,"New York, USA",2020-11-29
Sports_NDTV,NDTV Sports,"New Delhi, India",2020-11-29
hereisAnand,Anand Selvaraj,"Chennai, India",2020-11-29
Charley2188,charles owusu,"Accra, Ghana",2020-11-29
Elisalinah31,Elisa~Mintyâ£ğŸ•Š,ğŸ‡¹ğŸ‡¿,2020-11-29
NeunUndZwanzig_,Elisabeth is Queen Kai ğŸ‘‘,Roma/WÃ¼rzburg ,2020-11-29
ErnestNuwagaba,Ernest,"Kampala, Uganda",2020-11-29
VHaryormidey,HayormideyğŸš€,Twitter and Twitter ,2020-11-29
chinwetal,Chidi,"Lagos, Nigeria",2020-11-29
just_hendricks,Hendrixx,,2020-11-29
femijr28,OLUWA FEMI ï£¿,World,2020-11-29
RealGoalooNG,GOALOONG.NET,Nigeria,2020-11-29
Njabulo07579782,Njabulo,,2020-11-29
demolathegreat,DemolağŸ˜ğŸ˜,The Batcave,2020-11-29
ab_sger,Ø£Ø­Ù…Ø¯ Ø§Ù„Ø´Ø¨Ø±Ù…ÙŠ,"Ø§Ù„Ø±ÙŠØ§Ø¶, Ø§Ù„Ù…Ù…Ù„ÙƒØ© Ø§Ù„Ø¹Ø±Ø¨ÙŠØ© Ø§Ù„Ø³Ø¹ÙˆØ¯ÙŠØ©",2020-11-29
jokojuliantoo,Joko,,2020-11-29
oriadeofficial,#KOLâ¤ï¸OUT NOW âš›,VADo NaTioN â›„,2020-11-29
kvakhilesh,KV,Everywhere ,2020-11-29
Simiboy6,Simiboy,"Lagos, Nigeria",2020-11-29
AbuhtanuiKE,Poor Millionaireâ„¢ğŸ‡°ğŸ‡ª,"Nairobi, Kenya",2020-11-29
iwd12,Rose Avakian,"Cambridge, MA",2020-11-29
droplets14,augustineğŸ’§,,2020-11-29
So_Soulfire,SossoRamafole,Maseru,2020-11-29
Makelelekan_04,Ø§Ø¨Ø±Ø§Ù‡ÙŠÙ…,,2020-11-29
CISC_Nagpur,CISC Nagpur,"Nagpur, India",2020-11-29
littleangellufc,angie LUFC,Leeds UK ,2020-11-29
daren_glen,Daren Glen,,2020-11-29
iamKachuiJr,BANDANAğŸ´â€â˜ ï¸,TanzaniağŸ‡¹ğŸ‡¿,2020-11-29
Albeats6,Knockout..ğŸ§ğŸ‡ºğŸ‡¬ğŸ‡ºğŸ‡¬,"Mbarara, Uganda",2020-11-29
ManuellaJasmine,Jasmine Manuella,,2020-11-29
rafiiskandar100,rafi,"Kota Surabaya, Jawa Timur",2020-11-29
Harozzyy,KVNG HARRY,Mars...#AmAnAlienâ„¢,2020-11-29
waqasu10,Waqas,"Islamabad, Pakistan",2020-11-29
OvoKobby_,Kwabena Agyemang Jr.ğŸ€„ï¸,"Kumasi, Ghana",2020-11-29
Jay_defiinition,Jay_Jay,,2020-11-29
lorfadi,GILLY,Rhonda,2020-11-29
SqueakyBum_Pod,Squeaky Bum Time: A Premier League Podcast,San Diego/Orlando,2020-11-29
LancelotEmmy1,Andromache The ScythianğŸ‘‘,,2020-11-29
RakeemCFC,El Hadj,"Stamford Bridge, England",2020-11-29
RMeliodas,Monsieur CatÃ©gorique,,2020-11-29
kbainomugisa,Thee MutooroğŸ˜,worldwide ,2020-11-29
Dizz1973,damian bush,,2020-11-29
UsherRaymon1,Abayomi Lawal,Don't Ask Me,2020-11-29
blulyfield,EllanorğŸ®,"Bangkok, Thailand",2020-11-29
thuyain_htet,ThuYainHtet,,2020-11-29
FootTheBall,FootTheBall,Locker Room,2020-11-29
luizinhooli10,Luizinho,"Pavuna, Rio de Janeiro",2020-11-29
Alfieefc10,Alfie Harrison,"Liverpool, England",2020-11-29
MichalDluzniew8,Michal Dluzniewski,,2020-11-29
Luminous_B254,_Luminous_b.l.a.c.k,,2020-11-29
Glen_Maney,Glen Maney,London,2020-11-29
TheBluesDen,Chelsea Football Club,,2020-11-29
CfCprop,CFCprop,,2020-11-29
LiveseyAlex,Alex Livesey,"Macclesfield, England",2020-11-29
russell_liburd,Liverpool FC - Champions Forever,"Chapeltown, Leeds, England",2020-11-29
THEORIGINAL007,B & DUCHESS ğŸ£,Mars,2020-11-29
jesuis_theo,Theo ğŸŒ¿ğŸ¦»ğŸ¼,BrasÃ­lia,2020-11-29
mlp7777,LINDA PIRRONE,,2020-11-29
OnLiberty59,Sam Jones ğŸ˜,Derbyshire,2020-11-29
sushiriceandsoy,Alina Johansson,"VÃ¤sterÃ¥s, Sweden",2020-11-29
tf_sportedit,TF Sport Edit,,2020-11-29
ManeyGlen,Glen_Maney_Talks_Chelsea,,2020-11-29
ZSampsonSport,Zach Sampson,London,2020-11-29
SoloLeonardo20,Leonardo ğŸ’™, Peru,2020-11-29
Poisonivy333,New Yorker,Bklyn,2020-11-29
k9planet_japan,K-9 Planet,æ„›åª›çœŒæ¾å±±å¸‚,2020-11-29
jerry_oreva,Jerry Oreva,"Lagos, Nigeria",2020-11-29
RoyalBlue1905_,RB1905,"London, England",2020-11-29
arabnews,Arab News,Saudi Arabia,2020-11-29
vickeypedia,Vickey Maverick,,2020-11-29
jamesbaldyy,Baldy,21 Years Young,2020-11-29
grabbenbarre,Barre,,2020-11-29
DaveDixon4,Dave Dixon,,2020-11-29
AbiolaGoId,Abiola Gold #EndSARS,"Lagos, Nigeria",2020-11-29
TOWIChelsea,Lampards Grandson,United Kingdom,2020-11-29
CicoConnor,Cian Oâ€™Connor,"Cork, Ireland",2020-11-29
CFCbluepride,CFC Blue Ultras,SW6,2020-11-29
smalvinned,cfc_BREZZIAN â¼,STAMFORD BRIDGE ğŸŸ,2020-11-29
RV_ETSports,Rahul Vaidyanath,Ottawa/Toronto/Montreal,2020-11-29
trippen_japan,trippen Japan,,2020-11-29
Adetunji1432,ARSENAL for life,"Maryland lagos, Nigeria",2020-11-29
holarz12,Kai Havertz âš½,oloje housing estate ilorin ğŸ‘Œ,2020-11-29
bence_bednar,Bence BednÃ¡r,MagyarorszÃ¡g,2020-11-29
Uzzylion,Uzzylion Gram,"Ikeja, Nigeria",2020-11-29
PaulHearne9,ğŸ¦ğŸ‡¬ğŸ‡§Paul HearneğŸ‡¬ğŸ‡§ğŸ¦,Lilleput,2020-11-29
mr_slykasa,SLYkasa,,2020-11-29
yalchii,Yalchii,"City of London, London",2020-11-29
acmproductionso,ACM Productions & Jazzbook Records,Aix en Provence - France,2020-11-29
_UnitedFirst,United First,,2020-11-29
MarkTommostuff,Mark Thompson âšª,,2020-11-29
NanaAdwoaP__,Nana Adwoa Pomaah,"Kumasi,Ghana",2020-11-29
gopalrv71,Venugopal Ravindran,"Gurgaon, India",2020-11-29
Habiola17750376,Habiola,Nigeria,2020-11-29
Eduaful55,Emmanuel Cobbinah,"Huni Valley, Ghana",2020-11-29
Thanks_Max_,Alex Jacobson,,2020-11-29
MaxJacobson12,Max Jacobson,Utah,2020-11-29
danielshinmath,Daniel Shin,"Tenafly, NJ",2020-11-29
jacobson_corina,Corina Jacobson,"Utah, USA",2020-11-29
blair_jacobson,Blair Jacobson,,2020-11-29
amiedawn4,amiedawn,,2020-11-29
ewkelli,Kelli Jacobson,Los Angeles,2020-11-29
GarritJ,GJ,,2020-11-29
camoola900,camoola900,,2020-11-29
drigo1178,Rigo,"Brea, CA",2020-11-29
lap_pan,Mr. White,"Stanley, NC",2020-11-29
thetoddabides,Doctor Todd,,2020-11-29
LarryGuerraE,Larry Guerra,Everywhere,2020-11-29
businessnews_3,Business News,"Birmingham, England",2020-11-29
PrincessAsia2,Princess Asia's Unusual News â¤ï¸ Biden and Harris,"New York, NY",2020-11-29
retweetallowed,RT Allowed,"Fort Worth, TX",2020-11-29
awu007,De Bluz,Nigeria,2020-11-29
Shindara_store,oluwashindara,"Lagos, Nigeria",2020-11-29
MonsterKwabena,Kwabena MonsterğŸ‡¬ğŸ‡­ğŸ’¯,"Western, Ghana",2020-11-29
VayamLahoti,Vayam Lahoti,"Sheffield, England",2020-11-29
Rob_Bar11,Roberto de Almeida Barreto Filho,"Manaus, Brazil",2020-11-29
Citywide45,Richard Louis,First Responder ,2020-11-29
d7o1111ff,ğ’œâ„¬ğ’°ğ’Ÿ,,2020-11-29
jacs_99,Quophie Jacques,"Accra, Ghana",2020-11-29
gbmartinsicuro,Nast Game,"Martinsicuro, Abruzzo",2020-11-29
VdjjamG,#CaptLeaderLegend JTğŸ’™,Nairobi Kenya,2020-11-29
Sorang_sww,ì†Œë‘ (å°ç‹¼),"Virginia, USA",2020-11-29
ali_obeido,Ali Obeido,"Sydney, New South Wales",2020-11-29
RicardoBuabeng,Mr Ricardo,Ghana-kumasi,2020-11-29
ECAlertQC59,Chelsea,Chelsea,2020-11-29
lewis_baldy,Lewis Baldwin,Chichester,2020-11-29
chelseaharper_,Chelsea Harper,"London, England",2020-11-29
elano_vu,Chelsea 2-1 Stade Rennais,,2020-11-29
brutdog007,Brutus A Harris,"Tarzana, Calif.",2020-11-29
SilvanKB73,Silvan,,2020-11-29
ghanachelsea,Ghana Chelsea FC Fans(Official fan base),Ghana,2020-11-29
kimmiyoung0511,í”¼ê°€ìœ ,Thailand,2020-11-29
paturi_sp59392,srinivas paturi,"Bengaluru South, India",2020-11-29
Hor_la_thunde,ABIODUN,Venus ,2020-11-29
orthoandtrauma,Doctor,UK and Ireland,2020-11-29
AvornuKorku,MKay AVORNU ğŸ‘‘ğŸ‡¬ğŸ‡­,"Tema, Ghana /West Africa",2020-11-29
Natalia91592543,Natalia Ivanova,Ukraine,2020-11-29
d___ackerman,MaÃ«va,Kattegat,2020-11-29
Hewitt01Mike,Head Teach #FBPE #ResistUK #SardinesUK #3.5%,,2020-11-29
EdenIsqandar_,ğŸš­,"Langkawi, Kedah",2020-11-29
58_ronny,ronny 58,,2020-11-29
RansfordCobbin4,Ransford Pjay,"Nsuaem, Ghana",2020-11-29
ballerblokes,Ballerblokes,,2020-11-29
dok_iyke,Ogbonnaya iyke,Somewhere in Nigeria,2020-11-29
tnawaft,Nawaf,ğŸŒ,2020-11-29
matchdaymemory,Matchday Memory #LookingBack,Wylye Valley,2020-11-29
BearBull99,BearBULLğŸ¦,,2020-11-29
RealChelseaDon,Sir DIEGO _Chelsea_,Nairobi,2020-11-29
adjei_owusu_bem,Adjei Owusu Bempah,Ghana,2020-11-29
soylarebelde,Amalia De Leon,,2020-11-29
TheRealFutbolTJ,Futbol TJ,Across the pond,2020-11-29
Ehsan03167574,Ehsan,"London, England",2020-11-29
fluttbot,Flutter ğŸ¤–,,2020-11-29
femtech_,FemTech_ğŸ–¥ğŸ‘©ğŸ½â€ğŸ’»,"Berlin, Deutschland",2020-11-29
TheDeveloperBot,The Developer Bot,,2020-11-29
ServerlessFan,Serverless Fan,Sri Lanka,2020-11-29
Tonmoydeyshant2,Tonmoy Dey Shanto,,2020-11-29
LindyYorksLass,Linda,"Leeds, England",2020-11-29
exqiztv,Hazardesque,,2020-11-29
reynaldprm,Reynaldo ProaÃ±o M.,Quito-Ecuador,2020-11-29
leela_satish,Leela V Satish,"Hyderabad, India",2020-11-29
rishi_scythe,Rishi SP,"Mumbai, India",2020-11-29
allchelseaIG,allchelsea,"London, England",2020-11-29
iamthemoi,Reboda Malasone,Belgique,2020-11-29
benjaminshield6,Benjamin Shields,"Bomet, Kenya",2020-11-29
Muhamme72940767,Muhammed,,2020-11-29
kwuo14,Aubaâ€™s SonğŸŒ¹ğŸ¤Ÿ,Ghana,2020-11-29
titipaya,titipaya,"Valencia, EspaÃ±a ",2020-11-29
SmrtAleks,Aleks,Anywhere ,2020-11-29
TimSeers,Tim Seers,Harlow,2020-11-29
AllisonJaneSmi2,ğŸ’™ Allison Jane Smith ğŸ’™,"Hertfordshire, UK",2020-11-29
nextgenartistry,Balo ğŸ‡±ğŸ‡¨,,2020-11-29
WHOOSWHOWHY,DAVE ğŸ¤—,N H S ,2020-11-29
cfc_balo,Balo cfc,St lucia ,2020-11-29
mwangipaul27,KÃ­bÃ©rÃ©ngÃ© WÃ¡ MwÃ¡ngÃ­,Kahawa Area Nairobi Kenya,2020-11-29
_linoantony,Satan Xavier,"Bengaluru, India",2020-11-29
patricia_rattew,Patricia Rattew,Lincolnshire Uk.,2020-11-29
CIsarchomp,Charisaac & Isarchomp,"Houston, TX",2020-11-29
cocokw1,cocokw,,2020-11-29
marcmcgaugh1975,Alpha Beast,,2020-11-29
FACupWembley,The Road to Wembley (FA Cup Finals 1923 - 2000),,2020-11-29
germa_shepherd,German Shepherd,United States,2020-11-29
kafangii,Niwahi kibangi,,2020-11-29
KNNORTH6,North,United Kingdom,2020-11-29
Slice53336780,Slice,,2020-11-29
JacobChaga,Jacob Chaga,,2020-11-29
eyefootball,Eyefootball.com,"London, United Kingdom",2020-11-29
ListAwe12,ListAwe!,,2020-11-29
Folaborn,Afolabi Alausa,Paradise,2020-11-29
rome295,meowmeowmf,,2020-11-29
manufacturing_2,Manufacturing News,"Birmingham, England",2020-11-29
favourb32607004,Faevorh_,proudly nigeria!!,2020-11-29
sharaboniakter,Sharaboni Akter,"Rajshahi, Bangladesh",2020-11-29
MoneyMaseMount,Money Ma$e Mount,,2020-11-29
NobafricaMedia,NobafricaTV On YouTube,"Agona Swedru, Ghana",2020-11-29
Nobafrica_News,Nobafrica News,"Agona Swedru, Ghana",2020-11-29
NobAfrica,NobAfrica MediağŸŒ¹,Agona Swedru,2020-11-29
lainiec07,Elaine Cook,"West London, UK",2020-11-29
aiminternet,AIM Internet,"Birmingham, UK",2020-11-29
FCSuperBlues,Super Blues FC,,2020-11-29
TipsterNoMan,No Man,,2020-11-29
BinaRan90675314,Bina Rani,BD,2020-11-29
DMRHarris44,Declan HarrisÂ©,"Cranborne, Dorset ",2020-11-29
MSALIA__,Salia Muawiah,WorldwideğŸŒ ,2020-11-29
mashfi14,NERD,"Dhaka, Bangladesh",2020-11-29
_Raph_a3l,Blue Orange,Island of Knowledge ,2020-11-29
CentreCircleFBL,Centre Circle,"London, England",2020-11-29
Obakeng_Soul,Obakeng Ramaboa,Johannesburg,2020-11-29
IRCFC10,ğŸŒŒ,The North Pole,2020-11-29
Rey_Blues30,ğ™ğ™šğ™® ğ™ğ™©ğ™šğ™«ğ™ğ™£ğ™ğ™¤ ğŸ‡µğŸ‡¾,Quarantine,2020-11-29
abboxipatro,Barun Boxipatro,"Bengaluru, India",2020-11-29
AllThingsChels_,All Things Chelsea,,2020-11-29
BOBola_,Berita Online Bola,,2020-11-29
astroisla,Stro,"Los Angeles, CA",2020-11-29
suleiman_sudais,The_Boogey Manâ„¢ï¸,No where to be found,2020-11-29
TheVillaVision,The Villa Vision ğŸ¦,,2020-11-29
sportingpress1,sportingpress1,United States,2020-11-29
_OfficiallyNat,Natalie ğŸ’™ğŸ“¸ğŸ®,"Farnborough, South East",2020-11-29
JoelOma_attah,Joel Attah Friday,Kaduna,2020-11-29
thatoblackchild,Thato Mathiba,"Black twitter, RSA",2020-11-29
BenchWarmersFC1,BenchWarmers FC,,2020-11-29
_PatrickBoon_,ğŸ˜¶,,2020-11-29
bccn_tv,BCCN TV,"Lagos, Nigeria",2020-11-29
bradwellcommon,The View from Bradwell Common,"Bradwell Common, Milton Keynes",2020-11-29
J4X0NE1,J4X0NE,,2020-11-29
Karl_Downey,Karl Downey ğŸ´ó §ó ¢ó ¥ó ®ó §ó ¿ğŸ‡®ğŸ‡ª,"Milton Keynes, England",2020-11-29
jr_mulaudzi,Junior Mulaudzi,,2020-11-29
SHAKIL34103531,Priyanka Mehra,"Rangpur, Bangladesh",2020-11-29
LebronQwesi,CHELSEA FCğŸ§¢,"Accra, Ghana",2020-11-29
Kobby43223815,Amasaman Jet LiğŸ¦§,"Sekondi Takoradi, Ghana",2020-11-29
amfo_francis,Francis Amfo,,2020-11-29
ATXsandman,Eddie Football ğŸ‘ğŸ½ ğŸ¦ƒ,ATX ,2020-11-29
THEINSANEBRIT,Ó€â²šá¦ğœ¦â²šÈ¨á—¹Æ¦Ó€â²¦ Æ“ğœ¦á¹ƒÓ€â²šÆ“,"London, England",2020-11-29
Chelsea_Maven,ChelseaMaven,,2020-11-29
AnytimeFootball,Anytime Football,,2020-11-29
sally_everett,Sally Everett,,2020-11-29
MatMehdiDaleySJ,Matt Mehdi-Daley,"Bristol, England",2020-11-29
Phile_Mahomie,The New Age Lepara **,,2020-11-29
osystrong,daddyo,,2020-11-29
IroegbuteC,Sir Manja,"Imo, Nigeria",2020-11-29
KisaEd,Man like ED ğŸ‡ºğŸ‡¬ğŸ‡°ğŸ‡ª,Uganda,2020-11-29
habeebsegun1,koblayKhan,Up,2020-11-29
TBEPodcast_,The Business End Podcast,"Cheltenham, England",2020-11-29
MikeyForbes1,Mikey Forbes,"Buckie, Scotland",2020-11-29
zgolo08,ZGOLO,Lilongwe,2020-11-29
hkkamoako,Hermann Amoako,"Accra, Ghana",2020-11-29
Ripamaru,LeftistCFCğŸ‘•âš½ğŸŒ‰ğŸˆğŸ€âš¾ğŸ’,"Siloam Springs, AR",2020-11-29
Opoyis,Opoyi,,2020-11-29
MuhytheenYusuph,Mdq Of Lagos,,2020-11-29
IkandaJoseph,jmukala,,2020-11-29
ichelseafanatic,Blue Devil,,2020-11-29
OneFiftyEightP1,OneFiftyEightPointThree,"Philadelphia, PA",2020-11-29
DolundM,Dolund Modi,,2020-11-29
_mULti_tV_,Nana Okwan,"Accra, Ghana",2020-11-29
LoveOjo17,Omo Naira ğŸ¦…,MCR,2020-11-29
thatRambochip,Ramires7,,2020-11-29
henrychristmech,christo,"coimbatore,tamilnadu",2020-11-29
peter_friel,Peter Friel,"Sutton, London",2020-11-29
azlie__,Azlie.,Ipoh,2020-11-29
shikome_1,Dep. Min. Energy ğŸ‡¬ğŸ‡­,"Accra, Ghana",2020-11-29
fauzee26,#GlazerOut,,2020-11-29
brooksyblueboy,James Brooks,"England, United Kingdom",2020-11-29
faraxzb,ğšğ˜¢ğ™§ğ˜¢,,2020-11-29
IgweCha96952691,Igwe Charles,"Abuja, Nigeria",2020-11-29
cfcvish_,Vishwesh,ğŸ‡®ğŸ‡³,2020-11-29
pagyeman13,pagyeman,"Kumasi, Ghana",2020-11-29
LuxTipps,Lux Tipps,,2020-11-29
RT_RudraTibak,Rudra Tibak,,2020-11-29
meshackmmakau,meshackmmakau,,2020-11-29
anirpaul,Anirban Paul,"Kolkata, India",2020-11-29
EzemaBet9ja,bet9ja fixed matches,"Abuja, Nigeria",2020-11-29
PeninsulaQatar,The Peninsula Qatar,Qatar,2020-11-29
Spoiltteenager,Pedri Culer,"Udaipur,Rajasthan",2020-11-29
sogal_ritz10,Ritwik,,2020-11-29
BrandingDrop,Uptown Graphics Inc,"Keekorok Road, Nairobi. ",2020-11-29
CarolineDinaL,Carolxxi,"Sarawak, Malaysia",2020-11-29
ShahineJoe,Joe ShahineğŸ‡±ğŸ‡§,,2020-11-29
M_RY_7,M-RY,On the periphery of trouble,2020-11-29
onasixpence,On A Sixpence,,2020-11-29
ShaunLWOSworld1,Shaun Buchanan,England,2020-11-29
athundermusaCFC,Mansamusa,Stamford Bridge,2020-11-29
Eversequential,Obilor Everest,"Dubai, United Arab Emirates ",2020-11-29
TAFCoach2020,THE ANONYMOUS FOOTBALL COACH,,2020-11-29
Temiyardpipu,Temitope,ğŸ‡¦ğŸ‡ªğŸ‡³ğŸ‡¬,2020-11-29
nomue_d,nomue,Harare Zimbabwe,2020-11-29
aabagaye,G A R B AğŸ¦‹,,2020-11-29
MexiaeN,Chief Mexiae Nnaukwu,"Rivers, Nigeria",2020-11-29
Abba_vardy,Abba Sagir,North,2020-11-29
Akayman_,Young CEO,Nigeria,2020-11-29
MichaelMich18Mk,Michael ğŸ‡¿ğŸ‡²,Lusaka ,2020-11-29
HazardsOnLoan,Covid-19 is trapped in Hazard's bum,,2020-11-29
brezezy,BenğŸ’™,,2020-11-29
bot_grinch,de Selby,,2020-11-29
ChelseaStatto,Chelsea Statto,,2020-11-29
LeanIrigoyen26,Leandro Irigoyen,Death Valley,2020-11-29
abrabor5,Banku-tağŸ’¡â,Behind you ,2020-11-29
GOODVELIS,Pillar crafts,,2020-11-29
WiseAnkrah,Wise Ankrah,Ghana,2020-11-29
os_boris,Boris Osâš¡ğŸ‡¬ğŸ‡­,,2020-11-29
cfcfinest,Lampards apprenticeğŸ‡¬ğŸ‡­,"Stamford Bridge, England",2020-11-29
Cardiff_FPL,#FPL Bluebird ğŸ´ó §ó ¢ó ·ó ¬ó ³ó ¿,"Wales, United Kingdom",2020-11-29
Iamoladayor,PAPICHULOâœ³ï¸ğŸ‡³ğŸ‡¬,"Lagos, Nigeria",2020-11-29
calteck21,Calteck21,Stop Stalking me mate,2020-11-29
FaisalAlmuraijb,FAISAL ALMURAIJB,Ahmadi Hospital ğŸ¥ ,2020-11-29
foodfusion2015,Food Fusion Nutrition LTD,Sheffield England,2020-11-29
ambady_goutham,Goutham Ambady,,2020-11-29
kanmaadventures,Kanma Adventures,"Nairobi, Kenya",2020-11-29
FelixChineduVi1,official felixz,"Lagos, Nigeria",2020-11-29
FootballKeng,Keng Football,,2020-11-29
edgarnator11,Edgarâ„¢,"Dallas,TX",2020-11-29
m_keji,á»ŒÌptÃ­mÃ»sPrÃ­mÃ«ğŸ¥,Protest Ground,2020-11-29
NastyNiggi,Justice,Lost,2020-11-29
onick001,O NICK (Mr. Chelsea)ğŸ’™ğŸ¦‹,Worldwide,2020-11-29
RegmiNeelambuj,Neelambuj Regmi,"Warren, MI",2020-11-29
Hady_Fouad,Hady Fouad ğŸ¹ğŸ‡¦ğŸ‡¹ğŸš€,Egypt,2020-11-29
jhaysilvawynd,Jhay Silvawyndâ·â·ğŸ˜,ğŸŒ,2020-11-29
Footballgoal20,Football Goals,,2020-11-29
bfarati,Adefarati A.O.,Nigeria,2020-11-29
winstonmicheals,#VoteAbrantieTheGentleman,"From Colorado, USA",2020-11-29
TGwenin,Tony Gwenin,,2020-11-29
summerscent0814,SummerScent,,2020-11-29
RohitSawant09,Ziyech FC,"Mumbai, India",2020-11-29
vahidqiyasi,Vahid Qiyasi,,2020-11-29
briannkosgei,BRIAN KOSGEI,"Nakuru, Kenya",2020-11-29
theSnrEl,the Snr.ElÂ®ï¸,"Accra, Ghana",2020-11-29
LindmrZ,Lindmir Zubaki,"Bern, Schweiz/ 06 Ks",2020-11-29
Gbolahanguitar,Gbolahan ğŸ˜,"Lagos, Nigeria",2020-11-29
anantyagi_,Anant Tyagi,London / Bombay,2020-11-29
energytl,WinMentality,,2020-11-29
Jobuu_Jobuu,Jobuu_Jobuu,Everywhere,2020-11-29
katiejowe1r,Katie,"Dublin City, Ireland",2020-11-29
Karimsa92943433,Karim sami,,2020-11-29
Ivien_m,M.I of G,Lagos ,2020-11-29
ImeIme01,Ime Ime,,2020-11-29
frankewilliams,williamsojoo24,Ghana,2020-11-29
gmcffcog,Catch Cruise,Nigeria,2020-11-29
FplRio,@FPL_Football.academics,,2020-11-29
GDOTRIZ,G,"London, England",2020-11-29
p_elmatador,1995,,2020-11-29
TugaBestGh2,Tuga Best GhğŸ”¥ğŸ”¥ğŸ”¥,"kumasi, Ghana",2020-11-29
CFC_DADDYCOOL,DADDYCOOL ğŸ‡¨ğŸ‡¦,"Vancouver, British Columbia",2020-11-29
Punditngasal,Pundit Ngasal,"Ciputat, Indonesia",2020-11-29
London_Skylines,Colin,UK,2020-11-29
CFCAthul,Athul,"Cochin, India",2020-11-29
Kremiseve,Karikoga Gumiremiseve,,2020-11-29
__Baazigar__,ğŸ‘‘KingKhanğŸ‘‘ #RCBâ¤,"Pune, India",2020-11-29
yunz_Yz,yunz,Lyon,2020-11-29
UzalendoNews_KE,#UzalendoNewsKE,"Nairobi, Kenya",2020-11-29
JA_Karbalaie,A.J,,2020-11-29
D3ripp3r,romose,,2020-11-29
KTBFFH09,Devinho,,2020-11-29
keem_sg,Weed MinisterğŸ‡¯ğŸ‡²,Football Twitter ,2020-11-29
Hari75556356,H4RRYN,,2020-11-29
thetribunechd,The Tribune,Chandigarh,2020-11-29
Mikeyjono04,david johnson,,2020-11-29
AlanTardis,#Bigalforever,,2020-11-29
JOCHELSEAFC,Jo Chelsea FC,,2020-11-29
STradingPost1,STradingPost,The North,2020-11-29
theshedend2,shed end Chelsea,"Stamford Bridge, England",2020-11-29
DaudiSpeaks,Daudi Speaks,"Nairobi, Kenya",2020-11-29
Girlsinlovewit1,Girlsinlovewithsports.com.gh,"Accra, Ghana",2020-11-29
bayiepresident,Your House WitchesÂ®ï¸ğŸ˜‡,,2020-11-29
Subarenaa,Subarena,"Otta, Nigeria",2020-11-29
Ansahphilip3,Hakim ZiyechğŸ•š,if you not brave enough,2020-11-29
john_henry68,John Angelbeck,United States,2020-11-29
Son_of_Sarabi,Son Of Sarabi,"Lagos, Nigeria",2020-11-29
ChelseafcNewsn1,Chelseafc-Newsnow,,2020-11-29
Rsc_Now,Rsc,,2020-11-29
bliss_apparel,Duchess senorita,"Lagos, Nigeria",2020-11-29
DavefCFC,Dave Farr,Runcorn,2020-11-29
xspen96,SPENCEğŸ­,Rent free ,2020-11-29
ZeeNewsEnglish,Zee News English,India,2020-11-29
_junos_,Ical,,2020-11-29
BackToMarz,The End of Nigeriaâ€™s Mess,"Uyo, Nigeria",2020-11-29
Reggieisbak,unruly reggie,"New York, NY",2020-11-29
WorldFootballi,World Football Index,contact@worldfootballindex.com,2020-11-29
CFC_Bardan,kaiunt ğŸ‡³ğŸ‡µ,Gauradaha Jhapa,2020-11-29
Adeyonudemilad2,Roman Abramovich's mouth piece,,2020-11-29
roussiIIon,zackğŸ¦  (10-0),DMV,2020-11-29
AodreyGh,GhanaShowBiz.com,United Kingdom ğŸ‡¬ğŸ‡§ ,2020-11-29
angry_rantman,Angry Rantman,India,2020-11-29
MdSohan41459855,sohanhossain1,,2020-11-29
1Rahencesports,Ebere Beulah,"Lagos, Nigeria",2020-11-29
Offside68167062,Offside,,2020-11-29
BODIANMODOU1,The Ghost WordSmith,Senegal,2020-11-29
TrueBlue_Cosmo,Chelsea Tweets,Johannesburg,2020-11-29
bellalahmed,"UI/UX, Web Design, Graphics Design","Dhaka, Bangladesh",2020-11-29
Kelechii_e,MissBehaveğŸ‘…,"Lagos, Nigeria",2020-11-29
GyesiSeth,Drugsty,"Accra, Ghana",2020-11-29
udckholahati,alamin Udc Kholahati Gaibandha,"Gaibanda, Bangladesh",2020-11-29
AmiHolamRohan,Rohan Saha,"Birati, Kolkata",2020-11-29
IbrahimBeega,Mamba mentality,"Accra, Ghana",2020-11-29
cjack600,Aldous Huxley,,2020-11-29
RadioKhendoFM,Khendo FM 107.9,"Bungoma, Kenya",2020-11-29
orchmoney3,uche,"Abuja, Nigeria",2020-11-29
KooroWandeto,Benjamin Kooroâ„¢,Nairobi,2020-11-29
mooshkiller,Mooshkiller,Ghana,2020-11-29
Trey_cfc,Trey,"Melbourne, Victoria",2020-11-29
iam_Ikechukwu5,TOPS,Next to you.,2020-11-29
StabilityFC,Stability FC,,2020-11-29
Chelsea_HQ,Chelsea HQ,Stamford Bridge,2020-11-29
lilpowers1985,ğŸ,Sutton,2020-11-29
Nitesh_Chauhan7,Nitesh ChauhanğŸ‡®ğŸ‡³,"Mumbai, India",2020-11-29
kiddicino,EasyMoneySniper,,2020-11-29
Ewarezi_,Rezi,,2020-11-29
RCG00,Rafael Carter Garcia,"Hopkins, MN",2020-11-29
BritishHeraldUK,British Herald,"London, United Kingdom",2020-11-29
DONSKYZ,Boss,,2020-11-29
clubshopprints,Club Shop Prints,,2020-11-29
AMOSASLEFREP,Alan Moss AKA AmosğŸŒ¹âœŠğŸºâœˆï¸ğŸš…ğŸ§,Poechenellekelder Bar Brussels,2020-11-29
AlexBatt,Alex Batt,"Downham Market, England",2020-11-29
chillysphinx,Roger,Zion,2020-11-29
PrAtEeKHiStoRy,PRATEEK DAS,,2020-11-29
EligbueO7,CrunchyğŸ‡³ğŸ‡¬ğŸ’™,"Lagos, Nigeria",2020-11-29
BestBoyPatrick,Fatprick,,2020-11-29
Prince_NU,Prince Udoeyop,"Lagos, Nigeria",2020-11-29
LondonFire,London Fire Brigade,London,2020-11-29
vendettaalex254,Chelsea Talk Centre,,2020-11-29
corydavee,Prodigal Son,"Lagos, Nigeria",2020-11-29
GoatFootballApp,GOAT Football - Quick Spoiler-Free Highlight,,2020-11-29
majid_badar,MğŸœ,Bandung,2020-11-29
Outlookindia,Outlook Magazine,"New Delhi, India",2020-11-29
nightswagon99,J_DANGOTE ğŸ’¶ğŸ’´ğŸ’µğŸ’·,"Accra, Ghana",2020-11-29
pyosafo,papayaw ğŸ‡¬ğŸ‡­,Glasgow ,2020-11-29
ghanaleaksblog,G.L.B.,"DM or Email dsai87207@gmail.com for promotions.
Ghana, Africa, US, Canada, UK, Europe, Asia.",2020-11-29
DetailsYemen,Yemen Details,,2020-11-29
ChelsLad66,Andy Howie,Chelsea SW10,2020-11-29
AdekoyaAdeniy16,Adekoya Adeniyi,,2020-11-29
antwicharles26,Charles Antwi,"Greater Accra, Ghana",2020-11-29
BenSmart1,Ben Smart,,2020-11-29
maruetsane,Maru Etsane,"Johannesburg, South Africa",2020-11-29
KahiyeD,Kahiye Derow,"Nairobi, Kenya",2020-11-29
dayveed235,lord DIEGO,abuja nigeria,2020-11-29
CFCsince1989,CFCsince1989,"Penzance, England",2020-11-29
rashbeck,Rakesh Prithiviraj,"Auckland, New Zealand",2020-11-29
nanaadjei_LY,Bhra LARYEA,"Accra, Ghana",2020-11-29
Followbettinman,Following Football since...,London UK,2020-11-29
Chrstian_Benard,christian Benard okello,Nairobi,2020-11-29
king__Phil,AdejohPhilipToyin,"Federal Capital Territory, Nig",2020-11-29
adjoah_hipsy,Nana ğŸ…°ï¸djoah ğŸ…±ï¸aako,,2020-11-29
Tuko_co_ke,Tuko.co.ke,"Nairobi, Kenya",2020-11-29
ugoh_chuks,Edwin Chuks,Nigeria,2020-11-29
Omar_Casino90,EL PRESIDENTO ğŸ¦…ğŸ‡¬ğŸ‡­ğŸ‡ºğŸ‡¸,Not on this Planet,2020-11-29
GavinoPepino,Gav-Lar,,2020-11-29
bra_eko,Young LordğŸ‘¨ğŸ½â€âš•ï¸ğŸ˜âœŠğŸ½,Russia,2020-11-29
kuyrkrzak,daisy-do,Nightmare,2020-11-29
AJD_81,Andy Davidson,"Dunfermline, Scotland",2020-11-29
Ayodeji_max1,AyodejimaxğŸ›¡,"Lagos, Nigeria",2020-11-29
Dannybo60135464,Å£Ä™ÄÃ§Ñ’Ä™Å— Ä™Å‹Å³mdÄ™w,"Sekondi Takoradi, Ghana",2020-11-29
lakatabu01,LÃ¡kÃ¡tabÃº,,2020-11-29
KnowledgeDelasi,Knowledge Delasi,Accra,2020-11-29
SazioJnr,SaziojnrğŸ¤³,Sonrise,2020-11-29
somtosports,Somtosportsâš½,"Accra, Ghana.",2020-11-29
Dvd_Ampofo,AmpofoğŸŒªï¸ğŸ’¯ğŸ‡¬ğŸ‡­,,2020-11-29
Obama_kesh_,OBAMA_KESHğŸ’²,,2020-11-29
AMKWABINA,Kwabena Bredu ğŸ‡¬ğŸ‡­,"Tema, Ghana",2020-11-29
deejaygeekay,Mr G,,2020-11-29
CasfordKwaku,Gabriel Ghansah,"Kumasi, Ghana",2020-11-29
news_24_365,WATCHTOWER,At Watchtower ,2020-11-29
Qwequ_topper,QwequğŸ¤“,,2020-11-29
Agyriba1,Dez ğŸ¦‹,ğŸ™„,2020-11-29
MrATM4Real,A T MENSAHğŸ‡¬ğŸ‡­ğŸ‡¦ğŸ‡ªâ™‹,"Dubai, United Arab Emirates",2020-11-29
prinzlog_,P R I N Z ğŸ‡¬ğŸ‡­ğŸ‡³ğŸ‡¬,Earth,2020-11-29
Solomon05573,Tiimmy Turner,God's Country,2020-11-29
DjembaMicheal,Djemba MichealâœŒï¸ğŸ‡ºğŸ‡¬,Uganda,2020-11-29
debradandrea,Debra DAndrea,Global,2020-11-29
xter_lee,Queenneo_x,,2020-11-29
kellline,Jennfuego Nwaneri,Orlando florida/ohio,2020-11-29
100PctMAGS,100% MAGS,"Newcastle Upon Tyne, England",2020-11-29
HussleKwasi,Hussle,,2020-11-29
DarkwaDesmond,Kai havertz,Ghana,2020-11-29
AhmedKabirOlay1,â’¹â“”â“¢â“â“›â“,,2020-11-29
Alicyakiss1,Alicya Kiss,United Arab Emirates ,2020-11-29
wumpini71,I6RAHIMğŸš€,,2020-11-29
norteyrichard62,ğŸ’²Ice Morganâš½ğŸ¹ğŸ®,"Accra, Ghana",2020-11-29
ohinoyibuhari,Abdullahi buhari,Lagos nigeria,2020-11-29
As3mEsi,Cocoa Sika noh Ashe ğŸ‡¬ğŸ‡­ğŸ‡³ğŸ‡¬ ğŸ‡¬ğŸ‡¬,"Takoradi, Ghana   ",2020-11-29
Phredy_beatz,Fred_ELLIS,,2020-11-29
ImEfiaMenish,ğŸ’™ğŸ’•BerlaMundiBağŸ’›ğŸ’•,"Accra, Ghana",2020-11-29
WatzTheScore,Lets Play,,2020-11-29
kingSedem10,Dada RexğŸ’¥ğŸ‡¬ğŸ‡­,Dansoman,2020-11-29
Yusful4u,Muritala yusuf. O,Nigeria,2020-11-29
247Sicilian,Don Sicilian ğŸ‡±ğŸ‡·,Liberia,2020-11-29
FunshoOfLagos,Funsho Ibinoran,Christopher walking,2020-11-29
Crazychapdotcom,crazychap.com,,2020-11-29
CiscValsad,Chelsea India - Valsad,,2020-11-29
nyannthierry,Thierry Nyann,Kings Landing,2020-11-29
QueenSandy_CFC,ğŸ‘‘Â§Ã¥Ã±ÃÂ¥ Ã¾ÃªrÃªrÃ¥ğŸ‘‘,"Royal County Of Berkshire,UK",2020-11-29
TopTingfootball,TopTingsFootball,"London, England",2020-11-29
PredictZNigeria,PredictZ Nigeria,Nigeria,2020-11-29
predictzcom,PredictZ,"London, UK",2020-11-29
thefifageezer1,thefifageezer,United Kingdom,2020-11-29
AnyoxKartel,Anyole Henry,"Kampala, Uganda",2020-11-29
BaderinJedidiah,ğ• playboi jedi ğ•,,2020-11-29
KlintonKarter,klinton karter,Ghana,2020-11-29
News18Sports,News18 Sports,India,2020-11-29
meetmajeed,H M ğŸ‡³ğŸ‡¬,Worldwide,2020-11-29
JESUS_IS_LORDGH,Sir Fellow GhanaiansğŸ˜‚ğŸ˜‚,,2020-11-29
CabanaSweet,Chad McGibbon,"Orlando, FL",2020-11-29
avfcnewsgossip,AVFC News & Gossip,"Birmingham, England",2020-11-29
firstpost,Firstpost,"Mumbai, India",2020-11-29
FirstpostSports,Firstpost Sports,India,2020-11-29
TheBeardedRauI,Ali ğŸ‡¬ğŸ‡­ğŸ‡³ğŸ‡¬,GH ,2020-11-29
remynimo,Remy,The Shed End,2020-11-29
cfcglobe,Chelseaglobe,"Stamford Bridge, England",2020-11-29
KDtrader_smurf,Somtochukwu,,2020-11-29
glove_gloves,Goalkeeper Gloves,United Kingdom,2020-11-29
breaknnews1,Break'n News,United States,2020-11-29
obi_nfipade3,#GodblessEfiaOdo,"Accra, Ghana",2020-11-29
MartinzKaycee,MARTINZ,Earth,2020-11-29
iam_future,OjÃ³Ã²la #EndSARS,Earth ğŸ‡³ğŸ‡¬,2020-11-29
prince_stally,KAI,,2020-11-29
abel_philemon,Biebele,"Rivers, Nigeria",2020-11-29
elliotthompson0,Elliot Thompson,"Liverpool, England",2020-11-29
NiceFoot4,Nice Foot,,2020-11-29
NatSportUAE,The National Sport,"Abu Dhabi, UAE",2020-11-29
ayearofnewstuff,Bevo,"Horsham, England",2020-11-29
StatisticSports,StatisticSports,,2020-11-29
TEAMtalk,TEAMtalk,"Leeds, UK",2020-11-29
AddisonCfc,ian addison,sunderland,2020-11-29
KrisRugo,Son Of Rugo,"Nairobi, Kenya",2020-11-29
Akinmarley_,47 #ENDSARS,,2020-11-29
lwoftransfers,LWOF Transfer News,,2020-11-29
allanio_m,Llanah_tha_bae2 ğŸ‡¿ğŸ‡¼,EVERYWHERE ON TL ğŸ“,2020-11-29
_BarryDixon,Barry Dixon,Berwick Upon Tweed,2020-11-29
JAAHLO,JAAHLO,London ,2020-11-29
komarovite,Yo,Ecstasy,2020-11-29
Phormula_,Prodigy,Ghana,2020-11-29
futball_chelsea,Chuks,Stamford Bridge,2020-11-29
fmtoday,Free Malaysia Today,Malaysia,2020-11-29
Chelsea16407427,Chelsea Football Club Fans For LifeğŸ’™,"London, England",2020-11-29
ovostreams,Nba Streams,,2020-11-29
thekwahuestate,Kwahu Roman AbramovicğŸ’°ğŸ‡¬ğŸ‡­ğŸ,,2020-11-29
salifu_halifa,Salifu Halifa,"Greater Accra, Ghana",2020-11-29
abdul9Chelsea,AbdulğŸ†ï¸,"Ghana,  Tamale Northern ",2020-11-29
Chrisbillakings,Afolabi AkinyemiÂ©Â®,"Ilorin, Nigeria",2020-11-29
LastWordFC,Last Word On Football,World,2020-11-29
Maraazcom,Maraaz.Com,Global,2020-11-29
kocakluh2018,kocak,,2020-11-29
bosibori_Ke,Paw Paw stan Account,"Nairobi, Kenya ",2020-11-29
ashwinmurali,Ashwin Murali,"Coimbatore lad, now in Mumbai",2020-11-29
StamfordDoggie,Stamford The Doggie,,2020-11-29
wolveriffverine,ğŸ“´,177A Bleecker St,2020-11-29
EmilynPraha,Emily Beth,"Fort Lauderdale, FL",2020-11-29
Demola_Rogers,Demola Adesina,Lagos Nigeria,2020-11-29
wayneobimbo_,Wanye,"Cape Town, South Africa",2020-11-29
cmduff,Craig Duffy,"Workington, Cumbria, England",2020-11-29
MrSheriffAdams,Adams Sheriff,In my thoughts ,2020-11-29
NikkiSalsa,Nikki C B,Brighton UK,2020-11-29
Matt1Driscoll,Matt Driscoll,London,2020-11-29
jkjessamoh_,ğŸ•ŠAbramovich Jr,London/Essex,2020-11-29
michealmwaura20,BOUFF DADDY,Thika,2020-11-29
blak_emoji,Super Saiyan Black,The New World,2020-11-29
nimo_roger,RogerğŸ§¢,,2020-11-29
kongsclan,.,,2020-11-29
SoccerScoop2,Soccer Scoop,,2020-11-29
EvansJames99,James Evans,Taunton-Portsmouth ,2020-11-29
mariee_06303,mary tivkaa,,2020-11-29
Emmy_3003,.,Nigeria ,2020-11-29
Sweet_Talkative,Watchdogâ„¢,,2020-11-29
mount10_,Ù†ÙˆØ§Ù|ğŸ‡¸ğŸ‡¦,KSA,2020-11-29
Risedone_mia,Rise,Home,2020-11-29
OduwaleJ,ODUWALE JUMA,,2020-11-29
GrayMerge,Fitzgerald...,,2020-11-29
vish_iish,Vinze,Earth,2020-11-29
CFChelseaFCnews,CFC News,,2020-11-29
GeniusAfro,Girl Next Door,"Nairobi, Kenya",2020-11-29
oliverlaycock08,Oliver Laycock,"North East, England",2020-11-29
NUFUO_mu_IGP,BREAST BOARD CHAIRMAN,,2020-11-29
Maconnen_,M_sellasieâ€¢,Kenya,2020-11-29
DeadlyStamford,Deadlyâ­â­,Stamford Bridge,2020-11-29
Onyeka144,Chris Okorie,"Lagos, Nigeria",2020-11-29
MelanieJaneA_,ğ‘€ğ‘’ğ‘™ğ‘ğ‘›ğ‘–ğ‘’ ğ½ğ‘ğ‘›ğ‘’ğŸ’‹,South Yorkshire,2020-11-29
romanfc14,roMÃ¡nfc15,Pasto - NariÃ±o,2020-11-29
ernestamart,ğ–“ğ–ğ– ğ–†ğ–’ğ–†ğ–—ğ–™,GH,2020-11-29
LuckyRamodise,I_am_lucky,Johannesburg,2020-11-29
The_Upper_Tier,The Upper Tier Podcast,Ireland,2020-11-29
Rahul67137552,Hide,Hogwarts,2020-11-29
McloveYaw,Mclove Yaw Palmer,Buokrom Estate ,2020-11-29
VanKoops,AREuGOD? âï¸,Chelsea FC,2020-11-29
chinexdacreator,Lord Nexâœ¨ğŸ€„,"Venus, TX",2020-11-29
Facosh,Benjamin Aidooâ„¢,,2020-11-29
ENDSWAT16,ENDSWAT,,2020-11-29
WabazaaB,Bolga To Accra ğŸ‡¬ğŸ‡­ğŸ‘‘,,2020-11-29
ShawGeo,George Shaw,Tunbridge Wells,2020-11-29
Cravens86,Jordan Wiegand,,2020-11-29
Bri_Marsha,Brian Marshall,Gateshead,2020-11-29
DamianManuel15,Damian Manuel,,2020-11-29
BlackQueenLara,"Jesus & Lara â¤ï¸ Victories, LIVERPOOL, Biden Harris",,2020-11-29
ikeMUSICs,Yours Ever,"Accra, Ghana",2020-11-29
Richykiss,Mr. Boadu,Ghana,2020-11-29
AO_Sports,AhramOnlineSports,"Cairo, Egypt",2020-11-29
OmniFoot,á´á´É´ÉªÒ“á´á´á´›,"Cairo, Egypt",2020-11-29
QuameBryan,QUAME BRYANEğŸ‡¬ğŸ‡­ğŸ‡¬ğŸ‡­,"Volta, Ghana",2020-11-29
AadityaSitaula,._AadityaSitaula_.,,2020-11-29
EmmanuelMangera,emmanuel mangera,Mombasa Kenya,2020-11-29
HenryDu56753958,Henry Duru,,2020-11-29
amos_intl,A âŸ¬â™›âŸ­ Emma,UAE,2020-11-29
Fergi222,Andrew Ferguson,"Wales, United Kingdom",2020-11-29
gmmintah12,QLfamily,,2020-11-29
dd_dollarsign,ANIFOWOSE ğŸ’¸,"Lagos, Nigeria",2020-11-29
bossdez,Boss of Zubai...,Jozi,2020-11-29
bruce_burna,CudzManJag ğŸ”Œ,"Lagos, Nigeria",2020-11-29
The_Unique_Unix,ğŸ’œğŸ’œ_UU_ğŸ’œğŸ’œ,"Lagos, Nigeria",2020-11-29
SW6Daily,SW6Daily,,2020-11-29
footballretwee8,football retweets,,2020-11-29
adrilramadhan11,paw,di atas awan,2020-11-29
LAB_CFC,Luke Adam - The King Of Stamford Bridge ğŸ‘‘,,2020-11-29
tvlu_ad,Tolu,Anywhere you see me,2020-11-29
OLAJIDETEMILOL3,OLAJIDE,,2020-11-29
gamedayhottie,GameDay Hottieâ€ğŸ”¥,USA,2020-11-29
nikiehen,nekeesha henry,Trinidad,2020-11-29
RukevweFaith,Onavweroho Faith Rukevwe,"Lagos, Nigeria",2020-11-29
karoodpati,rupak basnet kazi ğŸ‡³ğŸ‡µğŸ‡«ğŸ‡®,"Helsinki, Finland",2020-11-29
RajiRasheed13,Raji Rasheed,"Lagos, Nigeria",2020-11-29
cougarquidado,musa,"Mombasa, Kenya",2020-11-29
chels__indo,KTBFFH,Indonesia,2020-11-29
jakarsenal,ğ•ğ•’ğ•œ ğ”¸ğ•¤ğ•Ÿ_ğ•ğ•ğ• â„¢,à¸˜à¸£à¸£à¸¡à¸”à¸²à¸—à¸±à¹ˆà¸§à¹„à¸›à¹ƒà¸™ BKK,2020-11-29
dm_teguh,teguh dwi maryanto,"Karawang,West Java,Indonesia",2020-11-29
Ahmed22033620,Ahmed,"Nima,Accra",2020-11-29
TeemahK1,Teemah K,,2020-11-29
_toplad,SAIN+ PaBLO ğŸ¨,"Nairobi, Kenya",2020-11-29
manlike_archie,ARCHIEKOLOğŸğŸ‡³ğŸ‡¬,Abroad ijn,2020-11-29
X_Limit_X,ClaudioğŸ–¤,,2020-11-29
Omotodun_,OmotÃ³dÃ¹nğŸ‡¨ğŸ‡¦ğŸ‡¨ğŸ‡¦,,2020-11-29
abed_daeli,AbedDaeli,"Kota Medan, Sumatera Utara",2020-11-29
boakye_dosty,Orchestrator_ğŸ”,"Kumasi, Ghana",2020-11-29
Hazard10_CFC,Mo. kasem,,2020-11-29
MrT30238434,Mr T,,2020-11-29
InstaMuhammad,ğŸ¦ ğŸ‡²ğŸ‡¦ Ù…Ø­Ù…Ø¯ Ø§ï»¹Ø¯Ø±ÙŠØ³ÙŠ,Marrakech city/ Morocco ğŸ‡²ğŸ‡¦,2020-11-29
amdesizzling,AkuağŸ§šğŸ½â€â™€ï¸,Ghana,2020-11-29
_karanmaniar,Karan,,2020-11-29
JayShirah7,Jay Shirah Khamadi,Nairobi.,2020-11-29
Dimex93,Olaâ€¢CFCâ€¢ ğŸ’™ğŸ‡¨ğŸ‡¦ğŸ‡¨ğŸ‡¦ğŸ‡¨ğŸ‡¦,Lagos nigeria,2020-11-29
ChelseafcMOTM,ChelseafcMOTM,London,2020-11-29
se_eren_,Big chief S,Nigeria,2020-11-29
ArthurChijindu,Arthur,Nigeria,2020-11-29
DayoBernard,DEE ONE,Abuja/Nigeria,2020-11-29
mgolda1216,Matthew Golda,,2020-11-29
taylor_qwabena,SevenMissedCall,"Accra, Ghana",2020-11-29
adama_adama56,Adama,,2020-11-29
StadDoha_en,Stad Doha,Qatar,2020-11-29
StumphLogan,Logan Stumph,"Winter Garden, FL",2020-11-29
bandit_szn,__.banditğŸ’¥,"Albany,NYC",2020-11-29
faremiSodeeq,Faremi Sodeeq,Morocco Spain in London,2020-11-29
TheCFCTALKPod,The CFCTALK Podcast,,2020-11-29
realdaveharris,Dave Harris,,2020-11-29
Stoppageshow,Stoppage Time Soccer Show,,2020-11-29
KovyError,Error 404 ï£¿ ğŸ’­,Nigeria,2020-11-29
CallumWilsonVFL,Callum Wilson,,2020-11-29
Chris09Adams,Chris9Adams,Redditch,2020-11-29
MrBoadu,Michael Asare Boadu,Ghana,2020-11-29
FtblStats,Football Stats,,2020-11-29
JohnNyabiko,John J.B. Nyabiko,,2020-11-29
PRINCEOFAFR,SlimFit,Hueco Mundo,2020-11-29
kostadino_tase,TaÅ¡e Kostadino,Prague,2020-11-29
roxanasharif7,roxana sharif,Dhaka Bangladesh,2020-11-29
CfcWavez,Wavez_CFC,,2020-11-29
MaliguW,A. A. Abdul Razak,,2020-11-29
wofa_kay9,Kevin,Letâ€™s find out,2020-11-29
chai_kidhar_hai,Bhavesh,Dukaan,2020-11-29
Booktree_Ng,BOOKTREE,Nigeria ,2020-11-29
ChikaPrnce,David Prnce chika,,2020-11-29
monarchoverkill,Monarchoverkill,"Virginia, USA",2020-11-29
wandeto_ian,Mumbi,"Nairobi, Kenya",2020-11-29
kekii_godwin,AFRICAN BLUETV,,2020-11-29
bhavyatyagi,Bhavya Tyagi,,2020-11-29
Oniletvng,Oniletvng,,2020-11-29
_arhakim27,Ali Rahman Hakim,"Yogyakarta, Indonesia. ",2020-11-29
ABEdBUMBLEBEE07,ABE@Chelsea,Global Citizen,2020-11-29
iarekevbot,k e v,"Milwaukee, WI",2020-11-29
CFCBengaluru,Chelsea Bengaluru,"Bengaluru, Karnataka",2020-11-29
Ay_bakry,Mansa_Ayobami #ENDSWAT,"Lagos, Nigeria",2020-11-29
PillaiYash,Yash Pillai,"Mumbai, India",2020-11-29
Queenserah3,Queenserah,,2020-11-29
jovanivasquez,Jovani Vasquez,"San Diego, CA USA",2020-11-29
willhewitt108,Will Hewitt,United Kingdom,2020-11-29
Jccnr,D r a k k e n,2 2 1 B Baker,2020-11-29
CFCLMC_,Lmc,,2020-11-29
MojoCFC,MojoCFC,"London, England",2020-11-29
5v_k_,05_k,,2020-11-29
TheRealSonSon,Sonia,"London, England",2020-11-29
JoshBenenoch,Josh Benenoch,"Austin, TX",2020-11-29
DiSidelines,from_di_sidelines,Jamaica,2020-11-29
bharatgulechha,Bharat Gulechha,Hyderabad,2020-11-29
Norak_KMH,ğğğ‘ğ€_ğŠ,WALL STREET,2020-11-29
CfcNaruto,CFCNaruto,"Welland, Ontario",2020-11-29
ngurepeterwanjo,Don Peter N.ğŸ‡°ğŸ‡ª,"Nevada, USA",2020-11-29
nickipedia7,Nick ğŸ‡ºğŸ‡¸- âš½ï¸,"St Charles, Mo",2020-11-29
tweetdattatweet,Dattaraj,"Goa, India.",2020-11-29
Santiago_JM,Jose Miguel Santiago,"Maracaibo, Venezuela",2020-11-29
ShashikiranMK1,Shashikiran M K,"Karnataka, India",2020-11-29
parthparikh83,Parth Parikh,"South Carolina, USA",2020-11-29
PrawegR,à¤•à¥à¤µà¥‡à¤°à¥à¤¤à¥à¤¯à¥à¤‡à¤“à¤ªà¤¸à¥à¤¦à¥à¤«à¥à¤˜à¥à¤œà¥à¤•à¥à¤²à¥à¤œà¥à¤•à¥à¤¸à¥à¤•à¥à¤µà¥à¤¬à¥à¤¨à¥à¤®,kathmandu,2020-11-29
omoba_feyi1,á´á´á´ á´‹ÉªÉ´É¢ğŸ‘‘,Nigeria,2020-11-29
JuniorRodigan,Junior Rodigan,Boston,2020-11-29
yeboah_felix,yeboah felix,,2020-11-29
BrobbeyEmily,Emily Brobbey,,2020-11-29
bandoh_paul,Paul Bandoh,,2020-11-29
BaduKuks,Kuks Badu,,2020-11-29
AjowaSapong,Ajowa Sapong,,2020-11-29
FiaskoDollari,Fiasko,"London, England",2020-11-29
BlaqGerman,MÃ¼ller Chelsea,"Kumasi, Ghana",2020-11-29
realJokavana,Vana,The Heavens,2020-11-29
