OllieGlanvill,Ollie Glanvill,London,2020-11-10
LondonsFinestS2,London's Finest Show Feed,,2020-11-10
austin4sports,austin4sports,London,2020-11-10
KitWEARHouse,KitWEARhouse,,2020-11-10
BigAppleSoccer,Big Apple Soccer,"ÃœT: 40.839589,-73.122026",2020-11-10
iamtobiade,Akinola,Peegyn,2020-11-10
Habiola17750376,Habiola,Nigeria,2020-11-10
FootyKeyrings,SD,,2020-11-10
ManlikeDesire,Desire Ademiluyi,"Ilorin, Nigeria",2020-11-10
Oshiocee,Jay,,2020-11-10
DB_Fine_Art,Dean Borghi Fine Art,"529 West 20th Street, 6th Floor, New York, NY 10011",2020-11-10
Habiola17750376,Habiola,Nigeria,2020-11-10
iprecious59,Zuco âš“ï¸,"Owerri, Nigeria",2020-11-10
Geo_marx1,George_o,"South East,Nigeria",2020-11-10
CFCChronicle,Chelsea Chronicle,"London, England",2020-11-10
Anas_danmallik,Costtrouble,NG,2020-11-10
yoruba_boy10,king_Prime,IBADAN ,2020-11-10
Soccerwriter,Michael Lewis,@soccerwriter,2020-11-10
vw78bay,Rob Williams,,2020-11-10
FootyKeyrings,SD,,2020-11-10
LondonsFinestQU,London's Finest,,2020-11-10
Sir_kay__,Kay0d3,Canada in Jesus Name,2020-11-10
Werder_RT,Werder RT,Bremen,2020-11-10
ChelseaPuzzles,ChelseaPuzzles,SW6 1HS,2020-11-10
AbiolaMelody,Melody,,2020-11-10
DeadlyStamford,Deadlyâ­â­,Stamford Bridge,2020-11-10
sentry_guy,Seyi,Lagos Nigeria,2020-11-10
Geo_marx1,George_o,"South East,Nigeria",2020-11-10
AHHBOT,ROBOT LOSC,,2020-11-10
AcquasiB,Havertz Jnr,Aprade,2020-11-10
kolagoke20,Kolade Olashile Olagoke,Ikotun,2020-11-10
Michaelola4527,Michael ola,"Ibadan, Nigeria",2020-11-10
LondonsFinestQU,London's Finest,,2020-11-10
harkhin_khunmi,Oloyede Akinkunmi Simeon,Nigeria,2020-11-10
ChelseaPuzzles,ChelseaPuzzles,SW6 1HS,2020-11-10
thekay007,Kay,,2020-11-10
nanaadjei_LY,Bhra LARYEA,"Accra, Ghana",2020-11-10
Ifeoluwa_duth,Ifeoluwa,Nigeria,2020-11-10
ibrahimtune,chelseablood,,2020-11-10
Real_DMacheda,Darlington Machedaâ„¢,Mind Your Business,2020-11-10
AlMaskary,âœª Ù…Ø­Ù…Ø¯ Ø§Ù„Ù…Ø³ÙƒØ±ÙŠ, ,2020-11-10
ojo_ahmed,Anikulapo Coochie ğŸ‡¦ğŸ‡¶ğŸ¦,IYH,2020-11-10
marule00,Luka Markovic,,2020-11-10
aasszznnee,Asznee,,2020-11-10
AylesfordInt,AylesfordInt,"London, England",2020-11-10
Turbo__Timo,Timo,"Lagos, Nigeria",2020-11-10
otee_smlz,NIGERIA BLEEDS #ENDSARS,StonevilleğŸŒ¿ğŸ” ğŸŒ¿,2020-11-10
king_slider,Don DadağŸ‘‘,"Lagos, Nigeria",2020-11-10
Sethakande,Mr seth-skeng shelby,,2020-11-10
RomansEmpirePod,Roman's Empire Pod,"Los Angeles, CA",2020-11-10
LondonsFinestQU,London's Finest,,2020-11-10
stamford_bridge,History of ChelseaFC,London SW6,2020-11-10
benzeema007,#SARSMUSTENDâœŠâœŠ,"Yenagoa, Nigeria",2020-11-10
fluentmediag,Raul Mateu,,2020-11-10
stamford_bridge,History of ChelseaFC,London SW6,2020-11-10
jamesne60235676,james newton,,2020-11-10
james_candour,LIBERATION,"Lagos, Nigeria",2020-11-10
flyingeze,Flying Eze,,2020-11-10
rebeccawalshol2,rebecca ğŸ’™ğŸ’™ğŸ’™ğŸ’™ ğŸ„ğŸ„,"Mayo, Ireland",2020-11-10
LoyalFootballCo,Loyal Football Co.,Australia,2020-11-10
Alhassa83518932,Abdul JNR POGBAğŸ’“ğŸ™Œ,"Upper West, Ghana",2020-11-10
hasan01mahmud1,Hasan01Mahmud,"Dhaka,Bangladesh",2020-11-10
TurksonCee,Cee Turkson,"Accra, Ghana",2020-11-10
Papylo9,Papylo,,2020-11-10
CFCChronicle,Chelsea Chronicle,"London, England",2020-11-10
highhavertz,ajinkya rahane apologist,,2020-11-10
krisho1980,KRISHAN ODEDRA,,2020-11-10
chivomapius,WelBeast,Everywhere,2020-11-10
CfcEesa,Eesa Hussain,United Kingdom,2020-11-10
kengel_13,Daniel,Nigeria,2020-11-10
Real_DMacheda,Darlington Machedaâ„¢,Mind Your Business,2020-11-10
jacobeshun2,jacobeshun,western region.Bogoso,2020-11-10
Ran95926198,Ran 0532439154,,2020-11-10
johncarley1966,John Carley,Wembley Middlesex. ,2020-11-10
AdekoyaAdeniy16,Adekoya Adeniyi,,2020-11-10
Ran95926198,Ran 0532439154,,2020-11-10
Ran95926198,Ran 0532439154,,2020-11-10
batsflip,Maxime,,2020-11-10
CFCValentine,Valentine Miller,"Harare, Zimbabwe",2020-11-10
Ran95926198,Ran 0532439154,,2020-11-10
Ran95926198,Ran 0532439154,,2020-11-10
AbsoluteChelsea,Absolute Chelsea,,2020-11-10
The_wordsmith10,BENGAZYğŸ‘‘,"Kasoa, Ghana",2020-11-10
YusufJiyah,wambaiÂ¹,konohaâ™Œ,2020-11-10
FootyKeyrings,SD,,2020-11-10
ElChapo099,PULISICâ€™S BOOTS ğŸ”¥ğŸ’™ğŸš€,Ghana,2020-11-10
shaneneils1,Mr. SkengğŸâš¡,,2020-11-10
batsflip,Maxime,,2020-11-10
theAsianBlue,The Asian Blue ğŸ’™,Opinions Are My Own,2020-11-10
Dan0532439154,Ø¬ÙŠÙƒ Ù…Ø³Ø§Ø¬ Ø§Ù„Ø±ÙŠØ§Ø¶,,2020-11-10
theAsianBlue,The Asian Blue ğŸ’™,Opinions Are My Own,2020-11-10
ManUtdFanKe,manchester united  fansğŸ‡°ğŸ‡ª,"Nairobi, Kenya",2020-11-10
nsarko_2131,uncle nsarko,traveller ,2020-11-10
Kwa_bena18,The boy ğŸ‘¦,"Kasoa, Ghana",2020-11-10
Dan0532439154,Ø¬ÙŠÙƒ Ù…Ø³Ø§Ø¬ Ø§Ù„Ø±ÙŠØ§Ø¶,,2020-11-10
KelvinExcel4,Kelvin Excel,"Nairobi, Kenya",2020-11-10
Dan0532439154,Ø¬ÙŠÙƒ Ù…Ø³Ø§Ø¬ Ø§Ù„Ø±ÙŠØ§Ø¶,,2020-11-10
big_bentweet,big_ben,,2020-11-10
uchee_fia,uche,"Lagos, Nigeria",2020-11-10
GriffithPallett,Griff-Pall,,2020-11-10
Chilo617,Isidro Moreno,,2020-11-10
thepawnbroker1,Phil O'Brien,,2020-11-10
BrewBalcony,BalconyBrewReview,,2020-11-10
GeemChelseaFC,Hageem_10,,2020-11-10
fan_cornell,CornellHockeyFan,"Wynantskill, NY",2020-11-10
PaulMBanks,Socially Distant Paul M Banks,"Gold Coast, Chicago, IL, USA",2020-11-10
footywatching,Sports,,2020-11-10
woofeyz,à¸•à¸´à¹Šà¸™à¸¹à¹ˆà¸¡ ğŸ’™ğŸŒˆ,ChelseağŸ’™,2020-11-10
TheChelseaSpot,The Chelsea Spot,Stamford Bridge,2020-11-10
habibmohammed09,HABIB A.MOHAMMED,Ghana,2020-11-10
rebeccawalshol2,rebecca ğŸ’™ğŸ’™ğŸ’™ğŸ’™ ğŸ„ğŸ„,"Mayo, Ireland",2020-11-10
AbsoluteChelsea,Absolute Chelsea,,2020-11-10
adieujeunesse,* NOT granger's boyfriend,please read carrd ! ,2020-11-10
flyingeze,Flying Eze,,2020-11-10
droplets14,augustineğŸ’§,,2020-11-10
NNPremierLeague,Premier League News Now,,2020-11-10
Bobbybe61302993,Prestige,Nigeria ,2020-11-10
habeeb_adesina,olardimeji__Ë¢áµ€ğŸ”±ğŸ¦ğŸ˜ˆ,"Ogun, Nigeria",2020-11-10
FootyKeyrings,SD,,2020-11-10
RakafGh,A F A ğŸ‡¬ğŸ‡­,Tema-Ghana,2020-11-10
ChelseaPuzzles,ChelseaPuzzles,SW6 1HS,2020-11-10
tmj_tul_transp,TMJ-TUL Transp. Jobs,"Tulsa, OK",2020-11-10
theAsianBlue,The Asian Blue ğŸ’™,Opinions Are My Own,2020-11-10
AlexMoorsey22,Alex Moore,"Dharhan, Saudi Arabia ",2020-11-10
struttsthebeach,Strutt & Parker Chelsea SW10,"140 Fulham Road, Chelsea SW10 9PY",2020-11-10
ChelseaPuzzles,ChelseaPuzzles,SW6 1HS,2020-11-10
madtingz_,â€¢,,2020-11-10
MugabeMo,JM,"Manchester, England",2020-11-10
struttsthebeach,Strutt & Parker Chelsea SW10,"140 Fulham Road, Chelsea SW10 9PY",2020-11-10
Skbondze,flyest in chargeğŸ’€,"Greater Accra, Ghana",2020-11-10
8pqn1,ğ‘¶ğ‘´ğ‘¨ğ‘¹ğŸ–¤,,2020-11-10
mex_chelsea,Chelsea Fans,Mexico City,2020-11-10
dagarrre0,ibnu dagare ğŸ•˜,Palestine,2020-11-10
Nicocantor1,Nico Cantor,"London, England",2020-11-10
RowdieUk,Rowdieuk,United Kingdom,2020-11-10
SparrowDesmond,DsexmondğŸ‘…Serial #EndSarsğŸ˜·Retweeter. xplicitConte,Nigeria,2020-11-10
djlexo_,GOLDEN BOY DJ ğŸ“€ğŸ“€,Lexical Town,2020-11-10
CFCChronicle,Chelsea Chronicle,"London, England",2020-11-10
atoms_nuclear,Nuclear Atoms,"Dhaka, Bangladesh",2020-11-10
cnstvja,Cable News & Sports TV,,2020-11-10
KingMoLFC,ğŸ‡ªğŸ‡¬ğŸ‘‘,,2020-11-10
thekay007,Kay,,2020-11-10
OneManKaizer,Kaizer.âš“,the whole world.,2020-11-10
wezza_88,Wez,Manchester,2020-11-10
ElChapo099,PULISICâ€™S BOOTS ğŸ”¥ğŸ’™ğŸš€,Ghana,2020-11-10
KickoffMH,Kick Off With Moorsey & Hutch,,2020-11-10
newschainwomen,NewsChain Women's Sport,United Kingdom,2020-11-10
rmadridism,rmadridism,,2020-11-10
AllanKhash,Boss Player,,2020-11-10
livescore,LiveScore,URL,2020-11-10
lgd_holy,#HighestğŸ¯,Ghana,2020-11-10
AbsoluteChelsea,Absolute Chelsea,,2020-11-10
FootyKeyrings,SD,,2020-11-10
SportIn_Global,Sportin_global,"Molde, Norge",2020-11-10
theAsianBlue,The Asian Blue ğŸ’™,Opinions Are My Own,2020-11-10
WanFaridKamil,MaldiniFaridKamil,"Kuala Lumpur, Malaysia.",2020-11-10
rajesh_chumber,Rajesh Chumber,,2020-11-10
AFS11v11,AFS - Football Stats,London,2020-11-10
RansfordCobbin4,Ransford Pjay,"Nsuaem, Ghana",2020-11-10
QueenSandy_CFC,ğŸ‘‘Â§Ã¥Ã±ÃÂ¥ Ã¾ÃªrÃªrÃ¥ğŸ‘‘,"Royal County Of Berkshire,UK",2020-11-10
jhybow_whiskey,Mr. JB S.M.I.L.EğŸ¹ğŸºğŸ¼,"Lagos, Nigeria",2020-11-10
kabal30,LazyNigeriaYouth ğŸ’­â„ï¸ #EndSwat ğŸ’¯,"Lagos, Nigeria",2020-11-10
Raycfc17,RAYğŸ‡³ğŸ‡¬ğŸ’™,Estadio Puente Stamford,2020-11-10
SenBanter,Sen_Fi_Dem_Banter,"England, United Kingdom",2020-11-10
Uyanda68492837,Uyanda,,2020-11-10
ChelseaChadder,Chad,"MHL, Gate 9",2020-11-10
cfcfc4eva,Bigsam,,2020-11-10
tiengudda,Tien Nguyen,"Ho Chi Minh, Vietnam",2020-11-10
okumakese,Okum Akese,"Wa, Upper West,Ghana",2020-11-10
Citso_Al,C-tso,"Ho, Ghana",2020-11-10
harve65,Mark Harvey,istanbul,2020-11-10
soccer_soccerMC,City ã€œPremierLeagueã€œ,,2020-11-10
SandraS27874170,Sandra Smith,,2020-11-10
_ItsAllChelsea,ItsAllChelsea,"London, England",2020-11-10
suzytuny4u,Sodeeq Opeyemi,"Lagos, Nigeria",2020-11-10
Am_zeus_mckaine,Zeus....ğŸ˜,,2020-11-10
Cruyff_Junior,CRUYFF JR.,,2020-11-10
CISCTiruppur,Chelsea India - Tiruppur (at ğŸ ),"Tiruppur, India",2020-11-10
AlexandraFree19,Alexandra Freeman,,2020-11-10
AlexandraFree19,Alexandra Freeman,,2020-11-10
RomansEmpirePod,Roman's Empire Pod,"Los Angeles, CA",2020-11-10
REP_Andres_,Andres,"Houston, TX",2020-11-10
_waheed_96,Vâµ ğ†âµ â²ƒâ°ğâ…… ğ—¦â°àº›â”• (CFC) ğŸ’™,,2020-11-10
ChelseaPuzzles,ChelseaPuzzles,SW6 1HS,2020-11-10
ScottGunner1,Scott Gunner,wickford Essex,2020-11-10
rebeccawalshol2,rebecca ğŸ’™ğŸ’™ğŸ’™ğŸ’™ ğŸ„ğŸ„,"Mayo, Ireland",2020-11-10
breezyZS,âš’ğŸ‡¬ğŸ‡§,"Leicester, England",2020-11-10
AlkoSuoo,Suoo ğŸ’€,,2020-11-10
athanusjorge,George Athanus William,,2020-11-10
FootyKeyrings,SD,,2020-11-10
ChelseaPuzzles,ChelseaPuzzles,SW6 1HS,2020-11-10
samdoria13,sambrosa,,2020-11-10
Emecinho_SNR,Cinho!âœ¨,,2020-11-10
SBemmah,STORM,Dormaa Ahenkro,2020-11-10
footballitalia,footballitalia,,2020-11-10
BrendaPerrott,Brenda P. Williamson - Congrats to Pres. Biden,,2020-11-10
Ndidi78660383,Ndidi,,2020-11-10
KisaEd,Man like ED ğŸ‡ºğŸ‡¬ğŸ‡°ğŸ‡ª,Uganda,2020-11-10
flyingeze,Flying Eze,,2020-11-10
lgd_holy,#HighestğŸ¯,Ghana,2020-11-10
ShanShui1946,Sandra Smith,Sussex,2020-11-10
ShanShui1946,Sandra Smith,Sussex,2020-11-10
derekjennings17,Derek Jennings,,2020-11-10
LizzieFuller19,Lizzie Fuller,,2020-11-10
JohnIceAgency,john bolton,"Crawley, England",2020-11-10
NhanNgu75347791,Nhan Nguyen,,2020-11-10
jimohisah6,Chelsea Blue fan,"Abuja, Nigeria",2020-11-10
4lvo_,#Mugeiesque,kapsabet,2020-11-10
skinyai,STEVE KINYAI,Nairobi Kenya,2020-11-10
ProtestSPb,Protest SPb,"Saint Petersburg, Russia",2020-11-10
Papylo9,Papylo,,2020-11-10
AFCReading,AFC Reading,"Reading, England",2020-11-10
FootyKeyrings,SD,,2020-11-10
Nanabarhevvy,Son of a KingğŸ‘‘â¤ï¸,,2020-11-10
FootyKeyrings,SD,,2020-11-10
DomusHolmes,DomusHolmesPropertyFinder,United Kingdom,2020-11-10
theAsianBlue,The Asian Blue ğŸ’™,Opinions Are My Own,2020-11-10
AndrewJason89,Andrew Jason,Malaysia,2020-11-10
nsarko_2131,uncle nsarko,traveller ,2020-11-10
CFCJackspencer,jack,,2020-11-10
AslamBakar3,AslamBakar,United Kingdom,2020-11-10
nii_thompson30,IRAQ,,2020-11-10
ike_waasafi,Adviser Wa Arrizabalaga,Naivasha,2020-11-10
Thomas_SheIby,SRH Fan,Yahi kahin,2020-11-10
TransportNotice,Transport Notices,,2020-11-10
SAMJAYDKING,ğŸ‘‘SAMJAYDKINGğŸ‘‘ ğŸ’£,NIGERIA,2020-11-10
_AyoadeJNR,AyoğŸ’™ğŸ¥,,2020-11-10
FrinaryK,Frinary Kithinji,,2020-11-10
beardesque,Yusuf,,2020-11-10
yzygamer,LE GAMA,Ivory Coast,2020-11-10
TairuNurudeen,Nurudeen Tairu,,2020-11-10
Habiola17750376,Habiola,Nigeria,2020-11-10
Lybanicku,Sebas Lybanicku,"Jakarta Barat, DKI Jakarta",2020-11-10
Jertynooo,JDIV,"Paris, France",2020-11-10
sadiqsabo,Ferocious WOLF,BUSH CAMP,2020-11-10
DembaPete,Petey,London,2020-11-10
dantecilino,dantecilino10,,2020-11-10
TheKitmanUK,TheKitman.co.uk,"Bristol, England",2020-11-10
mayle_jill,jill mayle,"Chelmsford, England",2020-11-10
Mouad_CWW,Mouad,,2020-11-10
netrising1,nnaemeka ken,"Lagos, Nigeria",2020-11-10
AbsoluteChelsea,Absolute Chelsea,,2020-11-10
ebeycoyb4,PHISH,,2020-11-10
francisthealien,F.T.A,the pineapple under the sea,2020-11-10
uygaraluclu97,Uygar Walker,,2020-11-10
Elite_clubb,BET 365 - TIPSTER FIXING,naples ,2020-11-10
AtTheBridgePod,At The Bridge Pod: A Chelsea FC Podcast,United Kingdom,2020-11-10
Jennykeane6,Jenny keane,,2020-11-10
ChelseaPuzzles,ChelseaPuzzles,SW6 1HS,2020-11-10
talkchelsea,Talk Chelsea,"London, England",2020-11-10
rebootonline,Reboot,London and Hertfordshire,2020-11-10
neiltonpentre,Neil Richard Davies,,2020-11-10
ChelseaPuzzles,ChelseaPuzzles,SW6 1HS,2020-11-10
FootyKeyrings,SD,,2020-11-10
ThatsMeFlawless,Mr TakeNote,Manchester,2020-11-10
GreigSar1,Greig Sarath ğŸ˜,"Good old St.Ives, Cambs.",2020-11-10
RoryMcAnuff,McChinnes,,2020-11-10
monstarcfc,monstarCFC,"City of London, London",2020-11-10
CamTayylor,Cameron,,2020-11-10
PaulNagle3,Paul Nagle,Everton FC,2020-11-10
andoh_poku,DÂ£NARDğŸ§¯,,2020-11-10
TFTMedia1,Football Terrace FC,"South East, England",2020-11-10
BennyHi76432294,Benny Hill,,2020-11-10
ArahGh,Fear_of_GodğŸ‡¬ğŸ‡­ğŸ‡³ğŸ‡¬ğŸ’«,"Tamale, Ghana",2020-11-10
grandpasaypenis,im bleeding out,stamford bridge,2020-11-10
RomanUncle,Roman Uncle,,2020-11-10
FootyKeyrings,SD,,2020-11-10
DidsRT,Didsbury RT,Didsbury,2020-11-10
SteveP37,Steve Palmer,,2020-11-10
RealCheshireSet,TheRealCheshireSet,"White Nancy, Cheshire. UK.",2020-11-10
Juliandh10,JuliÃ¡n.,,2020-11-10
theAsianBlue,The Asian Blue ğŸ’™,Opinions Are My Own,2020-11-10
vietto21,ok4,,2020-11-10
HelloWilmslow,Hello! Wilmslow,"Wilmslow, Cheshire. UK",2020-11-10
cjplays13,cjplaysfm,"Stoke-on-Trent, England",2020-11-10
KickItOutRYG,Raise Your Game,England,2020-11-10
ChelseaPuzzles,ChelseaPuzzles,SW6 1HS,2020-11-10
FootyKeyrings,SD,,2020-11-10
ChelseaChadder,Chad,"MHL, Gate 9",2020-11-10
Mosesfixedodd_,Mr Moses Okafor,"Lagos, Nigeria",2020-11-10
CynthiaAdelek14,Cynthia Adeleke,,2020-11-10
kinadunda,Kitenesi,"Acapulco de JuÃ¡rez, Guerrero",2020-11-10
Lampardsleftnut,Frank Jr,"London, England",2020-11-10
Prodigy_1K,~,London,2020-11-10
depp05,Deep Thakker,,2020-11-10
CFCChronicle,Chelsea Chronicle,"London, England",2020-11-10
ChelseaChadder,Chad,"MHL, Gate 9",2020-11-10
the_messimist,ABHISHEK,ğŸ‡®ğŸ‡³,2020-11-10
theAsianBlue,The Asian Blue ğŸ’™,Opinions Are My Own,2020-11-10
Chuks_Dave,SheÃ  Coulee,Nigeria.,2020-11-10
ChelseaChadder,Chad,"MHL, Gate 9",2020-11-10
OutdoorSportCha,OutdoorSportChannelÂ®,"Doncaster, United Kingdom",2020-11-10
futball_chelsea,Chuks,Stamford Bridge,2020-11-10
amanda_cookson,amanda cookson,"East, England",2020-11-10
TheZiyech,The Same Photo Of Hakim Ziyech Everyday,,2020-11-10
CFCChronicle,Chelsea Chronicle,"London, England",2020-11-10
samuelafful,Afful Sam Kwesi jnr,East Leg / Nungua / Achimota,2020-11-10
dynamicboi22,Chidozie Dynamicboi Adosaram,"Imo state, Nigeria",2020-11-10
depp05,Deep Thakker,,2020-11-10
ChelseaPuzzles,ChelseaPuzzles,SW6 1HS,2020-11-10
ManUtdFanKe,manchester united  fansğŸ‡°ğŸ‡ª,"Nairobi, Kenya",2020-11-10
core_chelsea,Chelsea Core,,2020-11-10
core_chelsea,Chelsea Core,,2020-11-10
ChelseaPuzzles,ChelseaPuzzles,SW6 1HS,2020-11-10
RollaCoastaReds,ğŸ”»,"Manchester, England",2020-11-10
kupaleon,Six God,We Global,2020-11-10
BelloAjibola_09,Bello Ajibola,Lagos,2020-11-10
theAsianBlue,The Asian Blue ğŸ’™,Opinions Are My Own,2020-11-10
Chelsea16407427,Chelsea Football Club Fans For LifeğŸ’™,"London, England",2020-11-10
sanshui596,sandra smith,Shan Shui,2020-11-10
youngokwy,Okwuson M Celestine,"England,London",2020-11-10
Dan0532439154,Ø¬ÙŠÙƒ Ù…Ø³Ø§Ø¬ Ø§Ù„Ø±ÙŠØ§Ø¶,,2020-11-10
ChelseaPuzzles,ChelseaPuzzles,SW6 1HS,2020-11-10
ChelseaPuzzles,ChelseaPuzzles,SW6 1HS,2020-11-10
Ran95926198,Ran 0532439154,,2020-11-10
ManUtdFanKe,manchester united  fansğŸ‡°ğŸ‡ª,"Nairobi, Kenya",2020-11-10
sanshui596,sandra smith,Shan Shui,2020-11-10
FootTheBall,FootTheBall,Locker Room,2020-11-10
RUPAYGEE,Hayford Paygeez,,2020-11-10
AlkoSuoo,Suoo ğŸ’€,,2020-11-10
PipeDream_101,PipeDream_101,My Smartphone ,2020-11-10
Ran95926198,Ran 0532439154,,2020-11-10
daftarsbobet1,"Daftar Agen Sbobet Casino, Prediksi Bola Online",Indonesia,2020-11-10
megicfood,magic,,2020-11-10
MarcosP39416845,Marcos Paulo,,2020-11-10
ChelseaBlueBR1,Chelsea Blue BR,,2020-11-10
getaswhailu,Getasw Hailu,"Debre Tabor, Ethiopia ğŸ‡ªğŸ‡¹",2020-11-10
RJ_Goodthings,RJ,,2020-11-10
RJ_Goodthings,RJ,,2020-11-10
ChelseaPuzzles,ChelseaPuzzles,SW6 1HS,2020-11-10
RetroRegista,Dictator-Elect RÅnin ğŸ‡ºğŸ‡¸,Gotham City ,2020-11-10
ChelseaPuzzles,ChelseaPuzzles,SW6 1HS,2020-11-10
PodcastHQ,Podcast HQ ğŸ™ï¸,,2020-11-10
chisco99_,999,"Nairobi, Kenya",2020-11-10
FootyZoneNet,FootyZone.net,,2020-11-10
theAsianBlue,The Asian Blue ğŸ’™,Opinions Are My Own,2020-11-10
luizinhooli10,Luizinho,"Pavuna, Rio de Janeiro",2020-11-10
cudaeducation,Cuda Education,"New York, NY",2020-11-10
young50700156,young,,2020-11-10
sanshui596,sandra smith,Shan Shui,2020-11-10
ChelseaPuzzles,ChelseaPuzzles,SW6 1HS,2020-11-10
barbrady1,simon thompson,,2020-11-10
sidcelery,Sid Celery,PalpableDiscordia,2020-11-10
RJ_Goodthings,RJ,,2020-11-10
teamtimowerner,Team Timo Werner ğŸ‡§ğŸ‡·ğŸ‡©ğŸ‡ª,ğŸ‡§ğŸ‡·,2020-11-10
Nyarko_Agyeman,Kwame Nyarko,,2020-11-10
Chelsea_FC_2020,ChelseaFC2020ğŸ’™ğŸ—¨,,2020-11-10
ArielGamesbr,Ariel Brasil 93,"Jardim Ã‚ngela, SÃ£o Paulo",2020-11-10
Chelsea_FC_2020,ChelseaFC2020ğŸ’™ğŸ—¨,,2020-11-10
ThePrideOfLDN,ThePrideOfLDN,Stamford Bridge,2020-11-10
jesuis_theo,Theo ğŸŒ¿ğŸ¦»ğŸ¼,BrasÃ­lia,2020-11-10
tf_sportedit,TF Sport Edit,,2020-11-10
FootyKeyrings,SD,,2020-11-10
Faaveo,åƒå‚á¯ä¹‡ã„– ğŸ¥·ğŸ½ ğŸ…˜,â­ï¸,2020-11-10
AyensuBuah,Ohene,,2020-11-10
theAsianBlue,The Asian Blue ğŸ’™,Opinions Are My Own,2020-11-10
theAsianBlue,The Asian Blue ğŸ’™,Opinions Are My Own,2020-11-10
flyingeze,Flying Eze,,2020-11-10
MrHan730,ì— ì•Œí•œ,ëŒ€í•œë¯¼êµ­ Korea ğŸ‡°ğŸ‡·,2020-11-10
ChelsForLife32,ConciergeOfCrime, The Post Office ğŸ‡¦ğŸ‡º ,2020-11-10
TheChelseaSpot,The Chelsea Spot,Stamford Bridge,2020-11-10
AnnaLauraWelsh,Anna Welsh,Hertfordshire and London,2020-11-10
ThisIsSpainInfo,Steve Hall,"Torrevieja, Spain",2020-11-10
sanshui596,sandra smith,Shan Shui,2020-11-10
AhmedKabirOlay1,Ahmed Kabir Olayinka,,2020-11-10
ZimriRosas,Zimri ROSAS,"Ciudad Guayana,Venezuela.",2020-11-10
ChelseaPuzzles,ChelseaPuzzles,SW6 1HS,2020-11-10
ItsHimjoey,Joey,"Lagos, Nigeria",2020-11-10
DeafMango,Behram Qazi ğŸ‡µğŸ‡°,,2020-11-10
FootyKeyrings,SD,,2020-11-10
BelmarshG,Belmarsh Group,"Mayfair, London",2020-11-10
JnrPossi,Possi Gee ba ğŸ’“ğŸ’“ğŸ’“,Ghana,2020-11-10
Citso_Al,C-tso,"Ho, Ghana",2020-11-10
ChelseaPuzzles,ChelseaPuzzles,SW6 1HS,2020-11-10
sidcelery,Sid Celery,PalpableDiscordia,2020-11-10
ManUtdFanKe,manchester united  fansğŸ‡°ğŸ‡ª,"Nairobi, Kenya",2020-11-10
cfc_m11,MESHARY |ğŸ‡¸ğŸ‡¦â™›.,Riyadh,2020-11-10
tw_footballtalk,TW,,2020-11-10
MsTKIndeed,TK,"Kent, UK",2020-11-10
CFC_Donut,Kieren,,2020-11-10
OlIyCFC,ğŸ,,2020-11-10
HakiimZiyech22,Hakim Ziyech,"Stamford Bridge, England",2020-11-10
TheFamousCFC_V1,ğŸ˜,NW London,2020-11-10
BLAENAUFFESTNOW,#HeartofSnowdonia ğŸ´ó §ó ¢ó ·ó ¬ó ³ó ¿,Ffestiniog.,2020-11-10
FootyKeyrings,SD,,2020-11-10
ReEn_HOtteST,ğŸ»ReenNuneoâš”,Malaysia,2020-11-10
sidcelery,Sid Celery,PalpableDiscordia,2020-11-10
Sully_UTC,Craig O' Sullivan,"Bolton, England",2020-11-10
LeicesterWalls,Walls In Leicester,,2020-11-10
Sully_UTC,Craig O' Sullivan,"Bolton, England",2020-11-10
Sully_UTC,Craig O' Sullivan,"Bolton, England",2020-11-10
CFCChronicle,Chelsea Chronicle,"London, England",2020-11-10
brentford3bee,Lyall,Hey Jude!!,2020-11-10
nasmax,Nasir Okunnu,"Lagos, Nigeria",2020-11-10
NH_SHAPIRO,Neil Shapiro,Islip New York,2020-11-10
NH_SHAPIRO,Neil Shapiro,Islip New York,2020-11-10
RJ_Goodthings,RJ,,2020-11-10
FanatixFooty,FootyFanatix,,2020-11-10
FootyKeyrings,SD,,2020-11-10
AS7_Thfc,MourhinotheG.O.A.T(old account got suspended,,2020-11-10
ChelseaXDeshen,Chelsea FCxbanter,,2020-11-10
Sully_UTC,Craig O' Sullivan,"Bolton, England",2020-11-10
TwaFlo,Tar-Bow,"Pietermaritzburg, South Africa",2020-11-10
theAsianBlue,The Asian Blue ğŸ’™,Opinions Are My Own,2020-11-10
theAsianBlue,The Asian Blue ğŸ’™,Opinions Are My Own,2020-11-10
jayvinyoung,05 NON STOPâš¡ï¸,Lost Ville,2020-11-10
Friday33969412,Friday Omudhowafe,,2020-11-10
ICDb_tv,Internet Commentator Database ICDb,,2020-11-10
FootyKeyrings,SD,,2020-11-10
Aldolase16,CFCnexus,,2020-11-10
jamesne60235676,james newton,,2020-11-10
ethan_cross_7,Ethan,"Cape Town, South Africa",2020-11-10
UtdBaron,Alex ğŸ¥¶,,2020-11-10
HarshalSinghxFC,HarshalxUnitedF.C,,2020-11-10
AFCDriscxll,ParteySZNğŸ”´âšªï¸,,2020-11-10
ICDb_tv,Internet Commentator Database ICDb,,2020-11-10
ChelseaXDeshen,Chelsea FCxbanter,,2020-11-10
CFCChronicle,Chelsea Chronicle,"London, England",2020-11-10
Ndidi78660383,Ndidi,,2020-11-10
FootyKeyrings,SD,,2020-11-10
nikkidawn00,Nikki,,2020-11-10
ChelseaPuzzles,ChelseaPuzzles,SW6 1HS,2020-11-10
youngokwy,Okwuson M Celestine,"England,London",2020-11-10
BlueFrenchie1,Blue Frenchie,,2020-11-10
SPPlusCareers,SP+ Careers,,2020-11-10
MollyAhmed,Molly Ahmed,London,2020-11-10
ChelseaPuzzles,ChelseaPuzzles,SW6 1HS,2020-11-10
BRWombat,E Brown ğŸ•·,,2020-11-10
carpediemwinnrz,George,,2020-11-10
cnstvja,Cable News & Sports TV,,2020-11-10
BrewBalcony,BalconyBrewReview,,2020-11-10
TompaLegend,TompaLegend,"Stockholm, Sverige",2020-11-10
Julius_Chimaobi,Julius Chimaobi,"Zaria, Kaduna state, Nigeria",2020-11-10
Jul56com,JulieğŸ´ó §ó ¢ó ·ó ¬ó ³ó ¿ğŸ•ğŸˆğŸ•â€ğŸ¦º,"Swansea, Wales",2020-11-10
SashaBGood,Sasha Brendon,"Wandsworth, London",2020-11-10
Elite_clubb,BET 365 - TIPSTER FIXING,naples ,2020-11-10
Sensei_62,Ali âµ„â´°âµâµ‰ ğŸŒğŸ,Lille,2020-11-10
MaartenRoggeve2,Maarten Roggeveen - MaartenRoggeve2 -,Eu Nederland Utrecht N'gein ,2020-11-10
CFCShak,Shak ğŸ’«,"England, United Kingdom",2020-11-10
LisaHewitt67,Lisa & Millie,Cheshire,2020-11-10
millypod1,chris towers,cheshire,2020-11-10
CFCChronicle,Chelsea Chronicle,"London, England",2020-11-10
AlanDaffern,John David Alan Daffern and Davey d...all grown up,"Nottingham, England",2020-11-10
LisaLisaw1,Lisa,"Weardale, Co Durham. England ",2020-11-10
shill306,Stephen Hill ğŸ´ó §ó ¢ó ¥ó ®ó §ó ¿,"England, United Kingdom",2020-11-10
EJHarrisLtd,EJ Harris Ltd,London,2020-11-10
FootyKeyrings,SD,,2020-11-10
theAsianBlue,The Asian Blue ğŸ’™,Opinions Are My Own,2020-11-10
wrapitinred,Wrap it in Red,"Neath, Wales",2020-11-10
BASportsJourno,Sports Journalism,"Cheltenham, England",2020-11-10
Dan0532439154,Ø¬ÙŠÙƒ Ù…Ø³Ø§Ø¬ Ø§Ù„Ø±ÙŠØ§Ø¶,,2020-11-10
ThePacksCall,Embry Call,La Push,2020-11-10
ChelseaChadder,Chad,"MHL, Gate 9",2020-11-10
Chelsea_FC_2020,ChelseaFC2020ğŸ’™ğŸ—¨,,2020-11-10
LisaHun26847161,Lisa Hunter,"London, England",2020-11-10
Chelsea_FC_2020,ChelseaFC2020ğŸ’™ğŸ—¨,,2020-11-10
DogsofTooting,DogsofTootingCommon,london,2020-11-10
GabeLeibowitzNY,Gabe Leibowitz,"New York, NY",2020-11-10
oobinna4,OBINNA,,2020-11-10
terry_royalnavy,Terry Wright,"Preston Brook, England",2020-11-10
TheKitmanUK,TheKitman.co.uk,"Bristol, England",2020-11-10
Chelsea_FC_2020,ChelseaFC2020ğŸ’™ğŸ—¨,,2020-11-10
HaydenKing02,Hayden King,,2020-11-10
thekwahuestate,Kwahu Roman AbramovicğŸ’°ğŸ‡¬ğŸ‡­ğŸ,,2020-11-10
CFCChronicle,Chelsea Chronicle,"London, England",2020-11-10
CFCChronicle,Chelsea Chronicle,"London, England",2020-11-10
nguta_d,PÊŠÊŸÉ¨sÉ¨Ï¾HĞ¤â˜£,"Nairobi, Kenya",2020-11-10
LindmrZ,Lindmir Zubaki,"Bern, Schweiz/ 06 Ks",2020-11-10
CameronHouseSW3,Cameron Vale School Chelsea,"Chelsea, London",2020-11-10
thekwahuestate,Kwahu Roman AbramovicğŸ’°ğŸ‡¬ğŸ‡­ğŸ,,2020-11-10
thekwahuestate,Kwahu Roman AbramovicğŸ’°ğŸ‡¬ğŸ‡­ğŸ,,2020-11-10
LaLigaLowdown,La Liga Lowdown ğŸ§¡ğŸ‡ªğŸ‡¸âš½ï¸,,2020-11-10
ChelseaChadder,Chad,"MHL, Gate 9",2020-11-10
thekwahuestate,Kwahu Roman AbramovicğŸ’°ğŸ‡¬ğŸ‡­ğŸ,,2020-11-10
GPundits,Grumpy Pundits,,2020-11-10
TimHorsey,Tim Horsey,"Washington, DC",2020-11-10
flynny1,Michael Flynn,Kingdom of Utd.,2020-11-10
am__jersey,Pronounced as A M Jersey,Worldwide,2020-11-10
FootyKeyrings,SD,,2020-11-10
GULLITFANCFC,Jimboburrell,"England, United Kingdom",2020-11-10
ACLolita,A.C.,,2020-11-10
ChelseaPuzzles,ChelseaPuzzles,SW6 1HS,2020-11-10
tomcoley49,Tom Coley,swag house,2020-11-10
ACLolita,A.C.,,2020-11-10
Thameemanwar77,TR Gaming 23,,2020-11-10
ACLollllita,lolilover,LONDON,2020-11-10
demonslayer034,OP OF CANADA #ENDSARS,"Abuja, Nigeria",2020-11-10
ShirtsSpecial,Special Football Shirts X De Voetbalshirtwinkel,"Haarlem, The Netherlands",2020-11-10
ChelseaChadder,Chad,"MHL, Gate 9",2020-11-10
ChelseaXDeshen,Chelsea FCxbanter,,2020-11-10
ChelseaXDeshen,Chelsea FCxbanter,,2020-11-10
Gindy,Gindy,,2020-11-10
samlamar13,sam lamar,,2020-11-10
ViannyDSouza,Vianny D'Souza,"Arlington, TX",2020-11-10
NoStresskin01,Favour sundayğŸ”ğŸ”,Port Harcourt ,2020-11-10
BrokeandLame,BrokeandLame,"Accra, Ghana",2020-11-10
bayo_dahunsi,Bayo_oppa,"Victoria Island, Nigeria",2020-11-10
matchdaymemory,Matchday Memory #LookingBack,Wylye Valley,2020-11-10
cfc_Anurag,Anurag,,2020-11-10
Citywide45,Richard Louis,#KTBFFH #UpTheChels,2020-11-10
super_d7em,Ø¯Ø­ÙŠÙ‘Ù…,,2020-11-10
ajoseadeniyi1,Omobolaji Ajose,Abu Dhabi lagos ,2020-11-10
Citywide45,Richard Louis,#KTBFFH #UpTheChels,2020-11-10
ChelseaChadder,Chad,"MHL, Gate 9",2020-11-10
SiriusXMFC,SiriusXM FC 157 âš½ï¸ğŸ“»,SiriusXM Channel 157,2020-11-10
oduro_albertgh,MÃ¤yÃ³r,ğŸ‡¬ğŸ‡­,2020-11-10
glee_sports,GleeSports,,2020-11-10
Brimpomaa11,stephenlove,Ghana,2020-11-10
bin_SHEEDE,Labar,Nigeria,2020-11-10
TheChelseaSpot,The Chelsea Spot,Stamford Bridge,2020-11-10
depp05,Deep Thakker,,2020-11-10
FootyKeyrings,SD,,2020-11-10
depp05,Deep Thakker,,2020-11-10
theAsianBlue,The Asian Blue ğŸ’™,Opinions Are My Own,2020-11-10
theAsianBlue,The Asian Blue ğŸ’™,Opinions Are My Own,2020-11-10
ChelseaChadder,Chad,"MHL, Gate 9",2020-11-10
nubanieslygee,Nubanie Sly Gee ğŸ‡¬ğŸ‡­,nubanieslygee@gmail.com  ,2020-11-10
ChelseaChadder,Chad,"MHL, Gate 9",2020-11-10
PaulMBanks,Socially Distant Paul M Banks,"Gold Coast, Chicago, IL, USA",2020-11-10
charleey_man,âŒ MNPâ•,Unguwan kanawa,2020-11-10
Pkeph,Kepha,"Nairobi, Kenya",2020-11-10
Iskilling1,TimLin,"Accra, Ghana",2020-11-10
CBluearmy,chelsea.cfc.bluearmy,,2020-11-10
tmj_BOS_secure,TMJ-BOS Security Job,"Boston, MA",2020-11-10
Ndidi78660383,Ndidi,,2020-11-10
CFCpropagandist,May The Odds Forever Be In Our Favour,South Africa,2020-11-10
JJJack40,Swan,Bristol,2020-11-10
Ayomyide24,Ayomyide,"Lagos, Nigeria",2020-11-10
slimdot3,Alhaji FA,The Shed End,2020-11-10
TerryFooty,Terry,,2020-11-10
HeadlineFutbol,Headline Football,,2020-11-10
ChelseaPuzzles,ChelseaPuzzles,SW6 1HS,2020-11-10
PSG24hours,PSG en Direct ğŸŒ,Parc des Princes,2020-11-10
Outlookindia,Outlook Magazine,"New Delhi, India",2020-11-10
TonJusticier,The Batman ğŸ¦‡,Gotham City,2020-11-10
_agydennis,Denny,,2020-11-10
DidsRT,Didsbury RT,Didsbury,2020-11-10
_footypolls_,Football Polls ğŸ“Šâš½ï¸,Ireland,2020-11-10
FootyKeyrings,SD,,2020-11-10
ChelseaPuzzles,ChelseaPuzzles,SW6 1HS,2020-11-10
NathanJohn2001,Nathan John,"Cheltenham, England",2020-11-10
_ItsAllChelsea,ItsAllChelsea,"London, England",2020-11-10
triangulonyc,Triangulo,"135 W. 20th St. #301, NYC",2020-11-10
E02PR,Esra Dillon,London,2020-11-10
mallam_muhmin,Mallam Muhmin,,2020-11-10
ajoseadeniyi1,Omobolaji Ajose,Abu Dhabi lagos ,2020-11-10
HelloWilmslow,Hello! Wilmslow,"Wilmslow, Cheshire. UK",2020-11-10
Hari75556356,H4RRYN,,2020-11-10
CFCRob_22,RobğŸ’™,,2020-11-10
mrjeffbanks1,Jeff Bank$,,2020-11-10
ManchesterRTs,Manchester Retweets ğŸğŸğŸ,Manchester UK,2020-11-10
RealCheshireSet,TheRealCheshireSet,"White Nancy, Cheshire. UK.",2020-11-10
AdegbolaSulaim3,Dr. Ã“mÃ² IlÃ© IbÃ  #ENDSRASBRUTALITY ğŸ‡³ğŸ‡¬ğŸ‡¬ğŸ‡§,South side ,2020-11-10
FootyKeyrings,SD,,2020-11-10
Castellani_Arte,Pietra Lara Castellani ğŸ¨ğŸ–Œï¸,Wilmslow & Gubbio,2020-11-10
FootyKeyrings,SD,,2020-11-10
theAsianBlue,The Asian Blue ğŸ’™,Opinions Are My Own,2020-11-10
theAsianBlue,The Asian Blue ğŸ’™,Opinions Are My Own,2020-11-10
Emmanue77962533,Cypher,,2020-11-10
Marty_Rush_Blog,Marty Rush,"London, UK",2020-11-10
BenihanaUK,Benihana UK,"London (Chelsea, Piccadilly & St. Paul's) ",2020-11-10
Ervans_official,1_NAZ!RğŸ‘‘ğŸ,"Accra, Ghana",2020-11-10
CabdiShuluq66,Cabdi Salad,,2020-11-10
gmwaniki,Mwaniki Gachoki,Kenya - Kirinyaga County,2020-11-10
ashbolt97,Harry Ashbolt,,2020-11-10
djlexo_,GOLDEN BOY DJ ğŸ“€ğŸ“€,Lexical Town,2020-11-10
insider_cfc,Chelsea Insider,"Stamford Bridge, England",2020-11-10
TPeditsUK,TP Edits UK,United Kingdom,2020-11-10
fcbusiness,fcbusiness Magazine,"Newcastle Upon Tyne, England",2020-11-10
Lu_Class_,Åukasz BÄ…czek,"Olsztyn, Poland",2020-11-10
solomondoo,solomon,Nigeria ,2020-11-10
ChelseaPuzzles,ChelseaPuzzles,SW6 1HS,2020-11-10
hzqdaizuke9,chromechip,"Kuala Terengganu, Terengganu",2020-11-10
futball_chelsea,Chuks,Stamford Bridge,2020-11-10
PiusWakama,pius waka vma,,2020-11-10
philipriddell,Phil,,2020-11-10
AkashDBiradar,Akash Biradar,"Pune, India",2020-11-10
futball_chelsea,Chuks,Stamford Bridge,2020-11-10
FootyKeyrings,SD,,2020-11-10
ChelseaPuzzles,ChelseaPuzzles,SW6 1HS,2020-11-10
rajesh_chumber,Rajesh Chumber,,2020-11-10
Geo_marx1,George_o,"South East,Nigeria",2020-11-10
cas_mobile,CAS FIFA MOBILE,in my dreams â¤ï¸,2020-11-10
tammymularski,Tammy Mularski,"Birmingham, AL",2020-11-10
matchdaymemory,Matchday Memory #LookingBack,Wylye Valley,2020-11-10
MansourAlmazro2,Mansour Almazroie,Abu Dhabi,2020-11-10
TonyOtchereAnt3,TonyOtchere Anthony,,2020-11-10
PerfectPartey,ParteyShow,,2020-11-10
lovemyMatherAn1,ğŸ‡®ğŸ‡¹ğŸ‡¸ğŸ‡¦ğŸ¤²ğŸ’•God bless youğŸ’›â¤ï¸ğŸ´ğŸ—¡ï¸ğŸ¹âš”ï¸ğŸ›¡ï¸ ğŸ†23ğŸ”´âš«,Italy,2020-11-10
chris_pundit,Chris Papa - The People's Pundit,,2020-11-10
AboutChelsea_fc,ChelseaFC,Stamford bridge,2020-11-10
AboutChelsea_fc,ChelseaFC,Stamford bridge,2020-11-10
hellocheltenham,hellocheltenham,"Cheltenham, England",2020-11-10
CheltenhamMedia,Cheltenham Media,"Cheltenham, England",2020-11-10
ChelseaBrasseri,Chelsea Brasserie,"Cheltenham, Gloucestershire",2020-11-10
AFCKevin2,That Gooner Kev 2.0 ğŸ¦‹,,2020-11-10
ThatGoonerKev,The NelsÃ¶n Era ğŸ¦‹,Going 49 Undefeated,2020-11-10
NICHOLASKARTHU1,Dhatbwoyblinkx Jnr,"Accra, Ghana",2020-11-10
umer_musharaf,Umerrrr,"Bradford, England",2020-11-10
KaysEra12,Ama strong â™¥ï¸,"Tema, Ghana",2020-11-10
CFC_Wizard,ğ˜ğ˜¡Â²Â²ğŸ”¥,Stamford Bridge ,2020-11-10
CFCjoe1310,JoeğŸ’™,Stamford BridgeğŸ’™,2020-11-10
VBETnews,VBET News,"London, England",2020-11-10
Stefanonyc212,Steven Miller,NYC,2020-11-10
FelixBet4,Felix Bet,,2020-11-10
shaneneils1,Mr. SkengğŸâš¡,,2020-11-10
FanzyW,F A N Z Y â­ï¸,,2020-11-10
FootyKeyrings,SD,,2020-11-10
TairuNurudeen,Nurudeen Tairu,,2020-11-10
ManoDelamonte,Roman Wegotziyech,"Over land, sea & Leicester",2020-11-10
pv1004,pv1004,"England, United Kingdom",2020-11-10
Modestmind1,Modesty,,2020-11-10
theAsianBlue,The Asian Blue ğŸ’™,Opinions Are My Own,2020-11-10
silversun__,Silver,,2020-11-10
AntShotFirst,Cobb Vanthony,,2020-11-10
Ezeq_T7,Ezequiel,Somewhere,2020-11-10
SportsBet_Legal,SportsBetting.Legal,,2020-11-10
QueenSandy_CFC,ğŸ‘‘Â§Ã¥Ã±ÃÂ¥ Ã¾ÃªrÃªrÃ¥ğŸ‘‘,"Royal County Of Berkshire,UK",2020-11-10
_thedivorceguy,Ross,Islamabad,2020-11-10
_Nightwing10_,Alifian Rikaz Iskananda,"London, England",2020-11-10
ennison_ishmeal,Ishmael,GhanağŸ‡¬ğŸ‡­ğŸ‡¬ğŸ‡­ğŸ‡¬ğŸ‡­,2020-11-10
alex54312225582,cho the ğŸ,,2020-11-10
Onlyvycewerner,ğŸ¦,"Stamford Bridge, EkÃ³",2020-11-10
SamuelP40070436,Samuel Park,,2020-11-10
GamingDhaba57,Gaming Dhaba,India,2020-11-10
KesseScott,KESSE..SCOTT â­,"Westham, England",2020-11-10
MPMadnessPod,Moving Picture Madness,United Kingdom,2020-11-10
CFCChronicle,Chelsea Chronicle,"London, England",2020-11-10
_footypolls_,Football Polls ğŸ“Šâš½ï¸,Ireland,2020-11-10
SketchRetweets,Sketch Retweets,DeviantArt,2020-11-10
AmponsahOrtin,henry ortin,Ghana,2020-11-10
DavidMarstonArt,David Marston,,2020-11-10
comma_nfansu,Mr Ugly,London,2020-11-10
InfoSep94524346,Info SepakBolaâš½ï¸,,2020-11-10
FootyKeyrings,SD,,2020-11-10
MarboahAsare,Asare Bediako Marboah,,2020-11-10
TheChelseaSpot,The Chelsea Spot,Stamford Bridge,2020-11-10
ChelseaPuzzles,ChelseaPuzzles,SW6 1HS,2020-11-10
theAsianBlue,The Asian Blue ğŸ’™,Opinions Are My Own,2020-11-10
SamaB60,Sama B.,Abu dhabi,2020-11-10
cfsfashionorder,CELEBRITY FASHION STORE,"Loughton, East",2020-11-10
AlistairDevon,Alistair ğŸ‡©ğŸ‡ªğŸ‡ºğŸ‡¸,,2020-11-10
missionswl,Chelsea and Fulham Methodist,"Fulham, London UK",2020-11-10
lorfadi,GILLY,Rhonda,2020-11-10
OrehChrix,@chrix_oreh,Lagos Nigeria,2020-11-10
ChelseaPuzzles,ChelseaPuzzles,SW6 1HS,2020-11-10
Abba_vardy,Abba Sagir,North,2020-11-10
Nanabarhevvy,Son of a KingğŸ‘‘â¤ï¸,,2020-11-10
Caltexkk,#20,CHOâ€™s Basement X ğŸ‡¬ğŸ‡­X ğŸ‡¬ğŸ‡§,2020-11-10
MkhwanaziThaboh,Bongani_MkhwanaziğŸ‡¿ğŸ‡¦,"ğŸ“KwaZulu-Natal, Richards Bay",2020-11-10
core_chelsea,Chelsea Core,,2020-11-10
cfsfashionorder,CELEBRITY FASHION STORE,"Loughton, East",2020-11-10
core_chelsea,Chelsea Core,,2020-11-10
SilentTitan21,SilentTitan,,2020-11-10
CfcHaykay,TIMO TIME,"Ilorin, Nigeria",2020-11-10
yamnyell,dans,"New York, USA",2020-11-10
Narwallll,Nubwal,,2020-11-10
sijodavis4,Sijo Davis,"Kerala, India",2020-11-10
Biggesttomiwa,TOMMY SPORTSâš½ğŸ€,"Lagos, Nigeria",2020-11-10
FCB007a,ØºØ§Ù†Ù… Ø§Ù„ÙƒØ¹Ø¨ÙŠ,"Ø¯Ø¨ÙŠ, Ø§Ù„Ø§Ù…Ø§Ø±Ø§Øª Ø§Ù„Ø¹Ø±Ø¨ÙŠØ© Ø§Ù„Ù…ØªØ­Ø¯Ø©",2020-11-10
RJ_Goodthings,RJ,,2020-11-10
brentford3bee,Lyall,Hey Jude!!,2020-11-10
InsideForward10,ÉªÉ´êœ±Éªá´…á´‡ êœ°á´Ê€á´¡á´€Ê€á´…,,2020-11-10
Jkoerr_,Jkoerr,Channel link ,2020-11-10
Nigeriafirstson,AmazingGrace,,2020-11-10
Dan0532439154,Ø¬ÙŠÙƒ Ù…Ø³Ø§Ø¬ Ø§Ù„Ø±ÙŠØ§Ø¶,,2020-11-10
Dan0532439154,Ø¬ÙŠÙƒ Ù…Ø³Ø§Ø¬ Ø§Ù„Ø±ÙŠØ§Ø¶,,2020-11-10
Dan0532439154,Ø¬ÙŠÙƒ Ù…Ø³Ø§Ø¬ Ø§Ù„Ø±ÙŠØ§Ø¶,,2020-11-10
Dan0532439154,Ø¬ÙŠÙƒ Ù…Ø³Ø§Ø¬ Ø§Ù„Ø±ÙŠØ§Ø¶,,2020-11-10
Dan0532439154,Ø¬ÙŠÙƒ Ù…Ø³Ø§Ø¬ Ø§Ù„Ø±ÙŠØ§Ø¶,,2020-11-10
Dan0532439154,Ø¬ÙŠÙƒ Ù…Ø³Ø§Ø¬ Ø§Ù„Ø±ÙŠØ§Ø¶,,2020-11-10
AlexJanePereira,Alexandra Pereira,South London,2020-11-10
Dan0532439154,Ø¬ÙŠÙƒ Ù…Ø³Ø§Ø¬ Ø§Ù„Ø±ÙŠØ§Ø¶,,2020-11-10
Dan0532439154,Ø¬ÙŠÙƒ Ù…Ø³Ø§Ø¬ Ø§Ù„Ø±ÙŠØ§Ø¶,,2020-11-10
Dan0532439154,Ø¬ÙŠÙƒ Ù…Ø³Ø§Ø¬ Ø§Ù„Ø±ÙŠØ§Ø¶,,2020-11-10
AliyuMo75887778,Alex,,2020-11-10
Yemi_Abdullah,Adeyemi,Ogun state,2020-11-10
clikith17,Likith Chidanand,"Bangalore, India ",2020-11-10
FootyKeyrings,SD,,2020-11-10
talalalyammahi,Ø·Ù„Ø§Ù„ Ø§Ù„ÙŠÙ…Ø§Ø­ÙŠ,Abu Dhabi,2020-11-10
_thedivorceguy,Ross,Islamabad,2020-11-10
theAsianBlue,The Asian Blue ğŸ’™,Opinions Are My Own,2020-11-10
MsNemanja,Andreas Erms,"Stamford Bridge, England",2020-11-10
Sully_UTC,Craig O' Sullivan,"Bolton, England",2020-11-10
Sully_UTC,Craig O' Sullivan,"Bolton, England",2020-11-10
BelloAjibola_09,Bello Ajibola,Lagos,2020-11-10
OluwaseyiAdeko3,SHINRA âœ,"Abuja, Nigeria",2020-11-10
RJ_Goodthings,RJ,,2020-11-10
NEILSHOTDEALS,NEILSHOTDEALS,Islip New York,2020-11-10
NEILSHOTDEALS,NEILSHOTDEALS,Islip New York,2020-11-10
AlissaSarron,ğŸ’™,,2020-11-10
Hamza16431091,Hamza,,2020-11-10
MElkhoussi,Meroin BVB ğŸ’›ğŸ’›ğŸ’›ğŸ’›,Ø§Ù„Ù…Ù…Ù„ÙƒØ© Ø§Ù„Ù…ØºØ±Ø¨ÙŠØ©,2020-11-10
donziyech,Ù‹,the land of eden hazard,2020-11-10
mr_moustache18,Fahd 1ï¸âƒ£8ï¸âƒ£ğŸ‡§ğŸ‡ªğŸ‡²ğŸ‡¦ 3ï¸âƒ£4ï¸âƒ£ğŸ†,"Forest, Belgique",2020-11-10
AbdellahAarab_,Abdellah Aarab,Morocco,2020-11-10
RealUSMNT,USMNT,,2020-11-10
Yassine_ProsMar,Saaid Med Yassine,Rabat,2020-11-10
Ziyeech22,ğŸ§™â€â™‚ï¸,"Amsterdam, Nederland",2020-11-10
rodry_goat,HALA MADRID ğŸ‡§ğŸ‡ªğŸ‡²ğŸ‡¦,Belgique,2020-11-10
MVN_EN,MVN_EN (ğŸ‡¬ğŸ‡§ğŸ‡²ğŸ‡¦),"Rotterdam, Nederland",2020-11-10
FrontRowSoccer,Front Row Soccer,,2020-11-10
ProsMarocains,Almarssadpro.com,MeknÃ¨s - Maroc,2020-11-10
MKevmore,Infamous Villain.,"5.1417054,7.3321642,12",2020-11-10
Slyelaigwu1,Slyelaigwu,,2020-11-10
Real_DMacheda,Darlington Machedaâ„¢,Mind Your Business,2020-11-10
sanshui596,sandra smith,Shan Shui,2020-11-10
gurama_a,Dauda A Gurama,,2020-11-10
FootyKeyrings,SD,,2020-11-10
theAsianBlue,The Asian Blue ğŸ’™,Opinions Are My Own,2020-11-10
theAsianBlue,The Asian Blue ğŸ’™,Opinions Are My Own,2020-11-10
bence_bednar,Bence BednÃ¡r,MagyarorszÃ¡g,2020-11-10
CFCFanVI,"Ramona, CFC Fan VI ğŸ’™",Beautiful British Columbia,2020-11-10
jigavybes,rhetorical,"Lagos, Nigeria",2020-11-10
ChelseaChadder,Chad,"MHL, Gate 9",2020-11-10
FFootballShirts,FFSFootballShirts,"Birmingham, England",2020-11-10
FFootballShirts,FFSFootballShirts,"Birmingham, England",2020-11-10
malumpfy,toby gilham,"London, England",2020-11-10
heathertanchuck,Heather Tanchuck,West Los Angeles,2020-11-10
Smyleen69,Nuru Deen,,2020-11-10
Chegzy_Jay,FCğŸ¶â¤ï¸,"Ogun, Nigeria",2020-11-10
gurama_a,Dauda A Gurama,,2020-11-10
ryanleegregory,Ryan Lee Gregory,,2020-11-10
imploremeboss,Blueforever,"Sainte-Suzanne, La RÃ©union",2020-11-10
droplets14,augustineğŸ’§,,2020-11-10
malumpfy,toby gilham,"London, England",2020-11-10
OllieGlanvill,Ollie Glanvill,London,2020-11-10
ChelseaPuzzles,ChelseaPuzzles,SW6 1HS,2020-11-10
Chelseadave2,dave,london,2020-11-10
TerryNartey1,Bra_Terrie,"Accra, Ghana",2020-11-10
FootyKeyrings,SD,,2020-11-10
harunabakojr,H A R U N A II,Nigeria,2020-11-10
deedeeporige,Holly Wood CFC,England London,2020-11-10
RomeoAfrane1_,Romeo Afrane Romanoâ„¢ğŸ‡¬ğŸ‡­ğŸŒ,Kumasi Ghana,2020-11-10
Uyanda68492837,Uyanda,,2020-11-10
ChelseaChadder,Chad,"MHL, Gate 9",2020-11-10
cfcfc4eva,Bigsam,,2020-11-10
tiengudda,Tien Nguyen,"Ho Chi Minh, Vietnam",2020-11-10
okumakese,Okum Akese,"Wa, Upper West,Ghana",2020-11-10
Citso_Al,C-tso,"Ho, Ghana",2020-11-10
harve65,Mark Harvey,istanbul,2020-11-10
soccer_soccerMC,City ã€œPremierLeagueã€œ,,2020-11-10
SandraS27874170,Sandra Smith,,2020-11-10
SandraS27874170,Sandra Smith,,2020-11-10
_ItsAllChelsea,ItsAllChelsea,"London, England",2020-11-10
suzytuny4u,Sodeeq Opeyemi,"Lagos, Nigeria",2020-11-10
Am_zeus_mckaine,Zeus....ğŸ˜,,2020-11-10
Cruyff_Junior,CRUYFF JR.,,2020-11-10
CISCTiruppur,Chelsea India - Tiruppur (at ğŸ ),"Tiruppur, India",2020-11-10
AlexandraFree19,Alexandra Freeman,,2020-11-10
AlexandraFree19,Alexandra Freeman,,2020-11-10
RomansEmpirePod,Roman's Empire Pod,"Los Angeles, CA",2020-11-10
REP_Andres_,Andres,"Houston, TX",2020-11-10
_waheed_96,Vâµ ğ†âµ â²ƒâ°ğâ…… ğ—¦â°àº›â”• (CFC) ğŸ’™,,2020-11-10
ChelseaPuzzles,ChelseaPuzzles,SW6 1HS,2020-11-10
ScottGunner1,Scott Gunner,wickford Essex,2020-11-10
rebeccawalshol2,rebecca ğŸ’™ğŸ’™ğŸ’™ğŸ’™ ğŸ„ğŸ„,"Mayo, Ireland",2020-11-10
breezyZS,âš’ğŸ‡¬ğŸ‡§,"Leicester, England",2020-11-10
AlkoSuoo,Suoo ğŸ’€,,2020-11-10
athanusjorge,George Athanus William,,2020-11-10
FootyKeyrings,SD,,2020-11-10
ChelseaPuzzles,ChelseaPuzzles,SW6 1HS,2020-11-10
samdoria13,sambrosa,,2020-11-10
Emecinho_SNR,Cinho!âœ¨,,2020-11-10
SBemmah,STORM,Dormaa Ahenkro,2020-11-10
footballitalia,footballitalia,,2020-11-10
BrendaPerrott,Brenda P. Williamson - Congrats to Pres. Biden,,2020-11-10
Ndidi78660383,Ndidi,,2020-11-10
KisaEd,Man like ED ğŸ‡ºğŸ‡¬ğŸ‡°ğŸ‡ª,Uganda,2020-11-10
flyingeze,Flying Eze,,2020-11-10
lgd_holy,#HighestğŸ¯,Ghana,2020-11-10
ShanShui1946,Sandra Smith,Sussex,2020-11-10
ShanShui1946,Sandra Smith,Sussex,2020-11-10
derekjennings17,Derek Jennings,,2020-11-10
LizzieFuller19,Lizzie Fuller,,2020-11-10
LizzieFuller19,Lizzie Fuller,,2020-11-10
JohnIceAgency,john bolton,"Crawley, England",2020-11-10
NhanNgu75347791,Nhan Nguyen,,2020-11-10
jimohisah6,Chelsea Blue fan,"Abuja, Nigeria",2020-11-10
4lvo_,#Mugeiesque,kapsabet,2020-11-10
skinyai,STEVE KINYAI,Nairobi Kenya,2020-11-10
ProtestSPb,Protest SPb,"Saint Petersburg, Russia",2020-11-10
Papylo9,Papylo,,2020-11-10
AFCReading,AFC Reading,"Reading, England",2020-11-10
FootyKeyrings,SD,,2020-11-10
Nanabarhevvy,Son of a KingğŸ‘‘â¤ï¸,,2020-11-10
FootyKeyrings,SD,,2020-11-10
DomusHolmes,DomusHolmesPropertyFinder,United Kingdom,2020-11-10
theAsianBlue,The Asian Blue ğŸ’™,Opinions Are My Own,2020-11-10
theAsianBlue,The Asian Blue ğŸ’™,Opinions Are My Own,2020-11-10
AndrewJason89,Andrew Jason,Malaysia,2020-11-10
nsarko_2131,uncle nsarko,traveller ,2020-11-10
CFCJackspencer,jack,,2020-11-10
AslamBakar3,AslamBakar,United Kingdom,2020-11-10
nii_thompson30,IRAQ,,2020-11-10
ike_waasafi,Adviser Wa Arrizabalaga,Naivasha,2020-11-10
Thomas_SheIby,SRH Fan,Yahi kahin,2020-11-10
TransportNotice,Transport Notices,,2020-11-10
SAMJAYDKING,ğŸ‘‘SAMJAYDKINGğŸ‘‘ ğŸ’£,NIGERIA,2020-11-10
_AyoadeJNR,AyoğŸ’™ğŸ¥,,2020-11-10
FrinaryK,Frinary Kithinji,,2020-11-10
beardesque,Yusuf,,2020-11-10
yzygamer,LE GAMA,Ivory Coast,2020-11-10
TairuNurudeen,Nurudeen Tairu,,2020-11-10
Habiola17750376,Habiola,Nigeria,2020-11-10
Lybanicku,Sebas Lybanicku,"Jakarta Barat, DKI Jakarta",2020-11-10
Jertynooo,JDIV,"Paris, France",2020-11-10
sadiqsabo,Ferocious WOLF,BUSH CAMP,2020-11-10
DembaPete,Petey,London,2020-11-10
dantecilino,dantecilino10,,2020-11-10
TheKitmanUK,TheKitman.co.uk,"Bristol, England",2020-11-10
mayle_jill,jill mayle,"Chelmsford, England",2020-11-10
Mouad_CWW,Mouad,,2020-11-10
netrising1,nnaemeka ken,"Lagos, Nigeria",2020-11-10
AbsoluteChelsea,Absolute Chelsea,,2020-11-10
ebeycoyb4,PHISH,,2020-11-10
francisthealien,F.T.A,the pineapple under the sea,2020-11-10
uygaraluclu97,Uygar Walker,,2020-11-10
Elite_clubb,BET 365 - TIPSTER FIXING,naples ,2020-11-10
AtTheBridgePod,At The Bridge Pod: A Chelsea FC Podcast,United Kingdom,2020-11-10
Jennykeane6,Jenny keane,,2020-11-10
ChelseaPuzzles,ChelseaPuzzles,SW6 1HS,2020-11-10
talkchelsea,Talk Chelsea,"London, England",2020-11-10
rebootonline,Reboot,London and Hertfordshire,2020-11-10
neiltonpentre,Neil Richard Davies,,2020-11-10
ChelseaPuzzles,ChelseaPuzzles,SW6 1HS,2020-11-10
FootyKeyrings,SD,,2020-11-10
ThatsMeFlawless,Mr TakeNote,Manchester,2020-11-10
GreigSar1,Greig Sarath ğŸ˜,"Good old St.Ives, Cambs.",2020-11-10
RoryMcAnuff,McChinnes,,2020-11-10
monstarcfc,monstarCFC,"City of London, London",2020-11-10
CamTayylor,Cameron,,2020-11-10
PaulNagle3,Paul Nagle,Everton FC,2020-11-10
andoh_poku,DÂ£NARDğŸ§¯,,2020-11-10
TFTMedia1,Football Terrace FC,"South East, England",2020-11-10
BennyHi76432294,Benny Hill,,2020-11-10
ArahGh,Fear_of_GodğŸ‡¬ğŸ‡­ğŸ‡³ğŸ‡¬ğŸ’«,"Tamale, Ghana",2020-11-10
grandpasaypenis,im bleeding out,stamford bridge,2020-11-10
RomanUncle,Roman Uncle,,2020-11-10
FootyKeyrings,SD,,2020-11-10
DidsRT,Didsbury RT,Didsbury,2020-11-10
SteveP37,Steve Palmer,,2020-11-10
te_dd_,ted,,2020-11-10
_60n7,â€¢,,2020-11-10
RealCheshireSet,TheRealCheshireSet,"White Nancy, Cheshire. UK.",2020-11-10
Juliandh10,JuliÃ¡n.,,2020-11-10
theAsianBlue,The Asian Blue ğŸ’™,Opinions Are My Own,2020-11-10
vietto21,ok4,,2020-11-10
HelloWilmslow,Hello! Wilmslow,"Wilmslow, Cheshire. UK",2020-11-10
cjplays13,cjplaysfm,"Stoke-on-Trent, England",2020-11-10
KickItOutRYG,Raise Your Game,England,2020-11-10
FootTheBall,FootTheBall,Locker Room,2020-11-10
FFMSW6,Fulham Farmers' Market,"St. Johnâ€™s Church, SW6 1PB",2020-11-10
Oldskoolawayday,OldskoolawaydaysğŸ‡¬ğŸ‡§,,2020-11-10
ManchesterRTs,Manchester Retweets ğŸğŸğŸ,Manchester UK,2020-11-10
Castellani_Arte,Pietra Lara Castellani ğŸ¨ğŸ–Œï¸,Wilmslow & Gubbio,2020-11-10
CFCChronicle,Chelsea Chronicle,"London, England",2020-11-10
_AndrewColley,Andrew Colley,"High Wycombe, England",2020-11-10
francisofasisi_,ğ€ğ¬ğ¢ğ¬ğ¢,"Federal Capital Territory, Nig",2020-11-10
EBStatto,Brian Spurrell ğŸ‡¬ğŸ‡§ğŸ‡ªğŸ‡º,Bexleyheath,2020-11-10
James_Wilky19,Wilky,North,2020-11-10
I_am_PJS,Phil,,2020-11-10
Jangmeister,"Pedro, Alegadamente Bandido a TÃ­tulo Pessoal",,2020-11-10
FootyKeyrings,SD,,2020-11-10
junkcok,Tat Twam Asi,Kampung Pesilat - Bumi Reyog PP,2020-11-10
TerraceImages,Terrace Images,,2020-11-10
ChelseaPuzzles,ChelseaPuzzles,SW6 1HS,2020-11-10
theAsianBlue,The Asian Blue ğŸ’™,Opinions Are My Own,2020-11-10
theAsianBlue,The Asian Blue ğŸ’™,Opinions Are My Own,2020-11-10
nayandine,nayandine,,2020-11-10
dagezthewind,chasing thewind,yishun,2020-11-10
ChelseaPuzzles,ChelseaPuzzles,SW6 1HS,2020-11-10
FathulAkmar,Fathul Akmar,Sw6 London | 55100 K.L,2020-11-10
its_Aadey,Adeyinka,London,2020-11-10
Ryan5480,ryan_5480,,2020-11-10
edeekene1,Ede Ekene,"Lagos, Nigeria",2020-11-10
NijiyeH,Engr. SegunğŸ‡³ğŸ‡¬,"Rivers, Nigeria",2020-11-10
cadogantate,CadoganTate,London Paris NY LA Cote d'Azur,2020-11-10
FootyKeyrings,SD,,2020-11-10
iamkf2,iamk.f,,2020-11-10
theAsianBlue,The Asian Blue ğŸ’™,Opinions Are My Own,2020-11-10
theAsianBlue,The Asian Blue ğŸ’™,Opinions Are My Own,2020-11-10
Nicocantor1,Nico Cantor,"London, England",2020-11-10
FelixBet4,Felix Bet,,2020-11-10
ValescaVic,kvng_bee,,2020-11-10
mikenovonn,NOVON ğŸ•¯,,2020-11-10
CourtneySparke5,ğŸ„Courtney SparkesğŸ„,"East Preston, England",2020-11-10
fine_akwa_girl,Angel ğŸ’‹,,2020-11-10
CFC_Taurus,Taurus,"Osun, Nigeria",2020-11-10
TheChelseaSpot,The Chelsea Spot,Stamford Bridge,2020-11-10
depp05,Deep Thakker,,2020-11-10
TheChelseaSpot,The Chelsea Spot,Stamford Bridge,2020-11-10
Raine_draws,Raineâœ,"Ontario, Canada",2020-11-10
ose_certified,I never walk alone #ENDSARS,"Port Harcourt, Nigeria",2020-11-10
CFCChronicle,Chelsea Chronicle,"London, England",2020-11-10
claireroberts01,Claire Roberts ğŸ“±+ ğŸš˜ = âŒ,Bristol,2020-11-10
ChelseaPuzzles,ChelseaPuzzles,SW6 1HS,2020-11-10
Laryhea_7,Ujay,"Accra, Ghana",2020-11-10
FootyKeyrings,SD,,2020-11-10
fakkythecreator,âˆ,justine skye,2020-11-10
HakimTheDream01,Ø­ÙƒÙŠÙ… Ø²ÙŠØ®,,2020-11-10
ChelseaPuzzles,ChelseaPuzzles,SW6 1HS,2020-11-10
clickgists,Click Gist,,2020-11-10
ViziFootball,Vizi Football,,2020-11-10
kingsley_onyeri,Kingzlay,"Abuja, Nigeria",2020-11-10
cadogantate,CadoganTate,London Paris NY LA Cote d'Azur,2020-11-10
theretropatch,Yung E,"Lagos,Nigeria",2020-11-10
Glen_Maney,Glen Maney,London,2020-11-10
YKTSFootball,You Know The Score,The Terraces ,2020-11-10
ManeyGlen,Glen_Maney_Talks_Chelsea,,2020-11-10
Citywide45,Richard Louis,#KTBFFH #UpTheChels,2020-11-10
HealthcareSyk,SYK Healthcare Recruitment Specialists,"Keighley, England",2020-11-10
RasaqJamiuO,Rasaq Jamiu Olamilekan,"Ijebu-Ode, Nigeria",2020-11-10
NowgoalScore,Nowgoal Livescore,,2020-11-10
e_mawutor,Qwadwo,"Accra,Ghana",2020-11-10
beautyinmysound,Boybims,,2020-11-10
FootyKeyrings,SD,,2020-11-10
theAsianBlue,The Asian Blue ğŸ’™,Opinions Are My Own,2020-11-10
theAsianBlue,The Asian Blue ğŸ’™,Opinions Are My Own,2020-11-10
theAsianBlue,The Asian Blue ğŸ’™,Opinions Are My Own,2020-11-10
its_just_natty_,Isaac Dauda,"Abuja, Nigeria",2020-11-10
ChelseaChadder,Chad,"MHL, Gate 9",2020-11-10
lammieee_,AthelstanğŸš,,2020-11-10
Romaithy10,Ù….Ù…Ø­Ù…Ø¯ Ø§Ù„Ø±Ù…ÙŠØ«ÙŠ,"Abu Dhabi, United Arab Emirates",2020-11-10
baeofthebaeless,Joshua Abraham,"Federal Capital Territory, Nigeria",2020-11-10
jacobeshun2,jacobeshun,western region.Bogoso,2020-11-10
OluwaseyiAdeko3,SHINRA âœ,"Abuja, Nigeria",2020-11-10
depp05,Deep Thakker,,2020-11-10
Citywide45,Richard Louis,#KTBFFH #UpTheChels,2020-11-10
RomansEmpirePod,Roman's Empire Pod,"Los Angeles, CA",2020-11-10
FootballKN1,Kyrylo Nesterenko,Ğ£ĞºÑ€Ğ°Ğ¸Ğ½Ğ° ğŸ‡ºğŸ‡¦,2020-11-10
notIennon,Lennon ğŸŒµâ›„ï¸,FT/HHT,2020-11-10
CFCChronicle,Chelsea Chronicle,"London, England",2020-11-10
_Demi69,ğŸ‘‘,InYourGuts,2020-11-10
lelourdHM,Le H,,2020-11-10
BueSuluxsardi,Sandy Mac,Sussex,2020-11-10
BueSuluxsardi,Sandy Mac,Sussex,2020-11-10
ChelseaChadder,Chad,"MHL, Gate 9",2020-11-10
ChelseaPuzzles,ChelseaPuzzles,SW6 1HS,2020-11-10
ChelseaPuzzles,ChelseaPuzzles,SW6 1HS,2020-11-10
FootyKeyrings,SD,,2020-11-10
ChelseaChadder,Chad,"MHL, Gate 9",2020-11-10
Mosesfixedodd_,Mr Moses Okafor,"Lagos, Nigeria",2020-11-10
Mosesfixedodd_,Mr Moses Okafor,"Lagos, Nigeria",2020-11-10
CynthiaAdelek14,Cynthia Adeleke,,2020-11-10
kinadunda,Kitenesi,"Acapulco de JuÃ¡rez, Guerrero",2020-11-10
Lampardsleftnut,Frank Jr,"London, England",2020-11-10
Prodigy_1K,~,London,2020-11-10
depp05,Deep Thakker,,2020-11-10
CFCChronicle,Chelsea Chronicle,"London, England",2020-11-10
ChelseaChadder,Chad,"MHL, Gate 9",2020-11-10
the_messimist,ABHISHEK,ğŸ‡®ğŸ‡³,2020-11-10
theAsianBlue,The Asian Blue ğŸ’™,Opinions Are My Own,2020-11-10
Chuks_Dave,SheÃ  Coulee,Nigeria.,2020-11-10
ChelseaChadder,Chad,"MHL, Gate 9",2020-11-10
OutdoorSportCha,OutdoorSportChannelÂ®,"Doncaster, United Kingdom",2020-11-10
futball_chelsea,Chuks,Stamford Bridge,2020-11-10
amanda_cookson,amanda cookson,"East, England",2020-11-10
TheZiyech,The Same Photo Of Hakim Ziyech Everyday,,2020-11-10
CFCChronicle,Chelsea Chronicle,"London, England",2020-11-10
samuelafful,Afful Sam Kwesi jnr,East Leg / Nungua / Achimota,2020-11-10
dynamicboi22,Chidozie Dynamicboi Adosaram,"Imo state, Nigeria",2020-11-10
depp05,Deep Thakker,,2020-11-10
ChelseaPuzzles,ChelseaPuzzles,SW6 1HS,2020-11-10
theAsianBlue,The Asian Blue ğŸ’™,Opinions Are My Own,2020-11-10
ManUtdFanKe,manchester united  fansğŸ‡°ğŸ‡ª,"Nairobi, Kenya",2020-11-10
core_chelsea,Chelsea Core,,2020-11-10
core_chelsea,Chelsea Core,,2020-11-10
ChelseaPuzzles,ChelseaPuzzles,SW6 1HS,2020-11-10
RollaCoastaReds,ğŸ”»,"Manchester, England",2020-11-10
kupaleon,Six God,We Global,2020-11-10
BelloAjibola_09,Bello Ajibola,Lagos,2020-11-10
theAsianBlue,The Asian Blue ğŸ’™,Opinions Are My Own,2020-11-10
theAsianBlue,The Asian Blue ğŸ’™,Opinions Are My Own,2020-11-10
Chelsea16407427,Chelsea Football Club Fans For LifeğŸ’™,"London, England",2020-11-10
sanshui596,sandra smith,Shan Shui,2020-11-10
youngokwy,Okwuson M Celestine,"England,London",2020-11-10
Dan0532439154,Ø¬ÙŠÙƒ Ù…Ø³Ø§Ø¬ Ø§Ù„Ø±ÙŠØ§Ø¶,,2020-11-10
ChelseaPuzzles,ChelseaPuzzles,SW6 1HS,2020-11-10
ChelseaPuzzles,ChelseaPuzzles,SW6 1HS,2020-11-10
Ran95926198,Ran 0532439154,,2020-11-10
ManUtdFanKe,manchester united  fansğŸ‡°ğŸ‡ª,"Nairobi, Kenya",2020-11-10
ManUtdFanKe,manchester united  fansğŸ‡°ğŸ‡ª,"Nairobi, Kenya",2020-11-10
sanshui596,sandra smith,Shan Shui,2020-11-10