Jay,Jayshindra,Madrid,2020-11-10
kalensco,Antifarian,MontrÃ©al,2020-11-10
ibrahim98_,Gully boy,Madrid,2020-11-10
SaaD10MohameD10,Saad mohamed,,2020-11-10
DBlanco118,madridnnews,,2020-11-10
7occam,Hossam â­ğŸ¦Œ,"El Qaliobia, Egypt",2020-11-10
akiselyk_19,Andrey,"London, England",2020-11-10
TheOnlyTaps,Tapiwa Winston Muza,Zidane's basement,2020-11-10
AndreSICHT,Andre SICHT,"Grindelwald, Bern",2020-11-10
DiegoLorijn,Diego Lorijn,"Barcelona, Spain",2020-11-10
dan_bu,Daniel Busch,Hamburg,2020-11-10
TMusa_news,Transfermarkt.us,Concacaf,2020-11-10
omar8ashour,Omar,Baltim | 6th of October ,2020-11-10
TMuk_news,Transfermarkt.co.uk,,2020-11-10
notfawzyrm4,Fawzy,,2020-11-10
notfawzyrm4,Fawzy,,2020-11-10
IndicudTx,indicud,Private ,2020-11-10
AhmedEnien,Abo El-Enien,Ù…Ø¯Ø±ÙŠØ¯ Ø§Ù„Ø¯ÙˆØ± Ø§Ù„ØªØ§Ù†ÙŠ,2020-11-10
rmadridism,rmadridism,,2020-11-10
10Kidaman,Kidaman Adrian,"Nairobi, Kenya ",2020-11-10
OnMadridista,OnMadridista,,2020-11-10
OnMadridista,OnMadridista,,2020-11-10
Central4Madrid,Real Madrid Central,NYC,2020-11-10
man_ball7,ManBall,,2020-11-10
witty_futty,Witty Futty,,2020-11-10
wittyfutty,WittyFuttyâš½ï¸,,2020-11-10
Livfooty1,Livfooty,,2020-11-10
champion_footy,ChampionFooty,,2020-11-10
temmi77karmal,temmikarmal,jakarta indonesia ,2020-11-10
OnMadridista,OnMadridista,,2020-11-10
philcolli72,Phillip Columbine,"Salford, England",2020-11-10
HeadlineFutbol,Headline Football,,2020-11-10
MOH_K0N,M O H K O N,"Erbil, Kurdistan - Iraq",2020-11-10
sorianoaaron,Aaron Soriano,MÃ©xico,2020-11-10
Trogl22,Ø§Ù„ØµÙŠÙ‘ÙØ§Ø¯,,2020-11-10
ViperTassriAFC,PRINâŒE,Singapore,2020-11-10
RawanDaqqah,Rawan Mousa,UAE,2020-11-10
RawanDaqqah,Rawan Mousa,UAE,2020-11-10
mdfmerchandise,mdfmerchandise,"Belleville, NJ",2020-11-10
zuhumomar,Zuhum Omar,"Nairobi, Kenya",2020-11-10
mdfmerchandise,mdfmerchandise,"Belleville, NJ",2020-11-10
Iraima10536749,Iraima,,2020-11-10
Iraima10536749,Iraima,,2020-11-10
Qades,ğÂ¹Â³,,2020-11-10
ahmedbuz,Buzeriba,,2020-11-10
OmarIbr24,Omar.VIP,,2020-11-10
iFantoo,Fantoo,,2020-11-10
OnMadridista,OnMadridista,,2020-11-10
OnMadridista,OnMadridista,,2020-11-10
Ninoska74122509,Ninoska,,2020-11-10
livescore,LiveScore,URL,2020-11-10
lanmai58597573,lan mai,42 Shrewsbury Road,2020-11-10
rmadridism,rmadridism,,2020-11-10
OnMadridista,OnMadridista,,2020-11-10
a7medmagdy11,Ahmed Magdy,Egypt,2020-11-10
a7medmagdy11,Ahmed Magdy,Egypt,2020-11-10
ChauThinh3,Chau Thinh,MA,2020-11-10
jerseum,JERSEUM,,2020-11-10
swagafiedkicks,Swagafied,,2020-11-10
grewiozrmcf,ana flÃ¡via,gfbpa rmcf aufc,2020-11-10
nadim5khoury,ĞĞ°Ğ´Ğ¸Ğ¼,beirut lebanon,2020-11-10
NoufAlAhmadi7,Nouf,"London, Riyadh ",2020-11-10
TurnertookaTurn,Ramesses The GreatğŸ¦…,milky way,2020-11-10
DangXuanHai7,Dang Xuan Hai,usa,2020-11-10
Alex98442562,Alex,,2020-11-10
amilnal,Be Wise .... Sanitize â„¢ğŸ”Œ,Anywhere mi deh,2020-11-10
amilnal,Be Wise .... Sanitize â„¢ğŸ”Œ,Anywhere mi deh,2020-11-10
CfDiegoaltube,Cf.diegoaltube,,2020-11-10
Meezy_Boi,JAKES,"Madina Estate, Accra, Greater",2020-11-10
Meezy_Boi,JAKES,"Madina Estate, Accra, Greater",2020-11-10
__Ahmedesam,Ahmed Essam,,2020-11-10
ticataca_,ticataca,,2020-11-10
Zs0703,.,Toronto,2020-11-10
wjx19990413,dlsmshhwxx,,2020-11-10
Champz_12,joÃ£o,,2020-11-10
7ussiiin,(ï¸¶ï¸¿ï¸¶),,2020-11-10
Stefano4118899,pÑ”Ô€Ño zÑ”Ñ”â„¢,Nevada ,2020-11-10
livescore,LiveScore,URL,2020-11-10
you_msm,MY,,2020-11-10
aldobellini13,Aldo Amore â¼,"Nairobi, Kenya",2020-11-10
Tedsyr1,Tedsyr,Kingston,2020-11-10
Tedsyr1,Tedsyr,Kingston,2020-11-10
moazmmohamed,Moazmmohamed,,2020-11-10
NO_SHYY,NOÙŠØ´,,2020-11-10
ThomasPrehn,Thomas Prehn,Copenhagen,2020-11-10
Hakeem8993,federista89,,2020-11-10
kwasiarthur6,Jordan,United States,2020-11-10
Route1futbol,RouteOneFootball,,2020-11-10
Route1futbol,RouteOneFootball,,2020-11-10
OnMadridista,OnMadridista,,2020-11-10
Mikeluvtofu,Mike,usj.senawang.madrid,2020-11-10
inbtwnthelines,In between the lines âš½,,2020-11-10
poolhump2990,Paul Humphreys,"Northampton, England",2020-11-10
PhiKhan04138067,Phi Khanh,UZ,2020-11-10
livescore,LiveScore,URL,2020-11-10
BlancoMerengues,Lord Ramos ğŸ‡¸ğŸ‡ª,Santiago Bernabeu ğŸŸï¸,2020-11-10
bala_chn,Bala,"Chennai, India",2020-11-10
pipato28,Pierre,NewYork City,2020-11-10
vily35_barca,Norbert GÃ¡l,,2020-11-10
saadunited480,Í‡ ê‘„ê‹¬ê‹¬ê‚Ÿ â¤ ê€ê“„ê‚Ÿ,baghdad.iq,2020-11-10
furher_hitler,guadalupe mendozza,nairobi kenya,2020-11-10
English_AS,AS English,"Madrid, EspaÃ±a",2020-11-10
livescore,LiveScore,URL,2020-11-10
StatisticSports,StatisticSports,,2020-11-10
castillo_yalixa,yalixa castillo,,2020-11-10
AnhTuan19110000,Anh Tuan,usa,2020-11-10
DBlanco118,madridnnews,,2020-11-10
toi_sudheendraT,Sudheendra Tripathi,,2020-11-10
_HoldMeDown,broskiii,,2020-11-10
Mahmoud96027081,Mahmoud Ahmed,,2020-11-10
lankhang5,lan khang," 30 Pasir Panjang Rd, Singapo",2020-11-10
ASTRANSPORTS,AS TRANSPORTS VIP,,2020-11-10
TrungTi41138261,Trung Tin,USA,2020-11-10
Emen256,Emen Eddie,,2020-11-10
FTBL24com,Football News,"Amsterdam, Nederland",2020-11-10
Murthyyuva_v3,ğŸ†ƒğŸ…·ğŸ…°ğŸ…»ğŸ…° ğŸ†ˆğŸ†„ğŸ†…ğŸ…°â±½áµƒË¡á¶¦áµáµƒá¶¦,"Le Pondy, France",2020-11-10
Route1futbol,RouteOneFootball,,2020-11-10
OnMadridista,OnMadridista,,2020-11-10
Cris_Spooky,â˜† Cris SpÃ´Ã´ky â˜†,ğŸ‡³ğŸ‡¿,2020-11-10
SSFazah,ZÎ±rÎ±ziÂ®,"MombÎ±sÎ±, KenyÎ±",2020-11-10
KhongMi64957876,Khong Minh,ML,2020-11-10
OnMadridista,OnMadridista,,2020-11-10
OnMadridista,OnMadridista,,2020-11-10
Route1futbol,RouteOneFootball,,2020-11-10
SaiEshwar21,Sai Eshwar,Johor Bahru,2020-11-10
TheTotallyShow,The Totally Football Show,United Kingdom,2020-11-10
StatisticSports,StatisticSports,,2020-11-10
republic_sports,R.Sport,"Mumbai, India",2020-11-10
Isaacsimmendez,I S A A C,7.2 Miles Up Looking Down,2020-11-10
Adeyemi62306626,Adeyemi Opeyemi,,2020-11-10
OnMadridista,OnMadridista,,2020-11-10
OnMadridista,OnMadridista,,2020-11-10
ParmeshSriv,Parmeshwar Srivastava,"Mumbai, India",2020-11-10
txeifas,Txeifas,,2020-11-10
VanThai78308430,Van Thai,CN,2020-11-10
mark_osifo,ï£«dbigmark2ï£«Â®,Life!!!,2020-11-10
memovi,Ã–mer KarataÅŸ,,2020-11-10
footballitalia,footballitalia,,2020-11-10
granota_edi,Hector B.M,,2020-11-10
sidiksog,sidiksog,,2020-11-10
Trijary,ĞŸÑ€Ğ¸Ñ,,2020-11-10
_mai_hula,#ashTAG,Here,2020-11-10
whitepollito,whitepollito,,2020-11-10
cristinacalgary,cristina velasco,"HuÃ©rcal de AlmerÃ­a,AlmerÃ­a.",2020-11-10
cristinacalgary,cristina velasco,"HuÃ©rcal de AlmerÃ­a,AlmerÃ­a.",2020-11-10
Zannnnnnz,Zana,"PrishtinÃ«,Kosov",2020-11-10
namgian23361182,nam giang,"#51, 40 Rhu Cross, 01, Singapo",2020-11-10
TrungNa17512765,Trung Nam,UK,2020-11-10
reggie___O,captain levi,,2020-11-10
GulaniMubarak,Mai Yobe,EastNorzan Najeria.,2020-11-10
TanLinh14488220,Tan Linh,UK,2020-11-10
VanTam93658506,Van Tam,VN,2020-11-10
ifabyss,fernanda,,2020-11-10
caughtoffside,CaughtOffside,,2020-11-10
WilsonL64713174,Wilson Liu,,2020-11-10
AnneShly,Anne Shirley,,2020-11-10
AnneShly,Anne Shirley,,2020-11-10
VanThuo43026395,Van Thuong,USA,2020-11-10
Enemalucky,Laâ€™moore,Abuja,2020-11-10
TanLinh14488220,Tan Linh,UK,2020-11-10
Ian75690179,Nyokovic,,2020-11-10
thefootyarena,The Football Arena,,2020-11-10
MadaFFC,adam.,"Brighton, England",2020-11-10
bogavantemio,Mario HernÃ¡ndez,,2020-11-10
ChiKhan70251839,Chi Khang,VN,2020-11-10
republic_sports,R.Sport,"Mumbai, India",2020-11-10
NoaRoay2,girlssssğŸ‡ªğŸ‡¦ Real MadridğŸ‡ªğŸ‡¦ girlsss,"Alcobendas, EspaÃ±a",2020-11-10
Alireza70193431,Alireza,,2020-11-10
samarac55377064,iwillwin,,2020-11-10
OnMadridista,OnMadridista,,2020-11-10
HdIm2BWIq44gkGP,ĞĞ°Ğ´ÑÑˆĞºĞ° ĞšĞ°ÑĞ°Ñ€Ğ¸Ğ½Ğ°,,2020-11-10
H6bXGfEBdOoVw89,ĞŸĞ°Ğ» Ğ’Ğ¾Ğ²ÑĞ½Ñ‹Ñ‡,,2020-11-10
OnMadridista,OnMadridista,,2020-11-10
advantage_kobby,kobby advantage,,2020-11-10
TuanAnh24994363,Tuan Anh,VN,2020-11-10
ThiHuon10105078,Thi Huong,uk,2020-11-10
SabahNisar,SabahNisar,"Calgary, Alberta",2020-11-10
Binh12896028,Binh,,2020-11-10
ProtouchFC,Protouch FC,,2020-11-10
nadim5khoury,ĞĞ°Ğ´Ğ¸Ğ¼,beirut lebanon,2020-11-10
Axeeeeeell,Piranha,"Twitterland, Madrid",2020-11-10
TrieuVa33782274,Trieu Van,Go,2020-11-10
EverveFollower,Everve Follower,,2020-11-10
vandung56312812,van dung,uk,2020-11-10
JPappachan,Joel,,2020-11-10
ChuDu26255560,Chu Du,US,2020-11-10
SnehaSh75506039,Sneha Shrestha,,2020-11-10
Tando_03,03_Xen,viLLe,2020-11-10
DeChalaca,DeChalaca,PerÃº,2020-11-10
AkinosiBenjamin,Akin,,2020-11-10
DalhatD,Prince Dazz,Kaduna.  State,2020-11-10
VanQuoc38590812,Van Quoc,VN,2020-11-10
Outlookindia,Outlook Magazine,"New Delhi, India",2020-11-10
DuyDai11,Duy Dai,CN,2020-11-10
addon08437973,addon,,2020-11-10
SyrianskyS,SyrianSky Secret,,2020-11-10
SyrianskyS,SyrianSky Secret,,2020-11-10
coffeebeforetea,à¸à¸²à¹à¸Ÿ ğŸ’•,,2020-11-10
quach_hoe,Quach Hoe,China,2020-11-10
Redwan14964472,redooo7007,,2020-11-10
FootTheBall,FootTheBall,Locker Room,2020-11-10
Zhenya095,Zhenya09,,2020-11-10
ThanhHu02530187,Thanh Hung,,2020-11-10
NgVietToan1,Ng Viet Toan,Laos,2020-11-10
RogerSolis7,Roger Solis,"San Luis PotosÃ­, MÃ©xico",2020-11-10
CaoVanLai1,Cao Van Lai,VN,2020-11-10
goalooco,GoalooMobi,Indonesia,2020-11-10
TrucLin60693405,Truc Linh,Japanese,2020-11-10
fut_ballersfc,Futballers F.C,"Chicago, IL",2020-11-10
ConorTierney1,Conor Tierney,,2020-11-10
Jose_BB1994,Jose manuel,Ecija(Sevilla),2020-11-10
9248ladecima,Aron Jasp Â³â´ ğŸ‡ºğŸ‡¸ğŸ‡µğŸ‡­,"Reno , Nevada USA",2020-11-10
antoniogeada1,AntÃ³nio Geada,,2020-11-10
antoniogeada1,AntÃ³nio Geada,,2020-11-10
wilmerjm1,wilmer jose maita,"Anaco, AnzoÃ¡tegui",2020-11-10
Meldo_10,Meldo,EsËˆtaÃ°jo SanËˆtjaÉ£o Î²ernaËˆÎ²eu,2020-11-10
spacexmckitty,#StandwithRose #believesurvivors #SpookyMulder,Mordor where the shadows lie,2020-11-10
Lanci8,Lanci,,2020-11-10
adil_salim,Muhammad Adil Salim,"Davis, California",2020-11-10
carlosmformoso,carlos formoso,,2020-11-10
malditotwiter1,opositor,,2020-11-10
MalaysiaRawang,MALAYSIA THALAPATHY FANS CLUB #RAWANG,"Rawang, Selangor",2020-11-10
Nadalchukwu,#GirlDad 13.20.100,Estadio Santiago Bernabeu,2020-11-10
Dhestiny_K,Dhestiny_Klassics Â®,"Tema, Ghana",2020-11-10
angelina_csc,Angelina Adinami,"Victoria Island, Nigeria",2020-11-10
LuBo68826885,Lu Bo,US,2020-11-10
JoelAdedayo1,Joel Adedayo,,2020-11-10
samdave44124915,sam dave,,2020-11-10
Raheelovic,Raheel,ğŸŒŠ,2020-11-10
AduakaJ,CryptoKINGğŸ¤´,,2020-11-10
enanzamil,Ø¹ÙÙ†Ø¢Ù†,"Madrid, Spain",2020-11-10
mubarak_dfon,RealMadrid champions,"Kaduna, Nigeria",2020-11-10
javipulguy,Javi pulguy,"Madrid, Comunidad de Madrid",2020-11-10
robles_galiano,angel Galiano Robles,"aranjuez, madrid",2020-11-10
davutovic,David Davutovic,Melbourne,2020-11-10
Serran0q,Daniel Serrano,Ecuador,2020-11-10
LTrevill,Luke Trevill,,2020-11-10
jeffburgin15,Jeff Burgin,"Los Angeles, CA",2020-11-10
GAjtzalan,Gabriel AJTZALAN,,2020-11-10
PabloAlonsoGall,ğŸ‡ªğŸ‡¸YANKO16ğŸ‡ºğŸ‡¸,,2020-11-10
darinho102,darinho1001,,2020-11-10
Faaveo,åƒå‚á¯ä¹‡ã„– ğŸ¥·ğŸ½ ğŸ…˜,â­ï¸,2020-11-10
ama_anin,Ohemaa,Ghana,2020-11-10
DelGazquez,MarÃ­a del Carmen GÃ¡zquez,"HuÃ©rcal de AlmerÃ­a, EspaÃ±a",2020-11-10
EstimadoBcn,AA,,2020-11-10
Clement_Madrid_,#CLEMENT,"Kumasi, Ghana",2020-11-10
AhmadHamma5,Ahmad Hamma,"England, United Kingdom",2020-11-10
swagafiedkicks,Swagafied,,2020-11-10
swagafiedkicks,Swagafied,,2020-11-10
cieloazulrosado,ğŸŒº XX XS ğŸŒº,Amazing Mother Earth ğŸŒ ,2020-11-10
denissouilla,Denis Souilla,"Grenoble, Lyon, Paris, FR",2020-11-10
TrungNa80922996,Trung Nam,CN,2020-11-10
alycxanery,á´ÊŸÉ¢á´€ ğŸ³ï¸â€ğŸŒˆ,I'll always be with you.,2020-11-10
NareMessi,Nare,Ghana ,2020-11-10
royaelty,Tartan,,2020-11-10
LuBo68826885,Lu Bo,US,2020-11-10
PalPobon,Pobon pal,,2020-11-10
dede_rushit,Dede Rusip,Indonesia,2020-11-10
berocer,Bea. UnaDiNoi ó¾“«,Noia. Galicia. EspaÃ±a,2020-11-10
kingsleyowusub2,Kingsley Owusu,,2020-11-10
Ordaxx1,Ordaxx,"Guadalajara, Jalisco",2020-11-10
officialkhris1,Swag,,2020-11-10
officialkhris1,Swag,,2020-11-10
Doald12,Doald,,2020-11-10
officialkhris1,Swag,,2020-11-10
TheTotallyShow,The Totally Football Show,United Kingdom,2020-11-10
LuuBi90756226,Luu Bi,UK,2020-11-10
OsvaldoMontieli,Osvaldo,,2020-11-10
mouhcine_tabti,El Blanco RM ğŸ‡²ğŸ‡¦,Casablanca - Madrid - Turin,2020-11-10
Tiffany40179802,Wonderboy,,2020-11-10
samueloduro322,For God and CountryğŸ‡¬ğŸ‡­,"Kumasi, Ghana",2020-11-10
alex_an11,Alex Adame,,2020-11-10
DuyDai11,Duy Dai,CN,2020-11-10
LeQuocTung10,Le Quoc Tung,JP,2020-11-10
CebollitaLopez,Daniel Lopez,,2020-11-10
winterkoffee,winterkoffee,,2020-11-10
bmw5558vs,louay hammami,,2020-11-10
Messi98870323,Messi,,2020-11-10
JunioLi97029430,Junio Lima,,2020-11-10
RichardRoque95,Richard Roque,,2020-11-10
Oigetit_sports2,OigetitSports,"Silicon Valley, CA",2020-11-10
Dado_StyleRM,LaPelotaNoSeMancha,,2020-11-10
JulioCMoreno14,Julio CÃ©sar Moreno S.,Spirit In The Sky,2020-11-10
JargoBan,...,Ibadan,2020-11-10
fotbul24,Fotbul24,"London, UK",2020-11-10
TurksonCee,Cee Turkson,"Accra, Ghana",2020-11-10
FCBHaaland,#FreeHaaland,,2020-11-10
StreamerWalter,(W)alter #ValverdeBack,Ratioing Madristas,2020-11-10
OnMadridista,OnMadridista,,2020-11-10
UK250463,Mr. Vain,Universal Citizen,2020-11-10
kelzdavid,KEL,"Lagos, Nigeria",2020-11-10
IliyasuAli10,HalaMadrid gh,"Accra, Ghana",2020-11-10
DOLFINHO4,DOLFINHO,,2020-11-10
jcatalan67,kata,madrid,2020-11-10
pschanen,"Patrick Schanen, Scientiae Doctor âš—ï¸","Valais, Switzerland",2020-11-10
therealneilp,Neil Permain,"North Yorkshire, UK",2020-11-10
bogavantemio,Mario HernÃ¡ndez,,2020-11-10
VanTam93658506,Van Tam,VN,2020-11-10
King_Cedricc,cedric,"Accra, Ghana",2020-11-10
miguelzarra,miguel angel,,2020-11-10
TrieuVa33782274,Trieu Van,Go,2020-11-10
majed_031,M3JED,Jeddah,2020-11-10
sagar_kirtane,Sagar Kirtane,Nagpur,2020-11-10
MarcosA52585696,marcus,,2020-11-10
MarcosA52585696,marcus,,2020-11-10
RMCostel,MadridistaCostelğŸ‡·ğŸ‡´,"Phoenix, AZ",2020-11-10
MusahXi,musah.xi,,2020-11-10
RealFor55632850,Real Forever,,2020-11-10
AlertsHotspur,Hotspurs News Alerts,,2020-11-10
kwasiarthur6,Jordan,United States,2020-11-10
Route1futbol,RouteOneFootball,,2020-11-10
Clement_Madrid_,#CLEMENT,"Kumasi, Ghana",2020-11-10
Clement_Madrid_,#CLEMENT,"Kumasi, Ghana",2020-11-10
kwasiarthur6,Jordan,United States,2020-11-10
Route1futbol,RouteOneFootball,,2020-11-10
Lukealele,Lucas,,2020-11-10
tsibuah_kofi,Kofi Tsibuah,"Accra, Ghana",2020-11-10
thayrma,thay #APorLa14,SR4 â€¢ CR7 â€¢ KJ9 â€¢ MA11 â€¢ RG25,2020-11-10
CookeDavin,Davin Cooke,,2020-11-10
era_heaven,Guru ğŸŒŸ,,2020-11-10
iJoZuaa,Mahdi,Santiago BernabÃ©u,2020-11-10
SaberiAfsaneh,afsaneh saberi,,2020-11-10
jose9martinez,Jose Miguel MartÃ­nez,"Elda, Alicante",2020-11-10
IyandaIyanu,Iyanda iyanu,,2020-11-10
RoberAndujar,Rober Andujar,Palma de Mallorca,2020-11-10
Contre30554070,Contre,Madrid,2020-11-10
medhunjamin,NO TE DEJES ENGAÃ‘AR.,PanamÃ¡,2020-11-10
sjscott18,Samuel Scott,"London, England",2020-11-10
kelechu_kwu,ekpe,Lagos ,2020-11-10
L_FAVOUR,LOUIS.F,"Lagos, Nigeria",2020-11-10
kelechu_kwu,ekpe,Lagos ,2020-11-10
ppeakyblinder,88 noodles ğŸ,Mexico,2020-11-10
EOghenemaga,EFE THE GREATğŸ˜,"Port Harcourt, Nigeria",2020-11-10
I_am_imranaSama,I_ Em_ Sama,"NORTH, proudly NORTHERNER. ",2020-11-10
Danny17257994,Danny,"in the space, out of my mind ",2020-11-10
ajmalsami,ajmal sami,iss dunia k khubsurat kone mal,2020-11-10
Rene02550550,Rene,,2020-11-10
IncKelton,ğ—•ğ—¹ğ—®ğ—»ğ—°ğ—¼ğ˜€ ğ—Ÿğ—¶ğ˜ƒğ—²,,2020-11-10
KofiNow,Kofi Now,Komenda/Edina/Eguafo/Abirem ,2020-11-10
alexnavarro_33,Alex,,2020-11-10
flyingeze,Flying Eze,,2020-11-10
officialkhris1,Swag,,2020-11-10
Route1futbol,RouteOneFootball,,2020-11-10
OnMadridista,OnMadridista,,2020-11-10
javierlopez86vk,Javier Lopez,,2020-11-10
The_Impert,The Impertinent,Tabarnia de Henares,2020-11-10
SofiaNicolaeva,Sofia Dzhindzhieva,Bulgaria,2020-11-10
MikelSaurom87,Mikel,"Madrid, Comunidad de Madrid",2020-11-10
BaloyiAuby,Obby Baloyi ğŸ¤ğŸ–¤,"Midrand, South Africa",2020-11-10
DerAustor,Austor - FIFA Prediction & More ğŸ…™,Instagram: austor_official,2020-11-10
GPundits,Grumpy Pundits,,2020-11-10
TimHorsey,Tim Horsey,"Washington, DC",2020-11-10
R_Kharman,Richard Kharman,Washington DC Metro area,2020-11-10
SerieASitdown,Serie A Sitdown,"Milan, Milwaukee & Wash D.C. ",2020-11-10
noobe_sensei,noobmaster,,2020-11-10
waroh_sarawut,Sarawut Waroh,"à¸ˆ.à¸ªà¸•à¸¹à¸¥, à¸›à¸£à¸°à¹€à¸—à¸¨à¹„à¸—à¸¢",2020-11-10
Iraima10536749,Iraima,,2020-11-10
gnarlyadai,zuri,"California, USA",2020-11-10
NguyenC52413625,Nguyen Cong Hung,ha noi - viet nam,2020-11-10
EnochEsquare,Enoch Ezekiel,rajahmundry,2020-11-10
yukakroos,M.ğŸ’–,â„ï¸â˜ƒï¸ğŸŒ¨ï¸,2020-11-10
shaik_zameer7,shaik zameer,"Hyderabad, India",2020-11-10
carlpassion1,Carl Passion,"London, England",2020-11-10
thelivescoreapp,All Goals,,2020-11-10
EL_K21,K21,Madridismo,2020-11-10
OnMadridista,OnMadridista,,2020-11-10
IMechanisms,InjuryMechanisms,,2020-11-10
MichaelTwin8,Archie,"Tarkwa, Ghana",2020-11-10
CarlosJSB231290,CarlosJSB231290,,2020-11-10
realstemar,Bop Daddy,"Lagos, Nigeria",2020-11-10
DBlanco118,madridnnews,,2020-11-10
usmanmainaco1,Usman Mainaco,"Kaduna, Nigeria",2020-11-10
alexmc12_12,Alex McFarlane ğŸ’™,Guate!!,2020-11-10
AmafBlack,Anas Not Ananse ğŸ•—,Village,2020-11-10
FulhamTokyo,Fulham Tokyo,"Tokyo, Japan",2020-11-10
mireia19809,mireiaserrador,EspaÃ±a,2020-11-10
RikiYanagida,Asian Dissausion,"London, England",2020-11-10
JJCollins14,Jack Collins,,2020-11-10
Markoni4u,Mark Anthony,"London, England",2020-11-10
MelissaGallegoG,Melissa Gallego G.,PanamÃ¡ ,2020-11-10
La_Cascarita,La Cascarita,USA,2020-11-10
Citywide45,Richard Louis,#KTBFFH #UpTheChels,2020-11-10
Axeeeeeell,Piranha,"Twitterland, Madrid",2020-11-10
SiriusXMFC,SiriusXM FC 157 âš½ï¸ğŸ“»,SiriusXM Channel 157,2020-11-10
kafuvalen,K,Estados Unidos ,2020-11-10
marion253,marionsiciliagriffin,espaÃ±a,2020-11-10
marisol68347645,marisol garcia,,2020-11-10
HuyHung25541393,Huy Hung,VN,2020-11-10
GrantRM1,Maria Radisavljevic,,2020-11-10
Marx_Bw,Marx Bruno,"Huron, SD",2020-11-10
BlasBenitez18,Blas Benitez,,2020-11-10
JoshuaBlessing5,JoshuaBlessing Blessed Hymns,"kwara state,Nigeria.",2020-11-10
JoshuaBlessing5,JoshuaBlessing Blessed Hymns,"kwara state,Nigeria.",2020-11-10
Frankballrm,Sisco,,2020-11-10
pulgazarate,Ana ZÃ¡rate,,2020-11-10
Hamzabelc,Hamza,KÃ©nitra,2020-11-10
DaniRMad,Daniel,,2020-11-10
Louis_Wayy,Lou,Buckinghamshire,2020-11-10
OnMadridista,OnMadridista,,2020-11-10
PutriPratamaCR7,Putri Pratama Putra,"Jakarta Timur, DKI Jakarta",2020-11-10
danielslavin17,Daniel Slavin,,2020-11-10
RitonTennis,Riton,,2020-11-10
TalkBasket,TalkBasket,Basketball World,2020-11-10
michelone_,micheal,madrid,2020-11-10
The_wordsmith10,BENGAZYğŸ‘‘,"Kasoa, Ghana",2020-11-10
Ramito691,Omar Salvador ğŸ‡»ğŸ‡ªğŸ‡»ğŸ‡ªğŸ‡»ğŸ‡ªğŸ‡»ğŸ‡ªğŸ’¥ğŸ’¥ğŸ™ğŸ™ğŸ’›ğŸ’™â¤ï¸,Maracay,2020-11-10
CMaldy,Christophe Maldy,Montpellier,2020-11-10
Adrian_7RMCF,AdriÃ¡n AS ğŸ¤ğŸ¥‡,,2020-11-10
Nadalchukwu,#GirlDad 13.20.100,Estadio Santiago Bernabeu,2020-11-10
DiegoJV22,Diego,,2020-11-10
rma_jp,ginji.madrid,,2020-11-10
MarkyTwainy,Marky Twainy,,2020-11-10
FFS_FFC,#freeantonee,,2020-11-10
mery_saanz,MarÃ­a âš¡ï¸,"MÃ³stoles, Madrid ",2020-11-10
LuBo68826885,Lu Bo,US,2020-11-10
AditPutraH,Adhitya Putra,Bekasi sebelah timur,2020-11-10
Trijary,ĞŸÑ€Ğ¸Ñ,,2020-11-10
Alvaro48794277,Alvaro Rdg,,2020-11-10
Trijary,ĞŸÑ€Ğ¸Ñ,,2020-11-10
Alvaro48794277,Alvaro Rdg,,2020-11-10
DenhamFfc,DenhamFFC,"Hillingdon, London",2020-11-10
NgVietToan1,Ng Viet Toan,Laos,2020-11-10
ivolkman,ernesto isturiz,Caracas Venezuela,2020-11-10
Evgeny44392460,Evgeny,,2020-11-10
iamalvaro24,ÃlvaroğŸ‡ªğŸ‡¸,"San Fernando, EspaÃ±a",2020-11-10
faveriksson,Ù‹,#16 she/her,2020-11-10
Ivliane4,Ivliane,,2020-11-10
MikkiManDan,ã€½ï¸ikki,University Of Leicester,2020-11-10
Margaritateje16,MaryTejedor â¤ï¸ğŸ’™,,2020-11-10
Opinion_M2,Opinion Merengue,,2020-11-10
Jotaro61,Jotaro,,2020-11-10
jayk0e,Joe Kenny,South West London,2020-11-10
starkt316,K E N J N RğŸ‡¬ğŸ‡­ğŸ”¥ğŸ’¥,"Accra, Ghana",2020-11-10
AnhPhuo63600660,Anh Phuong,uk,2020-11-10
hosein20313826,hosein,,2020-11-10
adrixulo2001,chache galvin,"BarberÃ  del VallÃ¨s, EspaÃ±a",2020-11-10
TheHasKarim,Hasan Karim,"Birmingham, England",2020-11-10
MessiOfficer,Officer Messi,,2020-11-10
FFCDom2,D,Southampton / London,2020-11-10
sergioespsan,RUBÃ‰N CASTRO EL 9 DE ESPAÃ‘A MYHYV.âšªâš«ğŸ”´â­ğŸ”´ğŸ’š,LIGA SMARTBANK,2020-11-10
AngusKelly12,Angus Kelly,"London, England",2020-11-10
anapaumaup,Ana Pau MaupomÃ©,WorldWide,2020-11-10
OriginalCoolski,Susi Wisniewski,Warwickshire,2020-11-10
CarlosE63538517,Carlos Eduardo Acosta Barrios,,2020-11-10
pina33elTitan,pina33elTitan,,2020-11-10
tezzer18,Theo,,2020-11-10
AlbertoteZafra,Monstruo de las Oreo,FÃ¡brica Oreo,2020-11-10
LisaetJeff,Lisa-et-Jeff,Catalogne,2020-11-10
kwasiarthur6,Jordan,United States,2020-11-10
Herne11k,Herney Sanchez,"Caracas, Venezuela",2020-11-10
OnMadridista,OnMadridista,,2020-11-10
Route1futbol,RouteOneFootball,,2020-11-10
BrodyQat,BrodyQat,"San Leandro, CA",2020-11-10
J1n11r,Marcos NicolÃ¡s Guevara Imbaquingo,"Imbabura, Ecuador",2020-11-10
gabocapote,Gabriel Alejandro,"Valencia, Venezuela",2020-11-10
margaritafg18,MargArita FG,"Piura, Peru",2020-11-10
darwinbunay1,Darwin Vasquez,"Queens, NY",2020-11-10
VillarrealUSA,Villarreal USA,USA,2020-11-10
Sergio10Garrido,âš½ Sergio Garrido âš½,Santiago BernabÃ©u (Madrid),2020-11-10
RMCF631902,Una madridista desde la cuna.,,2020-11-10
fer_halcala,Fernandaâ¿,RMCF,2020-11-10
carlos_barbero9,Barbero,"Hinojosa del Duque, EspaÃ±a",2020-11-10
darwinbunay1,Darwin Vasquez,"Queens, NY",2020-11-10
DiegoDeLaEscal1,DE9,,2020-11-10
VanPhu27588219,Van Phu,VN,2020-11-10
SamWin50,Samwinchester50,Tottenham Hotspur Stadium,2020-11-10
TrungNa90962709,Trung Nam,UK,2020-11-10
teki_mr,Number 1 Boy,Cognito,2020-11-10
AmeerKagarko,Ameerul-hajj,,2020-11-10
caroldrealm,daniela,,2020-11-10
iamTAYGAH,#SARSMUSTEND Ñ‚ega Ğ¼ena orÎ¹e #MÃ©LÃ³via â™¤,Nigeria,2020-11-10
DannyDeChampion,Danny De Champion,Takoradi,2020-11-10
TruongP65397874,Truong Phi,VN,2020-11-10
Madridista503,Rey_Madridista 503,,2020-11-10
7occam,Hossam â­ğŸ¦Œ,"El Qaliobia, Egypt",2020-11-10
ChuDu26255560,Chu Du,US,2020-11-10
_Lobito7,Wolfy7,,2020-11-10
Sean_Stanley11,Sean Stanley Sports Talk Podcast,"Miami, FL",2020-11-10
philcolli72,Phillip Columbine,"Salford, England",2020-11-10
Sergio_Donas,Serg11 ğŸ‡ªğŸ‡¸,GriÃ±Ã³n (Madrid),2020-11-10
isaiahlunaa,Isaiah,idaho,2020-11-10
ana__clar,ana,,2020-11-10
OnMadridista,OnMadridista,,2020-11-10
Sefeb1995,RT Madrid,guayaquil,2020-11-10
fernan9595sport,Fernando G,,2020-11-10
Nadieimportant2,Nadieimportante,En mi mundo feliz ,2020-11-10
rahayunio,P. Lambe Online,Malang,2020-11-10
YAHAYABELLO22,M BELLO,"Adamawa, Nigeria",2020-11-10
axel15rodrigo,Axel GonzÃ¡lez Â® ğŸ¤™ğŸ»,Mexico,2020-11-10
SMmad90,Sara,"Comunidad de Madrid, EspaÃ±a",2020-11-10
kenya192004,kenya Martinez Reyes,,2020-11-10
aj_dones,Hala Madrid ğŸ¤,"traveling, knowing somewhere..",2020-11-10
Roberto1474,JosÃ© Roberto,GRANADA,2020-11-10
GidoZoltan,GidÃ³falvi ZoltÃ¡n,,2020-11-10
ashbolt97,Harry Ashbolt,,2020-11-10
FMAT997,FM MADRID,,2020-11-10
athila,Chromaticart,En los bosques.,2020-11-10
7ickaf,Abdullah,Twitter trash bin,2020-11-10
AliduZulka,Alidu Zulka,,2020-11-10
AliduZulka,Alidu Zulka,,2020-11-10
kenya192004,kenya Martinez Reyes,,2020-11-10
nestor_gonleg,NÃ©stor Gabriel,"Asuncion, Paraguay",2020-11-10
kenya192004,kenya Martinez Reyes,,2020-11-10
Fajrianurafnan,Fajrianur Afnan,,2020-11-10
kenya192004,kenya Martinez Reyes,,2020-11-10
Route1futbol,RouteOneFootball,,2020-11-10
AndyRM0720_,Andrea âœ¨,En algÃºn lugar SS,2020-11-10
TPeditsUK,TP Edits UK,United Kingdom,2020-11-10
karinlilbridge,Karin,"Stockholm, Sweden",2020-11-10
Matkron_,Kron,,2020-11-10
GrantRM1,Maria Radisavljevic,,2020-11-10
__jvniorr,#VaraneMarceloIscoOUT,Ivory Coast,2020-11-10
kwekujr_,ONUAğŸ‡¬ğŸ‡­,,2020-11-10
Tatiana_re6,T.,PerÃº,2020-11-10
La_Bataclana_,LuciferPerreaSola ğŸ³ï¸â€ğŸŒˆ,"Lima, Peru",2020-11-10
David6666Rubio,david rubio pacheco,,2020-11-10
altered_embryo,the_altered_embryo,port harcourt,2020-11-10
bmw5558vs,louay hammami,,2020-11-10
PrimeEibar,Anurag,"Albuquerque, NM",2020-11-10
Futboleramx,Michelle Del Angel,,2020-11-10
KaineLarenz,Kaine L. Gordon-Harrison ğŸ‡¬ğŸ‡§,Manchester,2020-11-10
albacm_18,alba,,2020-11-10
mexamurai,ğ–’ğ–Šğ–ğ–†ğ–’ğ–šğ–—ğ–†ğ–,nz. ,2020-11-10
primusandy_SA,Agivondio,,2020-11-10
El_Profe_Jim,Jim Jaime,,2020-11-10
Abdullkonto,DAMATURU ğŸ”,"Yobe, Nigeria",2020-11-10
jrdrake237,jrDrake,Honduras,2020-11-10
CongVan40651450,Cong Van,KR,2020-11-10
Route1futbol,RouteOneFootball,,2020-11-10
bigkerv87,Kev,Saint Vincent and the Grenadin,2020-11-10
AchrafRMCF,achraf souayah,"Sousse,Tunisia ",2020-11-10
GenevaSoccer,Nomis Stumbler,,2020-11-10
lostravermusic,Lost Raver,Honduras,2020-11-10
modinhorm13,modinho,"Dar es Salaam, Tanzania",2020-11-10
alfred_torsu,Alfred Torsu,a text away,2020-11-10
samxmassey,Sam Massey,ğŸ‡¸ğŸ‡ªğŸ‡¬ğŸ‡§ ,2020-11-10
AzrOrganization,AZR Organization,,2020-11-10
rizalnugroho11,Rizal Nugroho,"Larangan, Tangerang",2020-11-10
juliocesarGASA,JULIO CESAR ğŸ¤˜ğŸ¤Ÿ,"San Luis PotosÃ­, Mexico.",2020-11-10
Madridlovatic,SergioğŸ‡ªğŸ‡¸Â³â´ğŸ†ï¸½âœµï¸½,Middle earth ,2020-11-10
Lu_Argolo,Luciana Argolo,Bahia/Brasil,2020-11-10
halamadriwd,leticia,santiago bernabeu,2020-11-10
isib06,Isaac B, USA,2020-11-10
DamilolaAdeoti4,DÃ¡mÃ¬lÃ³lÃ  Adeoti,Abuja,2020-11-10
iamaghazsalmanK,Dr. Aghaz Salman,"Lahore, Pakistan ",2020-11-10
QuangCh47826022,Quang Chien,usa,2020-11-10
madridstarkg,Madridstar Assassin Hazard,Garden of Eden,2020-11-10
first_Living,God Ramos. â™¤â™§,in the world.,2020-11-10
PatricioGG_RM,Patricio,,2020-11-10
sportsultima,sportsultima.com,UNITED KINGDOM,2020-11-10
TheGenAboveMe,Generation Above Me,"Newburgh, IN",2020-11-10
Hsen__saad,CHAMP13NSâ—ğŸ†âœŒğŸ‘‘,ALKHIYAM.ALJANOUB.LEBANON,2020-11-10
SirWasilu,Sir_wasilu,,2020-11-10
Tranqua73068654,Tran quan,US,2020-11-10
selooormm,Selorm ğŸ‡¬ğŸ‡­,"Accra, Ghana",2020-11-10
thekwekugyan_03,Opanyin Kweku Gyan,Planet Earth,2020-11-10
MessiOfficer,Officer Messi,,2020-11-10
AlexDonno,Alex Donno,"Florida, USA",2020-11-10
ben_jiiee,I'm Nice,"Tokyo-to, Japan",2020-11-10
ckingblog,MyF*ckingBlog,,2020-11-10
_920229,RaÃºl,Madrid,2020-11-10
valdecinatalia,NatÃ¡lia ğŸ˜˜ğŸ’• âŠ°âŠ¹âœ¿ Fagulha de AMOR âœ¿âŠ¹âŠ±,Ipatinga M-G,2020-11-10
DJARON10,@DJARONÂ®ï¸,EQG Studio / Hispania,2020-11-10
playbyplaypod1,The Play by Play Podcast,,2020-11-10
dikembemutumbo4,dikembe mutumbo,,2020-11-10
TrungNa80922996,Trung Nam,CN,2020-11-10
SabriB10,Sabrina Belmonte,"Toronto, Ontario",2020-11-10
carrillo_elissa,Ely carrillo,,2020-11-10
carrillo_elissa,Ely carrillo,,2020-11-10
Josue80020905,Josue,,2020-11-10
adi_rijez,itsJerry,"Nairobi, Kenya",2020-11-10
Tiffany40179802,Wonderboy,,2020-11-10
Route1futbol,RouteOneFootball,,2020-11-10
Acevedo_S9,S.AC 9Â¾ ğŸŒˆ ğŸ³ï¸â€ğŸŒˆ,ribeira galicia,2020-11-10
ShirtKingSOE,Shirt King,The World,2020-11-10
jmbKoko,Jose Martinez,"Serranillos del Valle, EspaÃ±a",2020-11-10
mshrazt,MSA,,2020-11-10
RM_Vagisha,Vagisha Sharma,,2020-11-10
bmw5558vs,louay hammami,,2020-11-10
HiVong14,Hi Vong,,2020-11-10
hussen1ab,TardigradeğŸŒ,Mars,2020-11-10
ismail_inu,ISMAIL,"Abuja, Nigeria",2020-11-10
JCDAtrasto,Joaquin Atrasto Â© ğŸ”»,Madrid,2020-11-10
Elizabe77147507,Elizabeth RamÃ­rez,,2020-11-10
lalitoespos7,â–«â–ªHectorâ–«â–ª,,2020-11-10
ilcano22,Pablito,Canada,2020-11-10
AliyuMo75887778,Alex,,2020-11-10
swiftxrm,natt,,2020-11-10
MrsKroos_,Kroos WifeyğŸ¥,Santiago BernabÃ©u â¤ï¸,2020-11-10
ibraheemy74,Ibrahim Yusuf,,2020-11-10
Alameen_karofi,ElmeenoğŸ’ªğŸ’€ğŸ’€,kaduna,2020-11-10
ppartnivek,mo,,2020-11-10
KIZANNE2,KIZ - ANNE,,2020-11-10
awaseman88,Awaseman88,,2020-11-10
SunUponSeas,AdriÃ¡n,I Wish NZ,2020-11-10
AnhPhuo63600660,Anh Phuong,uk,2020-11-10
azzam_al_hanif,Azzam Al Hanif,"Palembang,Indonesia",2020-11-10
_andreaquesada7,Andrea âš½,"MÃ³stoles, EspaÃ±a",2020-11-10
oso7beatle,Oso Pechofrio,,2020-11-10
alvarodecima1,Ãlvaro BarragÃ¡n,Villafranca de los Barros ,2020-11-10
NguyenVanChat18,Nguyen Van Chat,korea,2020-11-10
Gabriel66328939,Gabriel,,2020-11-10
LowLimitFutbol,Low Limit Futbol,"Connecticut, USA",2020-11-10
JPUccello,Joe Uccello,"Connecticut, USA",2020-11-10
BernKitozay,Gonzaga's X Jr's cousin,"Dar es Salaam, Tanzania",2020-11-10
awaah_simon,Awah,,2020-11-10
adrianvk94,AdriÃ¡n Caballero,"Madrid, Comunidad de Madrid",2020-11-10
tantarlos,juan carlos,,2020-11-10
ClPUY,Ù°,,2020-11-10
halluceene18i,RockyRMâšª,,2020-11-10
harry_merengue,valen,barcelona,2020-11-10
Darky61,ÍœÍ¡ÄaÍ›rÌ´Ì´Ì´kÌ¥Æ´ ğŸ¦,Ô€Ñ¦Ğ“Ò  Õ©Ñ¦Ğ“Ñ¦Ô€Ñ–ÕĞ„ ,2020-11-10
RealMaks07001,ğŸ‡·ğŸ‡º Punchito ğŸ‡¸ğŸ‡³ Khabib 29-0,"Ğ¡Ğ°Ğ½ĞºÑ‚-ĞŸĞµÑ‚ĞµÑ€Ğ±ÑƒÑ€Ğ³, Ğ Ğ¾ÑÑĞ¸Ñ; Dakar",2020-11-10
rasalkharleil,Rasalkharleil,,2020-11-10
heartrealmadrid,mirna ğŸŒˆğŸ| ACAB,,2020-11-10
madridista_momi,Murtaza,Faisalabad,2020-11-10
sekyanzi_shaun,NeymarSZNâš½ï¸ğŸ,"Kampala, Uganda",2020-11-10
Jannatu09732759,Jannatul,,2020-11-10
sandra_or18,Sandraâš¡ï¸,,2020-11-10
pablourdiciain,PabloUrdiciainUrzaiz,,2020-11-10
AsociacinFtbol1,AsociaciÃ³n FÃºtbol Femenino,,2020-11-10
Rhapsody892,Rhapsody89,,2020-11-10
Abayomijnr,Anti-BadBoy Abayomi ğŸ‡³ğŸ‡¬,everywhere,2020-11-10
MarkyTwainy,Marky Twainy,,2020-11-10
MiskaP97,Miska Paananen,Helsinki ,2020-11-10
vicrengel,VÃ­ctor Rengel,,2020-11-10
Ogundayosblog1,oluwablogger,,2020-11-10
Isnatul7,Isnatul,,2020-11-10
elmejorelmadrid,puromadridismo,,2020-11-10
jibrielabubaka1,jibrielabubakar3,,2020-11-10
GOATVazquez,PapaPerez,,2020-11-10
mfthalhuda,Miftah Alhuda,AHHAGAKURE,2020-11-10
JehaEchek,Je.Ec.,,2020-11-10
LouisChicharit4,Louis Hernandez Chicharito BalcazarğŸ‡¬ğŸ‡­ğŸ‡¬ğŸ‡­,Ghana Techiman,2020-11-10
halazard,m.,,2020-11-10
aisida,Pat,,2020-11-10
blissmediacomms,bliss,"Hobart, Tasmania",2020-11-10
ShamisPSD,Shamis,,2020-11-10
perlalessandra,Perla Alessandra,Puerto Rico,2020-11-10
Hassan_RMA_,HğŸ†Â³â´âšª,Santiago Bernabeu ğŸŸ,2020-11-10
wixdee,ahmad deedat,"Kano, Nigeria",2020-11-10
Louloubitch,Louange K Ã–ZIL,Caen France,2020-11-10
Throne55638678,Throne,Kazakhstan,2020-11-10
Stavross_Waw,Stavross y Rubia ğŸ‡µğŸ‡±,"Warszawa, Polska",2020-11-10
iamsegebari,Segebari Nwizug,"port harcourt, Nigeria",2020-11-10
baldheadzizou,Studio Ghibli,"Barcelona, Spain",2020-11-10
KwekuBurner,10AM ALBUM ğŸ’¯,Far from Home ,2020-11-10
Moritzbhg,Moritz zu Hause Bleiben ğŸ‡ªğŸ‡º,,2020-11-10
BishopChucks,Bishop,"Lagos, Nigeria",2020-11-10
social_insaaan,Gaurav,India,2020-11-10
Bear_Odion,Bear ğŸ»,,2020-11-10
CashmereEugene,CashmereğŸ¦ğŸ˜ˆğŸ‡¬ğŸ‡­ğŸ‡³ğŸ‡¬,"Kumasi, Ghana ",2020-11-10
Zeian0704,Zeian,,2020-11-10
MHamzaKhan4,M Hamza Khan,"Karachi, Pakistan",2020-11-10
Adwanj10,AGBARIGIDOMA AFEEZ,"Ilorin, Nigeria",2020-11-10
Geofrey66529470,omondi onyango,"Nairobi, Kenya",2020-11-10
sm7link,E.T Â®â„¢,Europe,2020-11-10
imranabdul01,Imran Abdul..,"Greater Noida, India",2020-11-10
Lilbrulh,Lil bruh,Ã—,2020-11-10
nabaadabbagh,Ù†Ø¨Ø£ Ø§Ù„Ø¯Ø¨Ø§Øº,Dubai,2020-11-10
realmadriden,Real Madrid C.F. ğŸ‡¬ğŸ‡§ğŸ‡ºğŸ‡¸,"Madrid, Spain",2020-11-10
FrankJohan2012,Frank MuÃ±oz,"Santa Rosa de Copan, Honduras",2020-11-10
Aveirito,El Father,â€¢MilanÄ±UnitedÄ±Sportingâ€¢,2020-11-10
cesclovermadrid,Francesc Valencia,EspaÃ±a,2020-11-10
XuanToa67366817,Xuan Toan,USA,2020-11-10
SivanJohn_,Sivan John,"Kelang, Selangor",2020-11-10
Stefano4118899,pÑ”Ô€Ño zÑ”Ñ”â„¢,Nevada ,2020-11-10
livescore,LiveScore,URL,2020-11-10
NatyCP_23,NÎ±ty,,2020-11-10
Sheflon,agboola sheriff,"Lagos, Nigeria",2020-11-10
RobertMadrid23,RobertMadrid,,2020-11-10
SHARAP0VAS,bentleigh ğŸ„â€â™€ï¸,coys,2020-11-10
futbolconnect,"FUTBOLCONNECT, Inc",,2020-11-10
IFM_Soprano,Ignacio Fdez. M.,Madrid,2020-11-10
Minima_17,Michelle à¥,Asteroide B612 ,2020-11-10
Crs93_,Ce.ğŸ˜ğŸ’¢,,2020-11-10
maitermcf,andreza,Brasil,2020-11-10
jlcris3,jl3,,2020-11-10
Joseph45821700,Joseph,"Trujillo Alto, Puerto Rico",2020-11-10
Eduardo05622406,Eduardo M.,,2020-11-10
Thitro_,Thierry Jethro ÙŠÙˆØ³Ù,somewhere,2020-11-10
Spanish_Mike_,Mike Romero,"Pittsburgh, PA",2020-11-10
namgian23361182,nam giang,"#51, 40 Rhu Cross, 01, Singapo",2020-11-10
breaknnews1,Break'n News,United States,2020-11-10
Seddnv,Manu,Spain,2020-11-10
_badzo,AliOune B. ğŸ‡¸ğŸ‡³ğŸ”¥,Senegal,2020-11-10
GradaFansRMCF,Grada Fans RMCF,,2020-11-10
Gr23Me,Gr23NopMe ğŸ‡ªğŸ‡¸âŒğŸ’šğŸ,Reino de EspaÃ±a,2020-11-10
MYHBYGK,ElHijoDeJovicâ„¢,Alola/Konoha/Magnolia,2020-11-10
ZonaRealmadrid,Zona Real Madrid,,2020-11-10
CaoVanLai1,Cao Van Lai,VN,2020-11-10
FootyLegend_,Footy Legend VIP Hospitality,"Barcelona, Spain",2020-11-10
soccerfanatichq,The Soccer Fanatic,,2020-11-10
mdrfl,ğŸ‡ºğŸ‡¸ğŸ’¥ There. WILL. Be. ProsecutionsğŸ’¯âš–ï¸,here.,2020-11-10
ParmeshSriv,Parmeshwar Srivastava,"Mumbai, India",2020-11-10
castillo_yalixa,yalixa castillo,,2020-11-10
PabloSlowhand,Pablo A. MartÃ­n,"Madrid, EspaÃ±a",2020-11-10
ManuFuentesGar,Manu Fuentes GarcÃ­a,"Guadix, Granada",2020-11-10
baldheadzizou,Studio Ghibli,"Barcelona, Spain",2020-11-10
EL_SPICIAL,~,,2020-11-10
JASidey,J Sidey,"Ottawa, Canada",2020-11-10
fede2031,Federico Alvarez,"Manizales, Colombia",2020-11-10
DonJonPablo,Jon K,DA ğŸ…±ï¸IG ğŸ…±ï¸ALLER WAY,2020-11-10
RodrigooMiguel7,Rodrigo Miguel ğŸ‡§ğŸ‡·ğŸ‡ºğŸ‡¸ğŸ‡ªğŸ‡¸,WorldWide,2020-11-10
BbongoleDenis,Formaldehyde,Entebbe,2020-11-10
Carlos6543212,Carlos Alcivar,,2020-11-10
elirmu,Elena ğŸ,"Madrid, EspaÃ±a",2020-11-10
HuyHung25541393,Huy Hung,VN,2020-11-10
Tranqua73068654,Tran quan,US,2020-11-10
onkeikun,onkei â­ğŸŒ»,,2020-11-10
swagafiedkicks,Swagafied,,2020-11-10
Neibeth94,Nei N âš½ğŸ,Valencia - Venezuela,2020-11-10
jgColubi,JosÃ© Colubi,Oviedo/Santiago ,2020-11-10
Alexand59265966,Alexander Alfonso Ochoa,"Ù…Ø¨Ø§Ø±Ùƒ Ø§Ù„ÙƒØ¨ÙŠØ±, Ø¯ÙˆÙ„Ø© Ø§Ù„ÙƒÙˆÙŠØªfrent",2020-11-10
ikky_phoenix,PhoenixIkky,,2020-11-10
365Scores,365Scores,,2020-11-10
AdrianLabella90,AdriÃ¡n Labella,S.BernabÃ©u | St.James' Park,2020-11-10
marcelanatra,Marcela Natra,,2020-11-10
mr_amoah17,8TEENâ–«ï¸,United Kingdom,2020-11-10
firrheart,bi,BelÃ©m,2020-11-10
Sergio_RMCF07,Sergio7_RMCFâš½ï¸,"Mislata, EspaÃ±a",2020-11-10
mdcmg98,MğŸ’« RMğŸ³,Real Madrid,2020-11-10
GloberTorpess,Mr. X â”,,2020-11-10
huey_price18,Huey Blue,"Wales, United Kingdom",2020-11-10
DanielNavasSund,Daniel Navas-Sunde,Barcelona,2020-11-10
RmcfSupreme,Marcos ğŸ‡ªğŸ‡¦,Estadio Santiago BernabÃ©u,2020-11-10
WilloffRoos,Marco Bills ğŸ—¯,Belgium,2020-11-10
rguezcheca,RgCh ğŸ‡¬ğŸ‡¬ğŸ‡ªğŸ‡¸ğŸ‘‘,"Madrid, Spain, Europe, West",2020-11-10
andreamkaelsn,Andrea ğŸ‡µğŸ‡¾,Paraguay,2020-11-10
brianvanderbest,Brian Van Der Biest,,2020-11-10
Elvis_Emenogu,Elvis,"Kristianstad, Sverige",2020-11-10
dr_egea,Ã†,,2020-11-10
Madrid_Bekasi,PeÃ±a Real Madrid de Indonesia Regional Bekasi,"Bekasi City, West Java",2020-11-10
lolo73mgg,ğŸ‡ªğŸ‡¸Madridista puroğŸ‡ªğŸ‡¸,"Yecla, EspaÃ±a",2020-11-10
mohd_Hassan_Ali,Mohd Hassan Ali (Tokyo),"Cape Town, South Africa",2020-11-10
gcrossover11,Giga Chirgadze,,2020-11-10
TithorMadrid,Tithor Madrid,"Comunidad de Madrid, EspaÃ±a",2020-11-10
alexpinillos82,ğ“ğ“µğ“®ğ” ğŸ‡ªğŸ‡¸ ğŸ ğŸš,"Madrid,EspaÃ±a",2020-11-10
HuuThan51119176,Huu Thanh,Laos,2020-11-10
livescore,LiveScore,URL,2020-11-10
1alfa2beta,roger bonill garcia,,2020-11-10
ProtouchFC,Protouch FC,,2020-11-10
English_AS,AS English,"Madrid, EspaÃ±a",2020-11-10
Aisier5,Ã˜,"TromsÃ¸, Norway",2020-11-10
Bowdo74,Mark Bowden ,"Liverpool, England",2020-11-10
noobe_sensei,noobmaster,,2020-11-10
Waleed_Rauf2001,Waleed Rauf,"Lahore, Pakistan",2020-11-10
ShootTheDefence,Shoot The Defence,London,2020-11-10
Ivliane4,Ivliane,,2020-11-10
Luis_ChavezRM,Luis ChÃ¡vez,Mexico,2020-11-10
RTNFootball,Road to Nowhere Football,Glasgow,2020-11-10
JulenGuti7,Julen Gutierrez,,2020-11-10
janS0L0,ğ•ğ•’ğ•Ÿ ğ•Šğ• ğ•ğ•  Ù† ğŸ–¤ğŸ˜·,Madrid,2020-11-10
matty_vanpersie,Matteo Andreani,"Osimo, Italy",2020-11-10
MedicenElisa,Maria' NuÃ±ez,,2020-11-10
ItaFootPod,The Italian Football Podcast,Planet Calcio,2020-11-10
Skrizovic,Skrizovic,"Milan, Lombardy",2020-11-10
InterWhatsup,Inter Fans,,2020-11-10
FCInterJoe,Joe ğŸ’™ğŸ–¤ğŸ‡µğŸ‡¸,"Chicago, IL",2020-11-10
DinhTri77261414,Dinh Tri,Laos,2020-11-10
NotoriousJOS,John O'Sullivan,Connemara/Galway City,2020-11-10
InterStats,Inter Stats,Worldwide,2020-11-10
deeazzs05,#BenzemaOut,"Amritsar, India",2020-11-10
NimaTavRood,Nima Tavallaey Roodsari,Gothenburg - Milano,2020-11-10
hounly,DMO,,2020-11-10
Joseisallin,JosÃ© Merino,Ciudad Real,2020-11-10
Christianm183,Christian Montes,,2020-11-10
Verbalword,Miguel Angel GPğŸ‡ªğŸ‡¦ğŸ¤–ğŸ¤–,CastellÃ³n de la Plana,2020-11-10
alvaaro12,Alvarotos,AlcalÃ¡ de Henares,2020-11-10
wpiekledantego,ksh,,2020-11-10
CookeDavin,Davin Cooke,,2020-11-10
isra7delatorre,Israel De La Torre,,2020-11-10
MaketoLari,Maketo Lari,,2020-11-10
HU55ein_23,Hussein Alabdullah,Iraq,2020-11-10
neguillan,COPITOğŸ€ğŸ’œâ™€ï¸ğŸ’œğŸ‡ªğŸ‡¦ğŸ–¤,,2020-11-10
JmdiazJuan,Juan Manuel,"TorrejÃ³n de Ardoz, Comunidad d",2020-11-10
sunmoh2,ğŸ‡ºâ€‹ğŸ‡³â€‹ğŸ‡¨â€‹ğŸ‡±â€‹ğŸ‡ª ğŸ‡©â€‹,,2020-11-10
MeliRosei,Magnolia Reyes,"Framingham, Massachusetts.",2020-11-10
OnMadridista,OnMadridista,,2020-11-10
DBlanco118,madridnnews,,2020-11-10
germanjam,German Jimenez-Alfar,,2020-11-10
SaberiAfsaneh,afsaneh saberi,,2020-11-10
_SerMadridista,SerMadridista,"Madrid, Comunidad de Madrid",2020-11-10
Sibelex,Sibelex. ğŸ‡ªğŸ‡¸ğŸ‡ªğŸ‡¸ ğŸ–¤ğŸ–¤ V.E.R.D.E,Madrid-EspaÃ±a.,2020-11-10
Real__Cristiano,"SOY DEL MADRID, DEL REAL ğŸ‘‘",,2020-11-10
Alvaronp97,Alvaro Navarro ğŸ‡ªğŸ‡¸,"Villaviciosa de OdÃ³n, EspaÃ±a",2020-11-10
Anakentwell,Ana,,2020-11-10
RMPelu17,Pelu,Shouting @ RealMadridfem admin,2020-11-10
Tornieguita,time,senza tracce,2020-11-10
adrianvk94,AdriÃ¡n Caballero,"Madrid, Comunidad de Madrid",2020-11-10
ramzyrmcf,ğ“¢ğ“¾ğ“°ğ“ªğ“» ğ“‘ğ“¸ğ“«ğ“¸ ğŸ•Šï¸,Time Traveler,2020-11-10
aimar2507,Aitor MartÃ­n DiÃ©guez ğŸ‡ªğŸ‡¸,Zamora / MÃ¡laga (ESPAÃ‘A),2020-11-10
wikofootball,john  Duncan,,2020-11-10
_estherrezende,Esther âœŠğŸ¾,Brasil,2020-11-10
eelindaaa,Elinda,Kosovo,2020-11-10
FullOfConceit,pablo,skreets ,2020-11-10
manuel9590,Manu,"Santiago, Metropolitana de San",2020-11-10
naghamyoussef22,NA,"Cairo, Egypt",2020-11-10
Nilay264,Nilay Blanco,,2020-11-10
Futbolero233,Futbolero23,,2020-11-10
Marck_78,JesÃºs MartÃ­nez,Terrassa (Barcelona) EspaÃ±a ,2020-11-10
stillintolauren,jess,venezuela,2020-11-10
FLAIP2,WALDIN,,2020-11-10
Faell_33,RafaelğŸ‡®ğŸ‡¹,"Planalto, Natal",2020-11-10
AmigosRM_Marace,PeÃ±a RM Maracena,Granada,2020-11-10
loren_cr7,CapitÃ¡n Deadpool,"CÃ¡ceres, EspaÃ±a",2020-11-10
RMF_Stan23,â™ Æ™à½Ä±Ê‚ â™‹,"Barcelona, EspaÃ±a  ",2020-11-10
kevinH74_,Kevin H,,2020-11-10
Eeestheeer,Esther Walsh ğŸ’£,"Alicante, EspaÃ±a",2020-11-10
SusanaTRuiz,ğŸ€Susana ğŸ€ğŸ¦‹ğŸ’«,"AlcalÃ¡ de Henares, Madrid ",2020-11-10
perezmegias12,Jose Antonio,"Jumilla, EspaÃ±a",2020-11-10
EsperonAlonso,Roberto Esperon Alonso,,2020-11-10
CajarDeCampo,ğŸ”»Cajardecampo,OjalÃ¡ en la cama,2020-11-10
VelamDahlstrom,Velam DahlstrÃ¶m,Sverige ğŸ‡¸ğŸ‡ª / Madrid ğŸ‡ªğŸ‡¸,2020-11-10
RicaGalletiita,GalletağŸ’,,2020-11-10
ElMagoBlancoLRR,El Mago Blanco,Madrid/EspaÃ±a,2020-11-10
LadyBlinders,Lady Blinders,,2020-11-10
fdezj_jose88,ğŸ’¥Jose FernÃ¡ndezğŸ’¥,,2020-11-10
JP199213,SF_1992I_IGN,,2020-11-10
IvanMaroto07,IvÃ¡n Maroto Montoroâ„ï¸â›„ğŸ„ğŸš¬,,2020-11-10
FloresFemFut,FloresFUTFEM,,2020-11-10
bictris,Beatriz Aguilera,Wentworth Correctional Centre,2020-11-10
RealmadridTacon,RealMadrid_Tacon,,2020-11-10
Alcivar1Carlos,Albert zz ğŸƒ,,2020-11-10
Rafa_C_G_E,Rafa GÃ¡lvez Entrena,MontefrÃ­o(Granada),2020-11-10
GradaRMCFOfi,Real Madrid C.F.,EspaÃ±a,2020-11-10
verofc13,Verofc13,,2020-11-10
_RWCastillo,Dolorismo. \W/.,Westworld. ,2020-11-10
andiaz54hotmai1,Monarquia y libertad,,2020-11-10
drunkjaguar,Alessandra,,2020-11-10
CarlaSuAr96,Carla SuÃ¡rez Armas,,2020-11-10
mikiya82,MIKIYA......ğŸ‡³ğŸ‡¬,"Kano, Nigeria ğŸ‡³ğŸ‡¬",2020-11-10
Yousny1,Yousny â™“,,2020-11-10
HuuThan51119176,Huu Thanh,Laos,2020-11-10
roguaza,verÃ³nica,Gijon (Asturias),2020-11-10
ROGiwa,GIWA.S.A,"Lagos Island,LAGOS. ",2020-11-10
SamuD95,SamuD,,2020-11-10
guimsle,Guim's ğŸğŸ¦,"ThÃ©ding, Moselle",2020-11-10
jompyss,juamp,,2020-11-10
ArthurMorganRap,Tacitus Kilgore,South Africa,2020-11-10
nbivan,Happy Luka,Santiago Bernabeu,2020-11-10
MIR14MD,Miriam ğŸ‡®ğŸ‡¨,Gran Canaria como Misa,2020-11-10
duress83,Alvaro,logroÃ±o,2020-11-10
kikeabrilruiz13,Soldado de AsllaniğŸ‘‘ğŸ‡¸ğŸ‡ªâš½,Estadio Benito VillamarÃ­n âš½,2020-11-10
goalkeapper,tony martinez diaz,barcelona,2020-11-10
1hdQFXfAuhVcEjl,ĞĞ»Ğ»Ğ°,,2020-11-10
josuefelipe_ffc,JosuÃ© 32/47 ğŸ‡­ğŸ‡º,NilÃ³polis // RJ ,2020-11-10
Antonio29Garcia,AG ğŸ‡ªğŸ‡¦ ğŸŒ¹,"AlcorcÃ³n, Comunidad de Madrid",2020-11-10
lee_rko,Larissa ğŸŒªï¸,Brasil,2020-11-10
sabeer_z,Mr Sab,"Abuja, Nigeria",2020-11-10
ACaseroM,Antonio M. Casero,EspaÃ±a,2020-11-10
albertoarregui_,Alberto ğŸ,"Zaragoza, EspaÃ±a ğŸ‡ªğŸ‡¸",2020-11-10
barbra21_,BÃ¡rbara Teruel ğŸ¦•,"Ceuta, EspaÃ±a",2020-11-10
Sara_NotLance,ãƒŸâ˜† Santana_VillanelleğŸ³â€ğŸŒˆ,"Galicia, EspaÃ±a",2020-11-10
artere01,ğŸ´â€â˜ ï¸,Dans ton cul,2020-11-10
Neymarmed10,ğ™‰ğ™€ğ™”ğ™‰ğ™€ğ™” ğ™…ğ™ Â³â´ ğŸ‡¸ğŸ‡³â˜„,"Neyland ğŸ¤, SÃ©nÃ©gal â¤",2020-11-10
cristianossbae,hati,,2020-11-10
CL_futfem,Carmen,,2020-11-10
roobxs,// A5 SPOILER,.brasil,2020-11-10
aripov_sarvar,Aripov Sarvar ğŸ‡ºğŸ‡¿ğŸ‡ºğŸ‡¿ğŸ‡ºğŸ‡¿,Uzbekistan ğŸ‡ºğŸ‡¿,2020-11-10
Aida10044055,Aida,,2020-11-10
javisnok,Javi Herrero,,2020-11-10
CangurSedicios,CangurSediciÃ³sğŸ”»ğŸ¦˜ ANTIFA,"||â˜…|| Barcelona, Catalunya â˜­ â˜…",2020-11-10
RegatenFemenino,Regate en Femenino,,2020-11-10
helen7RM,Siempre Real 3ï¸âƒ£4ï¸âƒ£ğŸ†,EspaÃ±a,2020-11-10
bbelliido,AIDAğŸ¤¡ğŸ³â€ğŸŒˆ,"Barcelona, EspaÃ±a",2020-11-10
madridreigns,R.,,2020-11-10
JaviOrtega80,Javier Ortega,,2020-11-10
realmadridfem,Real Madrid C.F.,Ciudad Real Madrid,2020-11-10
pamya13,Pranav Chaughule,"Nashik, India",2020-11-10
ashimtajan172,Shad0w,"Rio de Janeiro, Brazil",2020-11-10
VanNinh74943287,Van Ninh,japan,2020-11-10
NowgoalScore,Nowgoal Livescore,,2020-11-10
UpperGwladysBlu,UpperGwladysBlue,,2020-11-10
TheHames,Amy,"Oudergem, BelgiÃ«",2020-11-10
Kaly53937991,Kaly,,2020-11-10
AhmedLotfii,Ahmed,,2020-11-10
OmniFoot,á´á´É´ÉªÒ“á´á´á´›,"Cairo, Egypt",2020-11-10
alberto04965519,alberto21,,2020-11-10
_marwa_marwa,ğŸ¦„ğŸŒ¸,DisneylandğŸ‰,2020-11-10
dadakinbiyi,DADAkinbiyi,Nigeria,2020-11-10
AlanMarch1981,Alan March,Bulgaria,2020-11-10
love2day240,Love Emily,"Federal Capital Territory, Nig",2020-11-10
OnMadridista,OnMadridista,,2020-11-10
AhmedElHawary07,Ahmed El-Hawary,Egypt,2020-11-10
PSG24hours,PSG en Direct ğŸŒ,Parc des Princes,2020-11-10
LondonsFinestQU,London's Finest,,2020-11-10
Rindai__Gari,Rindai,"East London, Bloemfontein",2020-11-10
CinnamonCorazon,ğŸ–¤corazÃ³n de cinnamon ğŸ´,ğŸŒ‘on the horizonğŸŒ‘,2020-11-10
SempreIntercom,SempreInter,Worldwide,2020-11-10
Remogaming,Remo Gaming,,2020-11-10
JuanGom83535285,Juan Gomez,,2020-11-10
RAYDERGRANADA,Ranita Republikana,Granada,2020-11-10
FM_Twittah,Football Memories,Italia,2020-11-10
tg_weston,Weston Technology Group,"Weston, FL",2020-11-10
futbol_supremo,Futbol Supremo,Estados Unidos,2020-11-10
Axeeeeeell,Piranha,"Twitterland, Madrid",2020-11-10
LiamNee,Liam Nee,"Stamford, Conn.",2020-11-10
lovetennis_com,Love Tennis,United Kingdom,2020-11-10
Salamone1993,Vincenzo Salamone,,2020-11-10
punkcr,Jayshindra,,2020-11-10
kalensc,Antifarian Uprising (now in IMAX),MontrÃ©al,2020-11-10
ibrahimlazza_,Gully boy,"Lagos, Nigeria ",2020-11-10
SaaD10MohameD10,Saad mohamed,,2020-11-10
DBlanco118,madridnnews,,2020-11-10
7occam,Hossam â­ğŸ¦Œ,"El Qaliobia, Egypt",2020-11-10
akiselyk_19,Andrey,"London, England",2020-11-10
TheOnlyTaps,Tapiwa Winston Muza,Zidane's basement,2020-11-10
AndreSICHT,Andre SICHT,"Grindelwald, Bern",2020-11-10
DiegoLorijn,Diego Lorijn,"Barcelona, Spain",2020-11-10
dan_bu,Daniel Busch,Hamburg,2020-11-10
TMusa_news,Transfermarkt.us,Concacaf,2020-11-10
omar8ashour,Omar,Baltim | 6th of October ,2020-11-10
TMuk_news,Transfermarkt.co.uk,,2020-11-10
notfawzyrm4,Fawzy,,2020-11-10
notfawzyrm4,Fawzy,,2020-11-10
IndicudTx,indicud,Private ,2020-11-10
AhmedEnien,Abo El-Enien,Ù…Ø¯Ø±ÙŠØ¯ Ø§Ù„Ø¯ÙˆØ± Ø§Ù„ØªØ§Ù†ÙŠ,2020-11-10
rmadridism,rmadridism,,2020-11-10
10Kidaman,Kidaman Adrian,"Nairobi, Kenya ",2020-11-10
OnMadridista,OnMadridista,,2020-11-10
OnMadridista,OnMadridista,,2020-11-10
Central4Madrid,Real Madrid Central,NYC,2020-11-10
man_ball7,ManBall,,2020-11-10
witty_futty,Witty Futty,,2020-11-10
wittyfutty,WittyFuttyâš½ï¸,,2020-11-10
Livfooty1,Livfooty,,2020-11-10
champion_footy,ChampionFooty,,2020-11-10
temmi77karmal,temmikarmal,jakarta indonesia ,2020-11-10
OnMadridista,OnMadridista,,2020-11-10
philcolli72,Phillip Columbine,"Salford, England",2020-11-10
HeadlineFutbol,Headline Football,,2020-11-10
MOH_K0N,M O H K O N,"Erbil, Kurdistan - Iraq",2020-11-10
sorianoaaron,Aaron Soriano,MÃ©xico,2020-11-10
Trogl22,Ø§Ù„ØµÙŠÙ‘ÙØ§Ø¯,,2020-11-10
ViperTassriAFC,PRINâŒE,Singapore,2020-11-10
RawanDaqqah,Rawan Mousa,UAE,2020-11-10
RawanDaqqah,Rawan Mousa,UAE,2020-11-10
mdfmerchandise,mdfmerchandise,"Belleville, NJ",2020-11-10
zuhumomar,Zuhum Omar,"Nairobi, Kenya",2020-11-10
mdfmerchandise,mdfmerchandise,"Belleville, NJ",2020-11-10
Iraima10536749,Iraima,,2020-11-10
Iraima10536749,Iraima,,2020-11-10
Qades,ğÂ¹Â³,,2020-11-10
ahmedbuz,Buzeriba,,2020-11-10
OmarIbr24,Omar.VIP,,2020-11-10
iFantoo,Fantoo,,2020-11-10
OnMadridista,OnMadridista,,2020-11-10
OnMadridista,OnMadridista,,2020-11-10
Ninoska74122509,Ninoska,,2020-11-10
livescore,LiveScore,URL,2020-11-10
lanmai58597573,lan mai,42 Shrewsbury Road,2020-11-10
rmadridism,rmadridism,,2020-11-10
OnMadridista,OnMadridista,,2020-11-10
a7medmagdy11,Ahmed Magdy,Egypt,2020-11-10
a7medmagdy11,Ahmed Magdy,Egypt,2020-11-10
ChauThinh3,Chau Thinh,MA,2020-11-10
jerseum,JERSEUM,,2020-11-10
swagafiedkicks,Swagafied,,2020-11-10
grewiozrmcf,ana flÃ¡via,gfbpa rmcf aufc,2020-11-10
nadim5khoury,ĞĞ°Ğ´Ğ¸Ğ¼,beirut lebanon,2020-11-10
NoufAlAhmadi7,Nouf,"London, Riyadh ",2020-11-10
TurnertookaTurn,Ramesses The GreatğŸ¦…,milky way,2020-11-10
DangXuanHai7,Dang Xuan Hai,usa,2020-11-10
Alex98442562,Alex,,2020-11-10
amilnal,Be Wise .... Sanitize â„¢ğŸ”Œ,Anywhere mi deh,2020-11-10
amilnal,Be Wise .... Sanitize â„¢ğŸ”Œ,Anywhere mi deh,2020-11-10
CfDiegoaltube,Cf.diegoaltube,,2020-11-10
Meezy_Boi,JAKES,"Madina Estate, Accra, Greater",2020-11-10
Meezy_Boi,JAKES,"Madina Estate, Accra, Greater",2020-11-10
__Ahmedesam,Ahmed Essam,,2020-11-10
ticataca_,ticataca,,2020-11-10
Zs0703,.,Toronto,2020-11-10
wjx19990413,dlsmshhwxx,,2020-11-10
Champz_12,joÃ£o,,2020-11-10
7ussiiin,(ï¸¶ï¸¿ï¸¶),,2020-11-10
Stefano4118899,pÑ”Ô€Ño zÑ”Ñ”â„¢,Nevada ,2020-11-10
livescore,LiveScore,URL,2020-11-10
you_msm,MY,,2020-11-10
aldobellini13,Aldo Amore â¼,"Nairobi, Kenya",2020-11-10
Tedsyr1,Tedsyr,Kingston,2020-11-10
Tedsyr1,Tedsyr,Kingston,2020-11-10
moazmmohamed,Moazmmohamed,,2020-11-10
NO_SHYY,NOÙŠØ´,,2020-11-10
ThomasPrehn,Thomas Prehn,Copenhagen,2020-11-10
Hakeem8993,federista89,,2020-11-10
kwasiarthur6,Jordan,United States,2020-11-10
Route1futbol,RouteOneFootball,,2020-11-10
Route1futbol,RouteOneFootball,,2020-11-10
OnMadridista,OnMadridista,,2020-11-10
Mikeluvtofu,Mike,usj.senawang.madrid,2020-11-10
inbtwnthelines,In between the lines âš½,,2020-11-10
poolhump2990,Paul Humphreys,"Northampton, England",2020-11-10
PhiKhan04138067,Phi Khanh,UZ,2020-11-10
livescore,LiveScore,URL,2020-11-10
BlancoMerengues,Lord Ramos ğŸ‡¸ğŸ‡ª,Santiago Bernabeu ğŸŸï¸,2020-11-10
bala_chn,Bala,"Chennai, India",2020-11-10
pipato28,Pierre,NewYork City,2020-11-10
vily35_barca,Norbert GÃ¡l,,2020-11-10
saadunited480,Í‡ ê‘„ê‹¬ê‹¬ê‚Ÿ â¤ ê€ê“„ê‚Ÿ,baghdad.iq,2020-11-10
furher_hitler,guadalupe mendozza,nairobi kenya,2020-11-10
English_AS,AS English,"Madrid, EspaÃ±a",2020-11-10
livescore,LiveScore,URL,2020-11-10
StatisticSports,StatisticSports,,2020-11-10
castillo_yalixa,yalixa castillo,,2020-11-10
AnhTuan19110000,Anh Tuan,usa,2020-11-10
DBlanco118,madridnnews,,2020-11-10
toi_sudheendraT,Sudheendra Tripathi,,2020-11-10
_HoldMeDown,broskiii,,2020-11-10
Mahmoud96027081,Mahmoud Ahmed,,2020-11-10
lankhang5,lan khang," 30 Pasir Panjang Rd, Singapo",2020-11-10
ASTRANSPORTS,AS TRANSPORTS VIP,,2020-11-10
TrungTi41138261,Trung Tin,USA,2020-11-10
Emen256,Emen Eddie,,2020-11-10
FTBL24com,Football News,"Amsterdam, Nederland",2020-11-10
Murthyyuva_v3,ğŸ†ƒğŸ…·ğŸ…°ğŸ…»ğŸ…° ğŸ†ˆğŸ†„ğŸ†…ğŸ…°â±½áµƒË¡á¶¦áµáµƒá¶¦,"Le Pondy, France",2020-11-10
Route1futbol,RouteOneFootball,,2020-11-10
OnMadridista,OnMadridista,,2020-11-10
Cris_Spooky,â˜† Cris SpÃ´Ã´ky â˜†,ğŸ‡³ğŸ‡¿,2020-11-10
SSFazah,ZÎ±rÎ±ziÂ®,"MombÎ±sÎ±, KenyÎ±",2020-11-10
KhongMi64957876,Khong Minh,ML,2020-11-10
OnMadridista,OnMadridista,,2020-11-10
OnMadridista,OnMadridista,,2020-11-10
Route1futbol,RouteOneFootball,,2020-11-10
SaiEshwar21,Sai Eshwar,Johor Bahru,2020-11-10
TheTotallyShow,The Totally Football Show,United Kingdom,2020-11-10
StatisticSports,StatisticSports,,2020-11-10
republic_sports,R.Sport,"Mumbai, India",2020-11-10
Isaacsimmendez,I S A A C,7.2 Miles Up Looking Down,2020-11-10
Adeyemi62306626,Adeyemi Opeyemi,,2020-11-10
OnMadridista,OnMadridista,,2020-11-10
OnMadridista,OnMadridista,,2020-11-10
ParmeshSriv,Parmeshwar Srivastava,"Mumbai, India",2020-11-10
txeifas,Txeifas,,2020-11-10
VanThai78308430,Van Thai,CN,2020-11-10
mark_osifo,ï£«dbigmark2ï£«Â®,Life!!!,2020-11-10
memovi,Ã–mer KarataÅŸ,,2020-11-10
footballitalia,footballitalia,,2020-11-10
granota_edi,Hector B.M,,2020-11-10
sidiksog,sidiksog,,2020-11-10
Trijary,ĞŸÑ€Ğ¸Ñ,,2020-11-10
_mai_hula,#ashTAG,Here,2020-11-10
whitepollito,whitepollito,,2020-11-10
cristinacalgary,cristina velasco,"HuÃ©rcal de AlmerÃ­a,AlmerÃ­a.",2020-11-10
cristinacalgary,cristina velasco,"HuÃ©rcal de AlmerÃ­a,AlmerÃ­a.",2020-11-10
Zannnnnnz,Zana,"PrishtinÃ«,Kosov",2020-11-10
namgian23361182,nam giang,"#51, 40 Rhu Cross, 01, Singapo",2020-11-10
TrungNa17512765,Trung Nam,UK,2020-11-10
reggie___O,captain levi,,2020-11-10
GulaniMubarak,Mai Yobe,EastNorzan Najeria.,2020-11-10
TanLinh14488220,Tan Linh,UK,2020-11-10
VanTam93658506,Van Tam,VN,2020-11-10
ifabyss,fernanda,,2020-11-10
caughtoffside,CaughtOffside,,2020-11-10
WilsonL64713174,Wilson Liu,,2020-11-10
AnneShly,Anne Shirley,,2020-11-10
AnneShly,Anne Shirley,,2020-11-10
VanThuo43026395,Van Thuong,USA,2020-11-10
Enemalucky,Laâ€™moore,Abuja,2020-11-10
TanLinh14488220,Tan Linh,UK,2020-11-10
Ian75690179,Nyokovic,,2020-11-10
thefootyarena,The Football Arena,,2020-11-10
MadaFFC,adam.,"Brighton, England",2020-11-10
bogavantemio,Mario HernÃ¡ndez,,2020-11-10
ChiKhan70251839,Chi Khang,VN,2020-11-10
republic_sports,R.Sport,"Mumbai, India",2020-11-10
NoaRoay2,girlssssğŸ‡ªğŸ‡¦ Real MadridğŸ‡ªğŸ‡¦ girlsss,"Alcobendas, EspaÃ±a",2020-11-10
Alireza70193431,Alireza,,2020-11-10
samarac55377064,iwillwin,,2020-11-10
OnMadridista,OnMadridista,,2020-11-10
HdIm2BWIq44gkGP,ĞĞ°Ğ´ÑÑˆĞºĞ° ĞšĞ°ÑĞ°Ñ€Ğ¸Ğ½Ğ°,,2020-11-10
H6bXGfEBdOoVw89,ĞŸĞ°Ğ» Ğ’Ğ¾Ğ²ÑĞ½Ñ‹Ñ‡,,2020-11-10
OnMadridista,OnMadridista,,2020-11-10
advantage_kobby,kobby advantage,,2020-11-10
TuanAnh24994363,Tuan Anh,VN,2020-11-10
ThiHuon10105078,Thi Huong,uk,2020-11-10
SabahNisar,SabahNisar,"Calgary, Alberta",2020-11-10
Binh12896028,Binh,,2020-11-10
ProtouchFC,Protouch FC,,2020-11-10
nadim5khoury,ĞĞ°Ğ´Ğ¸Ğ¼,beirut lebanon,2020-11-10
Axeeeeeell,Piranha,"Twitterland, Madrid",2020-11-10
TrieuVa33782274,Trieu Van,Go,2020-11-10
EverveFollower,Everve Follower,,2020-11-10
vandung56312812,van dung,uk,2020-11-10
JPappachan,Joel,,2020-11-10
ChuDu26255560,Chu Du,US,2020-11-10
SnehaSh75506039,Sneha Shrestha,,2020-11-10
Tando_03,03_Xen,viLLe,2020-11-10
DeChalaca,DeChalaca,PerÃº,2020-11-10
AkinosiBenjamin,Akin,,2020-11-10
DalhatD,Prince Dazz,Kaduna.  State,2020-11-10
VanQuoc38590812,Van Quoc,VN,2020-11-10
Outlookindia,Outlook Magazine,"New Delhi, India",2020-11-10
DuyDai11,Duy Dai,CN,2020-11-10
addon08437973,addon,,2020-11-10
SyrianskyS,SyrianSky Secret,,2020-11-10
SyrianskyS,SyrianSky Secret,,2020-11-10
coffeebeforetea,à¸à¸²à¹à¸Ÿ ğŸ’•,,2020-11-10
quach_hoe,Quach Hoe,China,2020-11-10
Redwan14964472,redooo7007,,2020-11-10
FootTheBall,FootTheBall,Locker Room,2020-11-10
Zhenya095,Zhenya09,,2020-11-10
ThanhHu02530187,Thanh Hung,,2020-11-10
NgVietToan1,Ng Viet Toan,Laos,2020-11-10
RogerSolis7,Roger Solis,"San Luis PotosÃ­, MÃ©xico",2020-11-10
CaoVanLai1,Cao Van Lai,VN,2020-11-10
goalooco,GoalooMobi,Indonesia,2020-11-10
TrucLin60693405,Truc Linh,Japanese,2020-11-10
fut_ballersfc,Futballers F.C,"Chicago, IL",2020-11-10
ConorTierney1,Conor Tierney,,2020-11-10
Jose_BB1994,Jose manuel,Ecija(Sevilla),2020-11-10
9248ladecima,Aron Jasp Â³â´ ğŸ‡ºğŸ‡¸ğŸ‡µğŸ‡­,"Reno , Nevada USA",2020-11-10
antoniogeada1,AntÃ³nio Geada,,2020-11-10
antoniogeada1,AntÃ³nio Geada,,2020-11-10
wilmerjm1,wilmer jose maita,"Anaco, AnzoÃ¡tegui",2020-11-10
Meldo_10,Meldo,EsËˆtaÃ°jo SanËˆtjaÉ£o Î²ernaËˆÎ²eu,2020-11-10
spacexmckitty,#StandwithRose #believesurvivors #SpookyMulder,Mordor where the shadows lie,2020-11-10
Lanci8,Lanci,,2020-11-10
adil_salim,Muhammad Adil Salim,"Davis, California",2020-11-10
carlosmformoso,carlos formoso,,2020-11-10
malditotwiter1,opositor,,2020-11-10
MalaysiaRawang,MALAYSIA THALAPATHY FANS CLUB #RAWANG,"Rawang, Selangor",2020-11-10
Nadalchukwu,#GirlDad 13.20.100,Estadio Santiago Bernabeu,2020-11-10
Dhestiny_K,Dhestiny_Klassics Â®,"Tema, Ghana",2020-11-10
angelina_csc,Angelina Adinami,"Victoria Island, Nigeria",2020-11-10
LuBo68826885,Lu Bo,US,2020-11-10
JoelAdedayo1,Joel Adedayo,,2020-11-10
samdave44124915,sam dave,,2020-11-10
Raheelovic,Raheel,ğŸŒŠ,2020-11-10
AduakaJ,CryptoKINGğŸ¤´,,2020-11-10
enanzamil,Ø¹ÙÙ†Ø¢Ù†,"Madrid, Spain",2020-11-10
mubarak_dfon,RealMadrid champions,"Kaduna, Nigeria",2020-11-10
javipulguy,Javi pulguy,"Madrid, Comunidad de Madrid",2020-11-10
robles_galiano,angel Galiano Robles,"aranjuez, madrid",2020-11-10
davutovic,David Davutovic,Melbourne,2020-11-10
Serran0q,Daniel Serrano,Ecuador,2020-11-10
LTrevill,Luke Trevill,,2020-11-10
AnaMatnadze,Ana Matnadze,"Barcelona, Spain",2020-11-10
AnaMatnadze,Ana Matnadze,"Barcelona, Spain",2020-11-10
MarkyTwainy,Marky Twainy,,2020-11-10
chetty_keenan,King-I-Am,,2020-11-10
AjedrezesVida,AndrÃ©s Llanas,Madrid,2020-11-10
OmniFoot,á´á´É´ÉªÒ“á´á´á´›,"Cairo, Egypt",2020-11-10
Escanorofseven,#endsars #endpolicebrutalitynow,United Kingdom,2020-11-10
JRC_Sr_008,JonathanC Sr. 008ğŸ‡¨ğŸ‡¦,"British Columbia, CanadağŸ‡¨ğŸ‡¦ğŸ’",2020-11-10
jeff61292379,jeff,,2020-11-10
law_peters,Law of the JungleğŸ,Nigeria,2020-11-10
DaniVegaNFL,Dani,London ,2020-11-10
ThePrinceMaba,Cliff Wang,,2020-11-10
OnMadridista,OnMadridista,,2020-11-10
che_enMadrid,ğŸ¦‡Che en MadridğŸ¦‡,"Madrid, Comunidad de Madrid",2020-11-10
jaysundj,JAYSUN,London,2020-11-10
4wordfootballer,4wordfootballer,,2020-11-10
AlePanfil,Alejandro Panfil,Buenos Aires,2020-11-10
DailyMadridcom,Daily Madrid,"Madrid, Spain.",2020-11-10
VjWsbaJIilYufgE,ĞĞºÑĞ°Ğ½Ğ°,,2020-11-10
TomzyTube,TomzyTube,,2020-11-10
Arash46113243,Arash,,2020-11-10
DailyMadridcom,Daily Madrid,"Madrid, Spain.",2020-11-10
Axeeeeeell,Piranha,"Twitterland, Madrid",2020-11-10
HeadlineFutbol,Headline Football,,2020-11-10
parisinisto,â˜† Diario Parisino â˜†,"Paris, France",2020-11-10
Ta_Ammo,AmoğŸ’¦,"Pretoria, South Africa",2020-11-10
Dope_Akeem,Shoyemi Adediran Akeem,WorldWide...,2020-11-10
Dope_Akeem,Shoyemi Adediran Akeem,WorldWide...,2020-11-10
Dope_Akeem,Shoyemi Adediran Akeem,WorldWide...,2020-11-10
Arkadas_manc,Arka,untraceable,2020-11-10
THFCben02,thfc_ben,,2020-11-10
Jibrizzle,Wiilwaal,"Hartford, CT",2020-11-10
martin54705866,martin,Manchester united ,2020-11-10
MGoatford,Goatnaldo,"Manchester, United Kingdom",2020-11-10
OnMadridista,OnMadridista,,2020-11-10
DerAustor,Austor - FIFA Prediction & More ğŸ…™,Instagram: austor_official,2020-11-10
ShujaUNK,Shuja,"Noida, India",2020-11-10
Celery1979,Cel O'Callaghan,,2020-11-10
AS7_Thfc,MourhinotheG.O.A.T(old account got suspended,,2020-11-10
goatchesterutd,ğŸ“ ğŸš«ğŸ§¢,,2020-11-10
4Pulisicszn,PulisicSZN#4,"London, England",2020-11-10
muizzkadjee2,Wuizz,"Johannesburg, South Africa",2020-11-10
arifrobin,arif robin,,2020-11-10
TheBoatAshore,à·†É¨ğ˜ŠĞ¶ğŒ€ğ¢Ğ» ÑâŠ•ê—Ÿá•¦ ğŸŒ±â“‹ â­ğŸŒ³â­,"Nottingham, Europe",2020-11-10
sport_spy,SpySportAgent,Spain,2020-11-10
Perscotta,perscotta-#FBPE-ğŸ•·ï¸#BlackLivesMatter,,2020-11-10
ahmed_babulpegu,wtf,"Quintana Roo, MÃ©xico",2020-11-10
PSG24hours,PSG en Direct ğŸŒ,Parc des Princes,2020-11-10
Ellieflower12,Mrs BrownğŸŒ¹â¤ğŸŒ»,"London, England",2020-11-10
Leillo_Camargo,LeeyCamarguinhoâ™¨ï¸,RepÃºblica de MoÃ§ambique,2020-11-10
schiller1806,SchillerClara1806 ğŸ‡ªğŸ‡ºğŸ‡©ğŸ‡ªğŸ‡¬ğŸ‡§,,2020-11-10
cj7pink777,Chadwick J,"Durban, South Africa #031",2020-11-10
FootyKitMarket,Football Kit Market,"Nottingham, England",2020-11-10
Ahito28095407,Ahito,,2020-11-10
JayKitch11,J KitchğŸ,Crazy Town,2020-11-10
MadridChoudhary,Real Madrid Choudhary,"Community of Madrid, Spain",2020-11-10
exsecularlover,ğŸš© arnab is back ğŸš©,à¤†à¤°à¥à¤¯à¤¾à¤µà¤°à¥à¤¤ ğŸš©à¤¹à¤¿à¤‚à¤¦à¥‚à¤°à¤¾à¤·à¥à¤Ÿà¥à¤° ,2020-11-10
OnMadridista,OnMadridista,,2020-11-10
Route1futbol,RouteOneFootball,,2020-11-10
TheFullTimePod1,The Full Time Podcast,,2020-11-10
_fplhacks,FPL Hacks,,2020-11-10
sportsultima,sportsultima.com,UNITED KINGDOM,2020-11-10
OnMadridista,OnMadridista,,2020-11-10
capitanjack,ALBERTO SANCHEZ,BOGOTA,2020-11-10
AdothuVenkat,Venkat Adothu,miryalaguda,2020-11-10
Hammadfootball,Hammad,,2020-11-10
Leigh984,Leigh Spencer,"Leicester, England",2020-11-10
zhd4850,zahid ali,Lahore Pakistan ,2020-11-10
Leofcbn,Aj,Campnou,2020-11-10
Route1futbol,RouteOneFootball,,2020-11-10
Route1futbol,RouteOneFootball,,2020-11-10
dikembemutumbo4,dikembe mutumbo,,2020-11-10
MukeshKPS,ğŸ‡®ğŸ‡³MUKESH PRAJAPATğŸ‡®ğŸ‡³,"Jalore, Rajasthan (INDIA)",2020-11-10
AnneShly,Anne Shirley,,2020-11-10
LMCTLabour,L M C T ğŸŒ¹ğŸ“ˆ,"South Thanet, Kent",2020-11-10
Meemanohar23,MANOHAR23,"palanadu Andhra Pradesh, India",2020-11-10
vodionline,Volker Didzun,Am Rand des MÃ¼nsterlandes,2020-11-10
AzrOrganization,AZR Organization,,2020-11-10
47Indu,Indu_Dhfm,"Warangal, India",2020-11-10
AditPutraH,Adhitya Putra,Bekasi sebelah timur,2020-11-10
Dhfm06735766,Aravind Reddy,"Cuddapah, India",2020-11-10
Route1futbol,RouteOneFootball,,2020-11-10
sarathkumar64,Sarath kumar,Bengaluru,2020-11-10
SevdaShripal,Shripal Sevda ShriğŸ‡®ğŸ‡³,Rajasthani,2020-11-10
FootTheBall,FootTheBall,Locker Room,2020-11-10
Sempiterno87,â³,Galway ,2020-11-10
Sestop1Gennadij,Gennadij Shestopalov,,2020-11-10
Zhenya095,Zhenya09,,2020-11-10
POKEROM_ru,Andrei Volkov,,2020-11-10
rebel_crimson,Crimson Rebel,,2020-11-10
betcornernews,betcornernews,Î•Î»Î»Î¬Ï‚,2020-11-10
chrisalucard,Christos Harpidis,"Î’Î¿ÏÎ»Î±, Î•Î»Î»Î¬Ï‚",2020-11-10
OnMadridista,OnMadridista,,2020-11-10
deadsh0tt17,Sheikh Noor,"Raipur, India",2020-11-10
aheathsmith95,Adam Heath-Smith,,2020-11-10
dikembemutumbo4,dikembe mutumbo,,2020-11-10
CookeDavin,Davin Cooke,,2020-11-10
22bet_official,22BET,,2020-11-10
Fronkonsteen77,Fronkonsteen77,World Wide Web,2020-11-10
mzormann,Marcelo Zormann ğŸ¾,,2020-11-10
d1j1m1,David Morris,"Manchester, UK",2020-11-10
DanMitch789,Dan,"Chester, England",2020-11-10
MythBreaker99,Arpit Menaria,"Udaipur, India",2020-11-10
ThePrinceMaba,Cliff Wang,,2020-11-10
KyroSports,Kyro Sports,"New Delhi, India",2020-11-10
VivoEffe,FabiÃ¡n,"Madrid, Spain",2020-11-10
vcfnigeria,vcfğŸ‡³ğŸ‡¬,,2020-11-10
Alex98442562,Alex,,2020-11-10
authoraspirant7,Varunâ€™s Outlook,,2020-11-10
dikembemutumbo4,dikembe mutumbo,,2020-11-10
AnneShly,Anne Shirley,,2020-11-10
EverveTravel,everve_travel,,2020-11-10
NjiBetrand,Nji Betrand,,2020-11-10
PSG24hours,PSG en Direct ğŸŒ,Parc des Princes,2020-11-10
_sergiotun,The PlumberBoy âš’â›ğŸ› ğŸ’ªğŸ¿,"Ibadan, Nigeria",2020-11-10
_sergiotun,The PlumberBoy âš’â›ğŸ› ğŸ’ªğŸ¿,"Ibadan, Nigeria",2020-11-10
FutJunky,FutJunky,,2020-11-10
AzrOrganization,AZR Organization,,2020-11-10
bogavantemio,Mario HernÃ¡ndez,,2020-11-10
4EyedLiwa_,The NoahLiwağŸ“ğŸŒ»,Ma ville natale.,2020-11-10
sam4wigan,Samuel Ahmadu,"Abuja, Nigeria",2020-11-10
visilfer99,VISILFER.99,,2020-11-10
GMhanie,GMHANIE â ğŸ˜ˆ,,2020-11-10
cristinacalgary,cristina velasco,"HuÃ©rcal de AlmerÃ­a,AlmerÃ­a.",2020-11-10
cristinacalgary,cristina velasco,"HuÃ©rcal de AlmerÃ­a,AlmerÃ­a.",2020-11-10
ericwirianata,Eric Wirianata,Jakarta,2020-11-10
aGuyWhoDub,Ujjwal Parwal,"Mumbai, India",2020-11-10
FootyKitMarket,Football Kit Market,"Nottingham, England",2020-11-10
SyrianskyS,SyrianSky Secret,,2020-11-10
oYtnk4zocaVMqV0,Ğ›ĞµĞ¾Ğ½Ğ¸Ğ´ Ğ•Ğ³Ğ¾Ñ€Ğ¾Ğ²,,2020-11-10
News18Sports,News18 Sports,India,2020-11-10
arsenalmad37,arsenalmad79Reloaded,,2020-11-10
URRACO1982,Jo',,2020-11-10
UllalIBT,Naveen Ullal,,2020-11-10
CookeDavin,Davin Cooke,,2020-11-10
LoNo7777,SH,Planet Earth,2020-11-10
amrish_mehrotra,amrish mehrotra,Delhi,2020-11-10
Maamitalks,MSaraswathy,Mumbai,2020-11-10
rohitkumarnd9,Rohit agarwal,"West Bengal, India",2020-11-10
Stefano4118899,pÑ”Ô€Ño zÑ”Ñ”â„¢,Nevada ,2020-11-10
livescore,LiveScore,URL,2020-11-10
matty_vanpersie,Matteo Andreani,"Osimo, Italy",2020-11-10
Babanasidi01,Abdulkadir Nasidi,"Abuja, Nigeria. ",2020-11-10
ben_caro_,b.en,Å‚imbÃ¸,2020-11-10
CareyNicholas,Nicholas Carey,"Shoreham-by-Sea, England",2020-11-10
RAH_0306,â¤ God bless everyone ğŸ™,,2020-11-10
BigMuscleTHill1,T.Muscle1ï¸âƒ£,onomah ,2020-11-10
OnMadridista,OnMadridista,,2020-11-10
exboyscatter,BUA,Kano,2020-11-10
secravencottage,sean,,2020-11-10
SensurroundSod,MontenegroFFC,"Bar, Montenegro",2020-11-10
ThePrinceMaba,Cliff Wang,,2020-11-10
IndieDevDog,ğŸ• IndieDevDog ğŸ•,,2020-11-10
LatifBangash19,Latif Bangash,"Islamabad, Pakistan",2020-11-10
ce_carroi_,CE Carroi,Andorra ,2020-11-10
ImZEU5,ZEUS,,2020-11-10
MohdSha55659925,Mohd Shadab,"Bareilly, India",2020-11-10
Semedeton2,SemedetonğŸ’«ğŸ’«ğŸ’¡ğŸ’¡... #Ã³mÃ³ iya Ã©lÃ©jÃ ,"Badagry, Nigeria",2020-11-10
sadique_jamil,SadJ,"Bengaluru, India",2020-11-10
socceroliz,Socceroliz,,2020-11-10
followbb1,BB,Undisclosed ,2020-11-10
GamesBoner,Games Boner,,2020-11-10