Rootz_TV,Grassroots Football TV,"London, England",2020-11-30
NICHOLASKARTHU1,Dhatbwoyblinkx Jnr,"Accra, Ghana",2020-11-30
JoshuaPinnell1,JoshuaPinnell,,2020-11-30
Shoppingforgift,Shopping For A Gift,Essex UK,2020-11-30
Nigeriafirstson,AmazingGrace,,2020-11-30
Nigeriafirstson,AmazingGrace,,2020-11-30
LesterThorpe,and Lester !,Croydon / London,2020-11-30
kellymcelhinney,Kelly McElhinney,United Kingdom,2020-11-30
kennkenn017,Easy Mary ğŸ¥°ğŸ’‹,,2020-11-30
skinyai,STEVE KINYAI,Nairobi Kenya,2020-11-30
Signables1,Signables,,2020-11-30
Chelsea11513986,Chelsea Forever,,2020-11-30
GamebredTuRner,Hanzo HasashiğŸ˜ˆ,"Kentucky, USA",2020-11-30
AbsoluteChelsea,Absolute Chelsea,,2020-11-30
AbsoluteChelsea,Absolute Chelsea,,2020-11-30
AbsoluteChelsea,Absolute Chelsea,,2020-11-30
RufaiIsmailtob2,Plenipotentiary,,2020-11-30
Sully_UTC,Craig O' Sullivan,"Bolton, England",2020-11-30
odalis888,odalis martinez,,2020-11-30
odalis888,odalis martinez,,2020-11-30
PrRupertsTower,Prince Ruperts Tower,Liverpool,2020-11-30
Patrici04278024,Patricia,"Lincoln, NE",2020-11-30
Sully_UTC,Craig O' Sullivan,"Bolton, England",2020-11-30
Sully_UTC,Craig O' Sullivan,"Bolton, England",2020-11-30
NeverAFoul,Never A Foul Podcast âš½ï¸,United Kingdom,2020-11-30
UncleAde1,Uncle Ade,Abuja,2020-11-30
truekaa,KAA (CFCğŸ’™),,2020-11-30
UncleAde1,Uncle Ade,Abuja,2020-11-30
1403rajiv,Rajiv,"Hillingdon, London",2020-11-30
Geo_marx1,George_o,"South East,Nigeria",2020-11-30
armish_butt,King Kai ğŸ‘‘,,2020-11-30
DeCastido2131,Alfredo Decastido 2131#TIME EP,,2020-11-30
Sully_UTC,Craig O' Sullivan,"Bolton, England",2020-11-30
AbsoluteChelsea,Absolute Chelsea,,2020-11-30
CFCChronicle,Chelsea Chronicle,"London, England",2020-11-30
Sully_UTC,Craig O' Sullivan,"Bolton, England",2020-11-30
AY_worldwide,AY..,,2020-11-30
james_AKE,Billy Goatmour,Here and There,2020-11-30
DeOmarre,Deomarre writes # ENDSARS,In my own world,2020-11-30
SSjovall,Sampe,,2020-11-30
edwin9_hope,One Reason,somewhere dangerous,2020-11-30
AjiboyeYemi8,Yemi Ajiboye,"Ado Ekiti, Nigeria",2020-11-30
0xHicham,HICHAM âš¡,ğŸŒğŸŒğŸŒğŸŒ™ğŸŒ•,2020-11-30
FootyKeyrings,SD,,2020-11-30
Leon_zeeee,pÑ”Ô€Ño zÑ”Ñ”â„¢,Nevada ,2020-11-30
DeCastido2131,Alfredo Decastido 2131#TIME EP,,2020-11-30
AbsoluteChelsea,Absolute Chelsea,,2020-11-30
PastorDavidSnr,Rev David MugadziğŸ‡¿ğŸ‡¼,Zimbabwe,2020-11-30
Leon_zeeee,pÑ”Ô€Ño zÑ”Ñ”â„¢,Nevada ,2020-11-30
AbsoluteChelsea,Absolute Chelsea,,2020-11-30
ChelseaPuzzles,ChelseaPuzzles,SW6 1HS,2020-11-30
iamayonimous,Ayonimous Taiwo,Who needs labels?,2020-11-30
FootyZoneNet,FootyZone.net,,2020-11-30
ChelseaChadder,Chad,"MHL, Gate 9",2020-11-30
theAsianBlue,The Asian Blue ğŸ’™,Opinions Are My Own,2020-11-30
SeventeePounds,Shatta Yeete Nsem,,2020-11-30
lovemyMatherAn1,ğŸ‡®ğŸ‡¹ğŸ‡¸ğŸ‡¦ğŸ¤²ğŸ’•God bless youğŸ’›â¤ï¸ğŸ´ğŸ—¡ï¸ğŸ¹âš”ï¸ğŸ›¡ï¸ ğŸ†23ğŸ”´âš«,Italy,2020-11-30
FergieTimeP0d,The Fergie Time Podcast,"California, USA",2020-11-30
ChelseaPuzzles,ChelseaPuzzles,SW6 1HS,2020-11-30
johncoumbe,John Coumbe,Oxfordshire,2020-11-30
illitr8,Ige,Nigeria,2020-11-30
JwinxChanki,Jwinx Chanki,,2020-11-30
AbsoluteChelsea,Absolute Chelsea,,2020-11-30
Anthony46724367,Anthony Gabriel,Nigeria ,2020-11-30
sircarson3,sir. carson,NAIROBI,2020-11-30
sircarson3,sir. carson,NAIROBI,2020-11-30
AzukaPhrank,ğŸ¤“AzukağŸ’°PhrankğŸ–¤,Somewhere around the World ğŸ—º ,2020-11-30
TheChelseaSpot,The Chelsea Spot,Stamford Bridge,2020-11-30
TheKitmanUK,TheKitman.co.uk,"Bristol, England",2020-11-30
2kull4real00,Ahj mallam,"Sokoto, Nigeria",2020-11-30
ViziFootball,Vizi Football,,2020-11-30
ShalomCreatives,Osborn Tim.,"Ile-Ife, Nigeria",2020-11-30
Ifeoluwa_duth,Ifeoluwa,Nigeria,2020-11-30
nuprojects_,#Nu Projects,West London,2020-11-30
EIfeosame,Big Manny ğŸ‡³ğŸ‡¬,With the Mandem,2020-11-30
kaosarah26,RemzyğŸ’™,"Ilorin, Nigeria",2020-11-30
PeteyWo,PhÃ¡t Há»“,Vietnam,2020-11-30
Doald12,Doald,,2020-11-30
Pogo_pogiba,The Guy,,2020-11-30
BorlaBird2,Borla Bird,,2020-11-30
BelloAjibola_09,Bello Ajibola,Lagos,2020-11-30
rodgers0dhiambo,ğŸ‡°ğŸ‡ªRODGERS ODHIAMBOğŸ‡°ğŸ‡ª,KENYA,2020-11-30
Nottocini,Nottocini,The Country of the Blind,2020-11-30
FootyKeyrings,SD,,2020-11-30
Hills_Diaries,Geoffrey Hills ğŸ‘‘ğŸ‡³ğŸ‡¬ğŸ‡¨ğŸ‡¦ğŸ‡ºğŸ‡¸ğŸ´ó §ó ¢ó ¥ó ®ó §ó ¿ğŸ‡¬ğŸ‡§ğŸ,Somewhere around the world,2020-11-30
AtTheBridgePod,At The Bridge Pod: A Chelsea FC Podcast,United Kingdom,2020-11-30
PlumbingChelsea,Chelsea Plumbing Co,"London, England",2020-11-30
Toni_CFC,ToNi AteF,Zagazig,2020-11-30
danthevillian,Baby-Faced Assassin ğŸ¦,,2020-11-30
samlamar13,sam lamar,,2020-11-30
theAsianBlue,The Asian Blue ğŸ’™,Opinions Are My Own,2020-11-30
theAsianBlue,The Asian Blue ğŸ’™,Opinions Are My Own,2020-11-30
smpope500,Stewart Pope,"Lenham, England",2020-11-30
Deininger_LWOS,Robert H. Deininger,,2020-11-30
hzqdaizuke9,chromechip,"Kuala Terengganu, Terengganu",2020-11-30
TheKFCKezman,Jordan,Strolling Down The Fulham Road,2020-11-30
gob3nyame,GOB3 NYAMÃ‰ğŸ‡¬ğŸ‡­ğŸ˜,Lifeâ€™s GOODğŸ¥‚,2020-11-30
Hills_Diaries,Geoffrey Hills ğŸ‘‘ğŸ‡³ğŸ‡¬ğŸ‡¨ğŸ‡¦ğŸ‡ºğŸ‡¸ğŸ´ó §ó ¢ó ¥ó ®ó §ó ¿ğŸ‡¬ğŸ‡§ğŸ,Somewhere around the world,2020-11-30
RobbieK65981239,Robbie King,,2020-11-30
danthevillian,Baby-Faced Assassin ğŸ¦,,2020-11-30
ridwan_olarinde,Olarinde RIDWAN,,2020-11-30
8Manane,manane_8,,2020-11-30
PabloGh2,Pablo Aimar,"Kumasi, Ghana",2020-11-30
KonigSportswear,KÃ–NIG SPORTSWEAR,United Kingdom,2020-11-30
kofiwusudedon11,John Owusu,,2020-11-30
dagezthewind,chasing thewind,yishun,2020-11-30
dagezthewind,chasing thewind,yishun,2020-11-30
dagezthewind,chasing thewind,yishun,2020-11-30
David_oloimutie,David Oloimutie Kunumpe Soiyantet ğŸ‡°ğŸ‡ª,Kenya,2020-11-30
Khalifayaliam,Khalifa Yaliam,,2020-11-30
De_Amplex_City,KELVIN AMPLEXğŸ¤“,"Stamford Bridge, England",2020-11-30
otee_smlz,NIGERIA BLEEDS #ENDSARS,StonevilleğŸŒ¿ğŸ” ğŸŒ¿,2020-11-30
GlensChels,Marcos,,2020-11-30
ChelseaPuzzles,ChelseaPuzzles,SW6 1HS,2020-11-30
rebeccawalshol2,rebecca ğŸ’™ğŸ’™ğŸ’™ğŸ’™ ğŸ„ğŸ„,"Mayo, Ireland",2020-11-30
msofe_classic,Chanwenwe_ğŸ‡¹ğŸ‡¿,Tanzania,2020-11-30
GameWeek_banter,BDE FC,Not Too Sure Myself :) ,2020-11-30
CFCChronicle,Chelsea Chronicle,"London, England",2020-11-30
NenyeChelsea,BLUEBERRYğŸ’™,Elm Street ,2020-11-30
FootyKeyrings,SD,,2020-11-30
theAsianBlue,The Asian Blue ğŸ’™,Opinions Are My Own,2020-11-30
footballmemorys,Football Memories,Football pics from the past,2020-11-30
Coded76,DOMSONâ˜,,2020-11-30
shane16dav,Shane Davoren,,2020-11-30
ChelseaChadder,Chad,"MHL, Gate 9",2020-11-30
LilyEnglandUK1,ğŸ´ó §ó ¢ó ¥ó ®ó §ó ¿ WTO Brexit â¤ï¸ Trump ğŸ‡ºğŸ‡¸ #KBF,"Little Venice, Westminster",2020-11-30
ColbyGreenCfc,Colby CFC Green,"England, United Kingdom",2020-11-30
StevenRisley2,STEVENCFC,"Cobham, South East",2020-11-30
ColbyGreenCfc,Colby CFC Green,"England, United Kingdom",2020-11-30
ColbyGreenCfc,Colby CFC Green,"England, United Kingdom",2020-11-30
ColbyGreenCfc,Colby CFC Green,"England, United Kingdom",2020-11-30
owusugideon36,Thegoodnewsman,"Kumasi, Ghana",2020-11-30
iam_mevin,Imagine dragons,Nairobi,2020-11-30
core_chelsea,Chelsea Core,,2020-11-30
BNWLKNS,WLKNS,"Birmingham, UK",2020-11-30
LFCryanryan,Ryan,,2020-11-30
ntrosrks,kanami,Advanced Warfare,2020-11-30
ntrosrks,kanami,Advanced Warfare,2020-11-30
ntrosrks,kanami,Advanced Warfare,2020-11-30
CFCChronicle,Chelsea Chronicle,"London, England",2020-11-30
LookUs_JNR,Tshi-Amo Molefe,Pretoria & Brits ( Bethanie ),2020-11-30
jimohisah6,Chelsea Blue fan,"Abuja, Nigeria",2020-11-30
jimohisah6,Chelsea Blue fan,"Abuja, Nigeria",2020-11-30
theway_prem,Prem Dave,,2020-11-30
theway_prem,Prem Dave,,2020-11-30
theway_prem,Prem Dave,,2020-11-30
theway_prem,Prem Dave,,2020-11-30
literallymarvel,M.,Abuja,2020-11-30
Khronicles7,Khronicles ğŸŒŸğŸŒ¹,"ACCRA,GHANA",2020-11-30
RazzyKigz,Rachael Â®,LDN/UG,2020-11-30
Jamin_Odira,Baba YagağŸ‡°ğŸ‡ª,Kenya,2020-11-30
sanshui596,sandra smith,Shan Shui,2020-11-30
sanshui596,sandra smith,Shan Shui,2020-11-30
sanshui596,sandra smith,Shan Shui,2020-11-30
jimohisah6,Chelsea Blue fan,"Abuja, Nigeria",2020-11-30
SandraS27874170,Sandra Smith,,2020-11-30
SandraS27874170,Sandra Smith,,2020-11-30
SandraS27874170,Sandra Smith,,2020-11-30
SandraS27874170,Sandra Smith,,2020-11-30
FootyKeyrings,SD,,2020-11-30
MelvynChong1,Melvyn Chong,,2020-11-30
AlexandraFree19,Alexandra Freeman,,2020-11-30
AlexandraFree19,Alexandra Freeman,,2020-11-30
AlexandraFree19,Alexandra Freeman,,2020-11-30
AlexandraFree19,Alexandra Freeman,,2020-11-30
oldshirts,oldfootballshirts,All over the World,2020-11-30
ChelseaPuzzles,ChelseaPuzzles,SW6 1HS,2020-11-30
MelvynChong1,Melvyn Chong,,2020-11-30
LizzieFuller19,Lizzie Fuller,,2020-11-30
OlatunjiAbdulz1,Olatunji Abdulzahir,"Kubwa,phase 4",2020-11-30
LizzieFuller19,Lizzie Fuller,,2020-11-30
LizzieFuller19,Lizzie Fuller,,2020-11-30
jimohisah6,Chelsea Blue fan,"Abuja, Nigeria",2020-11-30
LizzieFuller19,Lizzie Fuller,,2020-11-30
FootyZoneNet,FootyZone.net,,2020-11-30
cfcgate,CFC GÎ±te | Ø¨ÙˆØ§Ø¨Ø© ØªØ´Ù„Ø³ÙŠ,"London, England",2020-11-30
jimohisah6,Chelsea Blue fan,"Abuja, Nigeria",2020-11-30
annobil_,ANBL,Cape Verde / HEAVEN,2020-11-30
ShanShui1946,Sandra Smith,Sussex,2020-11-30
ShanShui1946,Sandra Smith,Sussex,2020-11-30
ShanShui1946,Sandra Smith,Sussex,2020-11-30
ShanShui1946,Sandra Smith,Sussex,2020-11-30
jimohisah6,Chelsea Blue fan,"Abuja, Nigeria",2020-11-30
theAsianBlue,The Asian Blue ğŸ’™,Opinions Are My Own,2020-11-30
theAsianBlue,The Asian Blue ğŸ’™,Opinions Are My Own,2020-11-30
theAsianBlue,The Asian Blue ğŸ’™,Opinions Are My Own,2020-11-30
BueSuluxsardi,Sandy Mac,Sussex,2020-11-30
BueSuluxsardi,Sandy Mac,Sussex,2020-11-30
BueSuluxsardi,Sandy Mac,Sussex,2020-11-30
TheChelseaSpot,The Chelsea Spot,Stamford Bridge,2020-11-30
BueSuluxsardi,Sandy Mac,Sussex,2020-11-30
TheChelseaSpot,The Chelsea Spot,Stamford Bridge,2020-11-30
MelvynChong1,Melvyn Chong,,2020-11-30
LoganJnr3,Chilly-B,,2020-11-30
ChelseaPuzzles,ChelseaPuzzles,SW6 1HS,2020-11-30
EFootballRumors,EuroFootballRumours,,2020-11-30
PremCFCPatel26,PremCFCPatel,"London, England",2020-11-30
cfcgate_rss,CFC Gate RSS â¼,"London, England",2020-11-30
cfcgate_rss,CFC Gate RSS â¼,"London, England",2020-11-30
struttsthebeach,Strutt & Parker Chelsea SW10,"140 Fulham Road, Chelsea SW10 9PY",2020-11-30
struttsthebeach,Strutt & Parker Chelsea SW10,"140 Fulham Road, Chelsea SW10 9PY",2020-11-30
MelvynChong1,Melvyn Chong,,2020-11-30
MelvynChong1,Melvyn Chong,,2020-11-30
iQFePJb2mVjZP3W,valera,Almaty,2020-11-30
LoganJnr3,Chilly-B,,2020-11-30
Joseekhay,BRODAH TOPEH|| #EndSWAT,Osun state Nigeria,2020-11-30
Stevexmiles,Stevemilex #EndSARS #EndSWAT, ,2020-11-30
LookUs_JNR,Tshi-Amo Molefe,Pretoria & Brits ( Bethanie ),2020-11-30
princeIbk1,Big BÂ©Â§Â§ Ë¢áµ€ğŸ”± ğŸ”±,Brekete Kingdom ğŸ”±,2020-11-30
SSjovall,Sampe,,2020-11-30
ManLikeWerner,Cam ğŸ¦‹,"England, United Kingdom",2020-11-30
DerAustor,Austor - FIFA Prediction & More ğŸ…™,Instagram: austor_official,2020-11-30
ShawPrintCo,Shaw Print Company,"Liverpool, England",2020-11-30
Johnboscoobinn2,ğŸ’›ğŸ’› Johnbosco ObinnağŸ’–ğŸ’–,,2020-11-30
TheRowZP,Row Z 'Podcast',,2020-11-30
TajariKhalid,crypto samurai,Morocco,2020-11-30
larrygaisie,Larry G,"Tema, Ghana",2020-11-30
jessicalmorgans,Jess âœ¨,,2020-11-30
26_Meeky,ICON Miq,,2020-11-30
TheRowZP,Row Z 'Podcast',,2020-11-30
adamwood4iv,AWiv,"Sao Paulo, Brazil",2020-11-30
BenjaminPharma,Football Rx,,2020-11-30
enocksmith84,enocksmith,Accra ,2020-11-30
NifemiTg,Nifemi TG,"Florida, USA",2020-11-30
NanaPok21528602,Nana Poku,Kumasi,2020-11-30
babajide777,babajide,"Toronto, Ontario",2020-11-30
babajide777,babajide,"Toronto, Ontario",2020-11-30
NanaPok21528602,Nana Poku,Kumasi,2020-11-30
NanaPok21528602,Nana Poku,Kumasi,2020-11-30
maxxiecash,ğŸ’«ğŸŒŸMAâŒCA$HğŸ”ŒğŸ’°,Around the worldğŸ‘Œ,2020-11-30
Lybanicku,Sebas Lybanicku,"Jakarta Barat, DKI Jakarta",2020-11-30
Lybanicku,Sebas Lybanicku,"Jakarta Barat, DKI Jakarta",2020-11-30
NanaPok21528602,Nana Poku,Kumasi,2020-11-30
truthOriginal,ğŸ‘½ Itz truthğŸ’§,Jamaica,2020-11-30
NanaPok21528602,Nana Poku,Kumasi,2020-11-30
Blast52Drummer,Steffffff ;),Ireland,2020-11-30
owusuedmond19,owusu edmond,,2020-11-30
WOLACLONE,Olayiwola,"Abuja, Nigeria",2020-11-30
__thor_pe,THORPEğŸ‘¨â€ğŸ’»,Inside the fridge. ,2020-11-30
FootyKeyrings,SD,,2020-11-30
BobiscoMjd,ğŸ‡³ğŸ‡¬ OnlySon ğŸ‡³ğŸ‡¬,"Lagos, Nigeria",2020-11-30
wrmly,WP Multi-language,"New York, USA",2020-11-30
wrmly,WP Multi-language,"New York, USA",2020-11-30
oceanrolandsen5,oceanrolandsen,"Bexley, London",2020-11-30
wrmly,WP Multi-language,"New York, USA",2020-11-30
TW11SZN,Turbo Timo ğŸ¥¶ğŸ¥µ,,2020-11-30
wrmly,WP Multi-language,"New York, USA",2020-11-30
NorwegianCFCboy,NorwegianCFCboy ğŸ‡³ğŸ‡´,19.05.12,2020-11-30
NanaPok21528602,Nana Poku,Kumasi,2020-11-30
broken_heart490,ğŸ‘ï¸ broken_heart ğŸ’”ğŸ‘»ğŸ‡¬ğŸ‡­ğŸ‡¬ğŸ‡­,"Kumasi, Ghana",2020-11-30
KaysEra12,Ama strong â™¥ï¸,"Tema, Ghana",2020-11-30
silascooper04,Silas Cooper,,2020-11-30
_ShuBhamCFC,Shubham,"Mumbai, India",2020-11-30
MNyalama,#Gwisu Ng'wanamalole,,2020-11-30
_ShuBhamCFC,Shubham,"Mumbai, India",2020-11-30
Enioxare,Emmanuel,Lagos,2020-11-30
_ShuBhamCFC,Shubham,"Mumbai, India",2020-11-30
theAsianBlue,The Asian Blue ğŸ’™,Opinions Are My Own,2020-11-30
AlanbaeiFahad,CFCFahad,Chelsea fc ğŸ’™,2020-11-30
Hrayro3,#RecognizeArtsakh,,2020-11-30
Leon_zeeee,pÑ”Ô€Ño zÑ”Ñ”â„¢,Nevada ,2020-11-30
truekaa,KAA (CFCğŸ’™),,2020-11-30
LondonBluePod,London Is Blue Podcast,USA,2020-11-30
AbsoluteChelsea,Absolute Chelsea,,2020-11-30
sanshui596,sandra smith,Shan Shui,2020-11-30
MadTingz__,old account was @MadTingz_,,2020-11-30
MayMay3105,May May,,2020-11-30
sanshui596,sandra smith,Shan Shui,2020-11-30
Hrayro3,#RecognizeArtsakh,,2020-11-30
rebeccawalshol2,rebecca ğŸ’™ğŸ’™ğŸ’™ğŸ’™ ğŸ„ğŸ„,"Mayo, Ireland",2020-11-30
AbsoluteChelsea,Absolute Chelsea,,2020-11-30
Jertynooo,JDIV,"Paris, France",2020-11-30
Jertynooo,JDIV,"Paris, France",2020-11-30
boonthevibe,Not Your Regular Regular Guy,"Lagos, Nigeria",2020-11-30
the_iseoluwa,Ron's GuyğŸ˜ˆ,"Lagos, Nigeria",2020-11-30
hanpai1234,RJ Haneef,Yorkshire UK,2020-11-30
sanshui596,sandra smith,Shan Shui,2020-11-30
sanshui596,sandra smith,Shan Shui,2020-11-30
SSjovall,Sampe,,2020-11-30
nii_thompson30,IRAQ,,2020-11-30
nii_thompson30,IRAQ,,2020-11-30
truekaa,KAA (CFCğŸ’™),,2020-11-30
orleansarkcess,KNUST SARKğŸ¤´ğŸğŸ™,#SarkNation,2020-11-30
DieterGucht,DieterVanGucht,"Merchtem, BelgiÃ«",2020-11-30
pateldaxil,ğ“Ÿğ“ªğ“½ğ“®ğ“µ ğ““ğ“ªğ”ğ“²ğ“µ â—¢ â—¤,India,2020-11-30
AbsoluteChelsea,Absolute Chelsea,,2020-11-30
achrafsneiper,achraf,,2020-11-30
AbsoluteChelsea,Absolute Chelsea,,2020-11-30
The_wordsmith10,BENGAZYğŸ‘‘,"Kasoa, Ghana",2020-11-30
kwame_selasie,Sly_La QuicaÂ®,,2020-11-30
matTemitope,Adekola Temitope mat,,2020-11-30
Fenthashi,#StayHomeSaveLives,United Kingdom,2020-11-30
PremLMS,âš½ Premier League LMS âš½,Premier League,2020-11-30
Emmanuelfirm1,Emmanuel firm,"Ashanti, Ghana",2020-11-30
Emmanuelfirm1,Emmanuel firm,"Ashanti, Ghana",2020-11-30
CFC_KAKE,KAKE,"Panruti, India",2020-11-30
meysam39559824,meysam,,2020-11-30
CBluearmy,chelsea.cfc.bluearmy,,2020-11-30
AssanjAyoub,ayoub hassan,"dar es salaam,tanzania",2020-11-30
ChelseaPuzzles,ChelseaPuzzles,SW6 1HS,2020-11-30
BetIbc1,BET-IBC,"Willemstad, Curacao",2020-11-30
sammy_klick,Sammy,"In your headphones,speakers...",2020-11-30
guru_kalexis,The retweeter #EndSars,"Lagos, Nigeria ",2020-11-30
Its2Black,2BLaCk,Depth of the Ocean,2020-11-30
guru_kalexis,The retweeter #EndSars,"Lagos, Nigeria ",2020-11-30
LookUs_JNR,Tshi-Amo Molefe,Pretoria & Brits ( Bethanie ),2020-11-30
samuel_realgr8t,Sami,,2020-11-30
ObengK__,Ê™á´Šá´Ê€É´,"Accra, Ghana",2020-11-30
mangkornzzzz_,á´˜á´œÊŸÉªêœ±á´¢á´¢á´¢â°Â² ğ—£ğ—¿ğ—²ğ˜€ğ—²ğ—»ğ˜ğ—²ğ—± ğ—¯ğ˜† ğ—­ğ—”ğ—œğ—” ğŸ˜¼,"Stamford Bridge, England",2020-11-30
chelltalks,Chelsea Talks,ğŸ‡®ğŸ‡©,2020-11-30
Carsley_1,Nana Carsley,"5.526017,-0.268907",2020-11-30
jacobeshun2,jacobeshun,western region.Bogoso,2020-11-30
truekaa,KAA (CFCğŸ’™),,2020-11-30
Leon_zeeee,pÑ”Ô€Ño zÑ”Ñ”â„¢,Nevada ,2020-11-30
AbsoluteChelsea,Absolute Chelsea,,2020-11-30
UnionJackGuy,Land of Hope and Glory ğŸ‡¬ğŸ‡§ğŸ‡ºğŸ‡¸ğŸ‡®ğŸ‡±,Edinburgh,2020-11-30
MemorabiliaMal,Mal Winkles Football Memorabilia,AndalucÃ­a ğŸ‡ªğŸ‡¸,2020-11-30
tmj_rip_labor,TMJ-RIP Labor Jobs,"Providence, RI",2020-11-30
MAHDI1368MAHDI,MAHDI SHAH MORADI,,2020-11-30
CreativChelsea,CreativationsChelsea,"Chelsea, SW3",2020-11-30
Claressie,the_essie_babe,,2020-11-30
imnxzz,benji #COYB,syre erys ryse,2020-11-30
CreativChelsea,CreativationsChelsea,"Chelsea, SW3",2020-11-30
FootyKeyrings,SD,,2020-11-30
cjplays13,cjplaysfm,"Stoke-on-Trent, England",2020-11-30
gothamjiujitsu,Gotham Jiu Jitsu,"New York, NY",2020-11-30
PeteJohnson313,Pete Johnson,"Newton, Derbys",2020-11-30
susannabola,b.l,,2020-11-30
bolt_east,Bolt Arabic,,2020-11-30
FootyKeyrings,SD,,2020-11-30
theAsianBlue,The Asian Blue ğŸ’™,Opinions Are My Own,2020-11-30
theAsianBlue,The Asian Blue ğŸ’™,Opinions Are My Own,2020-11-30
callme_Noni,Your HomeBoyğŸ‘½,Behind.âœ´ï¸,2020-11-30
mztadiligent,Mzta Diligent,Nigeria,2020-11-30
_ItsAllChelsea,ItsAllChelsea,"London, England",2020-11-30
callme_Noni,Your HomeBoyğŸ‘½,Behind.âœ´ï¸,2020-11-30
AlexJanePereira,Alexandra Pereira,South London,2020-11-30
eyestudiolondon,Eye Studio Opticians,"Chiswick & Fulham, London, UK",2020-11-30
oliveriOJM,Oliver James Morrison,Italia,2020-11-30
italia_chelsea,Chelsea Italia,"Stamford Bridge, England",2020-11-30
Olayinka_Desola,ğŸ…“ğŸ…”ğŸ…¢ğŸ…ğŸ…›ğŸ…,,2020-11-30
Kickstox,Kickstox,"Amsterdam, The Netherlands",2020-11-30
oluIfek,Ifek,,2020-11-30
Olayinka_Desola,ğŸ…“ğŸ…”ğŸ…¢ğŸ…ğŸ…›ğŸ…,,2020-11-30
Olayinka_Desola,ğŸ…“ğŸ…”ğŸ…¢ğŸ…ğŸ…›ğŸ…,,2020-11-30
Olayinka_Desola,ğŸ…“ğŸ…”ğŸ…¢ğŸ…ğŸ…›ğŸ…,,2020-11-30
Olayinka_Desola,ğŸ…“ğŸ…”ğŸ…¢ğŸ…ğŸ…›ğŸ…,,2020-11-30
Olayinka_Desola,ğŸ…“ğŸ…”ğŸ…¢ğŸ…ğŸ…›ğŸ…,,2020-11-30
Olayinka_Desola,ğŸ…“ğŸ…”ğŸ…¢ğŸ…ğŸ…›ğŸ…,,2020-11-30
Bayonle_LDD,Bâ‚¬Â£PharmğŸ’ŠğŸ’¦ğŸ’«ğŸ”¥ğŸ‰ #EndPoliceBrutality #EndSARS,"Abuja, Nigeria",2020-11-30
PeteJohnson313,Pete Johnson,"Newton, Derbys",2020-11-30
roc037,JRoc037,,2020-11-30
Pius251,Pius25,Nigeria,2020-11-30
ColbyGreenCfc,Colby CFC Green,"England, United Kingdom",2020-11-30
ColbyGreenCfc,Colby CFC Green,"England, United Kingdom",2020-11-30
chessyhour_dan,#CHOssyHour,,2020-11-30
Bilyvminu__amin,MAJOR,,2020-11-30
ChelseaPuzzles,ChelseaPuzzles,SW6 1HS,2020-11-30
AkabuoguChief,Chief Akabuogu,,2020-11-30
AkabuoguChief,Chief Akabuogu,,2020-11-30
jesusbalderas15,jesus balderas,Flow Factory,2020-11-30
Bonifac36428134,Pastor Boniface,,2020-11-30
GaryCFCMarr,Gary Marr ğŸ´ó §ó ¢ó ³ó £ó ´ó ¿,,2020-11-30
ChelseaPuzzles,ChelseaPuzzles,SW6 1HS,2020-11-30
AndOneDynasty,AND-ONE,,2020-11-30
thetoonreview,Paul,"North East, England",2020-11-30
FootyKeyrings,SD,,2020-11-30
WPulisic,WittyPulisic,,2020-11-30
6dSporting,SPORTING 6D,,2020-11-30
DrFrank70163711,AZUBUIKE,"Abuja, Nigeria",2020-11-30
eden2block,ğŸ–¤ğŸ’¨,,2020-11-30
KingEscobarAgu,KING ESCOBAR ï£¿,"London, England",2020-11-30
domicileherb,Domicile herb,"Nairobi, Kenya",2020-11-30
PlazaEstates,PlazaEstates,UK,2020-11-30
aminushehuuba1,Mr.A,Nigeria,2020-11-30
hellocheltenham,hellocheltenham,"Cheltenham, England",2020-11-30
CheltenhamMedia,Cheltenham Media,"Cheltenham, England",2020-11-30
ChelseaBrasseri,Chelsea Brasserie,"Cheltenham, Gloucestershire",2020-11-30
Lois_Nt6,Tochios,Enugu Nigeria,2020-11-30
Bobby_Johnson16,Bobby,"London, England",2020-11-30
habeeb_adesina,Ã¶lÃ¥rdÄ¯mÄ™ji__Ë¢áµ€ğŸ”±ğŸ¦ğŸ˜ˆ,"Ogun, Nigeria",2020-11-30
TheChelseaEcho,The Chelsea Echo,United Kingdom,2020-11-30
kaydealz,TheKay,+234,2020-11-30
kaydealz,TheKay,+234,2020-11-30
kaydealz,TheKay,+234,2020-11-30
harunabakojr,H A R U N A II,Nigeria,2020-11-30
MievilleCharles,Charles Mieville,,2020-11-30
0tubanjogbenga,GB3L3X _ KID,"Lagos, Nigeria ğŸ‡³ğŸ‡¬",2020-11-30
CFCChronicle,Chelsea Chronicle,"London, England",2020-11-30
official_gizzle,aleeyou,"Abuja, Nigeria",2020-11-30
Sully_UTC,Craig O' Sullivan,"Bolton, England",2020-11-30
NormanRumack,Norm Rumack,"Toronto, Ontario",2020-11-30
truthOriginal,ğŸ‘½ Itz truthğŸ’§,Jamaica,2020-11-30
Sully_UTC,Craig O' Sullivan,"Bolton, England",2020-11-30
Sully_UTC,Craig O' Sullivan,"Bolton, England",2020-11-30
teemPRAISE,Olami Praise,"London, England",2020-11-30
FootyKeyrings,SD,,2020-11-30
NERROGH,NerroGH,GH,2020-11-30
henryobyno,Henryobyno,,2020-11-30
theAsianBlue,The Asian Blue ğŸ’™,Opinions Are My Own,2020-11-30
ntohw3,Tafri MuğŸ•¸,,2020-11-30
Sully_UTC,Craig O' Sullivan,"Bolton, England",2020-11-30
Amilamadu100,Amila Madushan,,2020-11-30
burksy8,Steven Burks,,2020-11-30
Sully_UTC,Craig O' Sullivan,"Bolton, England",2020-11-30
Sully_UTC,Craig O' Sullivan,"Bolton, England",2020-11-30
FootyLegend_,Footy Legend VIP Hospitality,"Barcelona, Spain",2020-11-30
badasspmf_,ğ“”ğ“°ğ“¸ ğ“ğ“¿ğ“®ğ“» ğ“¨ğ“¸ğ“¾ ğŸ˜¹ğŸ‡¬ğŸ‡­,"Tema, Ghana",2020-11-30
_nanastylish,Stylishï£¿ğŸğŸ’¦,Accra-Ghana,2020-11-30
Trentofchelsea,Trent,,2020-11-30
mangkornzzzz_,á´˜á´œÊŸÉªêœ±á´¢á´¢á´¢â°Â² ğ—£ğ—¿ğ—²ğ˜€ğ—²ğ—»ğ˜ğ—²ğ—± ğ—¯ğ˜† ğ—­ğ—”ğ—œğ—” ğŸ˜¼,"Stamford Bridge, England",2020-11-30
ChelseaPuzzles,ChelseaPuzzles,SW6 1HS,2020-11-30
gabaferman,gabaferman,,2020-11-30
FootyKeyrings,SD,,2020-11-30
happyriezky,Happy Riezky,"Bogor, Jawa Barat",2020-11-30
samuelOlawuyi14,Sami_DMW(CFCğŸ’™)ğŸ‡³ğŸ‡¬ğŸ‘‘,,2020-11-30
AdelekeMuyiwa4,KAY,Nigeria,2020-11-30
nii_thompson30,IRAQ,,2020-11-30
nii_thompson30,IRAQ,,2020-11-30
RealForestTV,RealForestTV,,2020-11-30
Leon_zeeee,pÑ”Ô€Ño zÑ”Ñ”â„¢,Nevada ,2020-11-30
iJackGa,ğ“²JackGa,"Nyeri, Winterfell",2020-11-30
AbsoluteChelsea,Absolute Chelsea,,2020-11-30
ChrisC1001,Chris,,2020-11-30
Tk_Cele,khehla,"Johannesburg, South Africa",2020-11-30
fernante_mote,W. E. B Du Girls,,2020-11-30
BumperGraham,Graham Hunter,La Liga and La Roja,2020-11-30
tchevalier10,Leila Knight,Canada,2020-11-30
TheChelseaSpot,The Chelsea Spot,Stamford Bridge,2020-11-30
KaysEra12,Ama strong â™¥ï¸,"Tema, Ghana",2020-11-30
BrahOriginal,Brah OriginalğŸ”¥ğŸ”¥,Santasi ,2020-11-30
ba_robo,RoboBaracus,,2020-11-30
PureArgan,Essentials You,"London, UK",2020-11-30
Burtytweets,Chris Burton,,2020-11-30
RJ24_UpTheBlues,King James,"Stamford Bridge, England",2020-11-30
livescore,LiveScore,URL,2020-11-30
footybreed,Footy Breed,,2020-11-30
socapatriots,Soccer Patriots,,2020-11-30
kkk_ej,Monsieur PresidÃ©nt ğŸ‡¨ğŸ‡©,"Tremblay-en-France, France",2020-11-30
Kingfamousgh,FAMOUS GHğŸ‘¾,UEW -Kasoa boy,2020-11-30
Frank88199061,Frank,,2020-11-30
revealevanah,elizabeth levy,"New York, NY ",2020-11-30
Ola_mi_posi,OuR mUmU DoN Do!! âœŠğŸ‡³ğŸ‡¬ğŸ’”ğŸ•¯,"Osun, Nigeria",2020-11-30
4lvo_,TheStoryteller,kapsabet,2020-11-30
MoroccoFpl,FPL ğŸ¦,,2020-11-30
vysyble,vysyble,United Kingdom,2020-11-30
NICHOLASKARTHU1,Dhatbwoyblinkx Jnr,"Accra, Ghana",2020-11-30
CFCDave__,Dave,,2020-11-30
HarkerGill,gill harker ğŸŒ±(V),United Kingdom,2020-11-30
CloudBetNG,Cloudbet,"Abuja, Nigeria",2020-11-30
korastar2016,Leader 3.0,,2020-11-30
talokum,Talokum,,2020-11-30
chenmistry1,Lampfraud FC,,2020-11-30
kantelicious1,v1ceroy,,2020-11-30
msezane_sifiso,Sifiso Msezane,"Durban, South Africa",2020-11-30
FootyKeyrings,SD,,2020-11-30
DTPORGE,Georgeanne Matranga,"Brightwaters, NY",2020-11-30
CMallacs,COLLINS MALLACS,"Ngong, Kenya",2020-11-30
osin2324,osin2324,,2020-11-30
kkhalifacity,MULAğŸ¥´ğŸ§œâ€â™‚ï¸,,2020-11-30
theAsianBlue,The Asian Blue ğŸ’™,Opinions Are My Own,2020-11-30
LutendoKhoromm2,Joseph Jnr,"Sydney, New South Wales",2020-11-30
NenyeChelsea,BLUEBERRYğŸ’™,Elm Street ,2020-11-30
althanicfc,Ahmed Nasser,,2020-11-30
monneymcclean1,monneymcclean,"Kasoa, Ghana",2020-11-30
oluwajat,#oluwajat,Nigeria,2020-11-30
alesinloyeibra1,Harleshâœ¨,"Lagos, Nigeria",2020-11-30
lidburydraws,LidburyDraws,,2020-11-30
EffahFabregas,phelikx,Ghana,2020-11-30
stephenforsyth1,call me blue,england,2020-11-30
CFCSupportersMM,Myanmar Chelsea (Official),"Yangon, Myanmar",2020-11-30
shande2020,Big z,,2020-11-30
althanicfc,Ahmed Nasser,,2020-11-30
althanicfc,Ahmed Nasser,,2020-11-30
j_wabomba,WabombaJ,Nairobi ,2020-11-30
P16Bantwini,Phaphamani Bantwini,Johannesburg,2020-11-30
NattyBo06772331,Natty Bongo,"Kumasi, Ghana",2020-11-30
samiKIP,Kaurianâ„¢ï¸,Kenya,2020-11-30
CharlieWGordon,Charlie Gordon,"London, United Kingdom",2020-11-30
annita_103,Anya â™¡,Kenya,2020-11-30
Jaytechfriday19,JAYTECHğŸ’™ğŸ’™ğŸ’™,No Where Estate,2020-11-30
umair_muhib,AL MUHIB,"Tamale, Ghana",2020-11-30
dickydelapan,DikkyTHEBLUESCHELSEA,Malang-East Java-West Borneo,2020-11-30
JuliePennell6,Julie Pennell,"Portland (NSW), New South Wales",2020-11-30
SandraS27874170,Sandra Smith,,2020-11-30
RichkidManuel,ğŸ‘‘ManuelinhoğŸ‘‘,"Accra, Ghana",2020-11-30
John_peace1,John PeaceğŸ’,"Uyo, Nigeria",2020-11-30
HlioSoares19,HÃ©lio Soares,,2020-11-30
tobipromise_,Tobi Promise,,2020-11-30
Victor_Lahna,VichillzÙ‡ #EndSARS,Nigeria,2020-11-30
kollnus,Kolajo,"Ilorin, Kwara ",2020-11-30
AlexJanePereira,Alexandra Pereira,South London,2020-11-30
CFCChronicle,Chelsea Chronicle,"London, England",2020-11-30
AlexandraFree19,Alexandra Freeman,,2020-11-30
ChelseaPuzzles,ChelseaPuzzles,SW6 1HS,2020-11-30
ValWinsome,ğ™’ğ™ğ™£ğ™¨ğ™¤ğ™¢ğ™š ğ™‘ğ™–ğ™¡,,2020-11-30
kingOfSmallz,KOSâ¤,,2020-11-30
just_babson,prosper babson,"Lagos, Nigeria",2020-11-30
ChelseaPuzzles,ChelseaPuzzles,SW6 1HS,2020-11-30
micha_victory,Sihence IdvğŸ¤´,"Owerri, Nigeria",2020-11-30
otsyulagarvins,OG_BufufuğŸ˜œ ğŸ‡°ğŸ‡ª,"Mombasa, Kenya",2020-11-30
FootyKeyrings,SD,,2020-11-30
ben_saggs,Ben Saggers,,2020-11-30
FrankSabine1,Frank Sabine,,2020-11-30
veufcliquot,4Pac ğŸ‡§ğŸ‡¸ğŸ‡§ğŸ‡§,,2020-11-30
GHRnewsUK,Greatest Hits Radio News,United Kingdom,2020-11-30
BelloAjibola_09,Bello Ajibola,Lagos,2020-11-30
6SECONDSREF,Carl Seggie,"Villa Rica, GA",2020-11-30
LizzieFuller19,Lizzie Fuller,,2020-11-30
ShanShui1946,Sandra Smith,Sussex,2020-11-30
ekkachai_5,ğŸ˜‰S.EKKACHAI No.5ğŸ“£,à¸à¸£à¸¸à¸‡à¹€à¸—à¸à¸¡à¸«à¸²à¸™à¸„à¸£,2020-11-30
ekkachai_5,ğŸ˜‰S.EKKACHAI No.5ğŸ“£,à¸à¸£à¸¸à¸‡à¹€à¸—à¸à¸¡à¸«à¸²à¸™à¸„à¸£,2020-11-30
dhavid_wrld,Your loyal follower,"Lagos, Nigeria",2020-11-30
FelixBet4,Felix Bet,Italie,2020-11-30
geesingh1,gee singh,,2020-11-30
Rubber_chief,Rubber chief,"Lagos, Nigeria",2020-11-30
TemitopeOjo11,BlueTipsie,"Lagos,Nigeria",2020-11-30
TemitopeOjo11,BlueTipsie,"Lagos,Nigeria",2020-11-30
CFCChronicle,Chelsea Chronicle,"London, England",2020-11-30
Mosesfixedodd_,Mr Moses Okafor,"Lagos, Nigeria",2020-11-30
ChelseaChadder,Chad,"MHL, Gate 9",2020-11-30
icecream1billi,2 sweet entertainment,Down south ,2020-11-30
BueSuluxsardi,Sandy Mac,Sussex,2020-11-30
RiahSkinny,RiahğŸ‡¬ğŸ‡­ğŸ‡ºğŸ‡¬ğŸ‡³ğŸ‡¬ğŸ’¡ğŸ’¡,"Kampala, Uganda",2020-11-30
kabhimame,__ThinğŸ’«King_ğŸ‘‘,,2020-11-30
depp05,Deep Thakker,,2020-11-30
Mosesfixedodd_,Mr Moses Okafor,"Lagos, Nigeria",2020-11-30
MusaJubril12,Musa Jubril,,2020-11-30
aimnmrll,Ø§Ù…ÙŠØ±ÙˆÙ„ğŸ‡²ğŸ‡¾,,2020-11-30
ayinla_mayowa1,ayinla oluwamayowa,Nigeria,2020-11-30
hzqdaizuke9,chromechip,"Kuala Terengganu, Terengganu",2020-11-30
PSG24hours,PSG en Direct ğŸŒ,Parc des Princes,2020-11-30
hzqdaizuke9,chromechip,"Kuala Terengganu, Terengganu",2020-11-30
kwesi_commey,Kwesi Commey Sampson,,2020-11-30
ChronicleNUFC,The Chronicle,Newcastle upon Tyne,2020-11-30
Godsmind228,Man of grace,Nigeria,2020-11-30
Emecinho_SNR,Cinho!âœ¨,,2020-11-30
Dabarweh_lemn,Cuminside,North East West South.,2020-11-30
mykhelcom,myKhel.com,Bengaluru,2020-11-30
theAsianBlue,The Asian Blue ğŸ’™,Opinions Are My Own,2020-11-30
superpetr01,Super PETR CECH,United States,2020-11-30
theAsianBlue,The Asian Blue ğŸ’™,Opinions Are My Own,2020-11-30
JnrRich3,Jnr. Rich,"Accra, Ghana",2020-11-30
Georegmax,George Max,"Lagos, Nigeria",2020-11-30
RazzyKigz,Rachael Â®,LDN/UG,2020-11-30
Ginytonic,Virginia Beirne,"London, UK",2020-11-30
PUNDITsFC,PUNDITsFC,world ,2020-11-30
ChelseaChadder,Chad,"MHL, Gate 9",2020-11-30
tomdolls,Tom Sam,Nigeria,2020-11-30
ceonsparx,Barryyyâš¡,Limbo ,2020-11-30
ajoseadeniyi1,Omobolaji Ajose,Abu Dhabi lagos ,2020-11-30
ChrisMears1,Chris Mears,London,2020-11-30
iamarisprasetya,kebahagiaan,"Yogyakarta, Indonesia",2020-11-30
blueice_29,blue ice,Beautiful and unbothered,2020-11-30
_CFCSarah,sarahğŸ­,,2020-11-30
shyamtalks,Shyam,,2020-11-30
Iamtheoberry1,Theo....Î¸ÎµÎ¿Ï‚,,2020-11-30
LouisChicharit4,Louis Hernandez Chicharito BalcazarğŸ‡¬ğŸ‡­ğŸ‡¬ğŸ‡­,Ghana Techiman,2020-11-30
kwadwo_koduah,Roman AbramovicğŸ—¯,Ghana,2020-11-30
LouisChicharit4,Louis Hernandez Chicharito BalcazarğŸ‡¬ğŸ‡­ğŸ‡¬ğŸ‡­,Ghana Techiman,2020-11-30
BelloAjibola_09,Bello Ajibola,Lagos,2020-11-30
uhnkel_jhay,Violent KisserğŸ‡¬ğŸ‡­ğŸ‡§ğŸ‡·ğŸš,Accra,2020-11-30
MsezaneSifiso,Sifiso Msezane,"Durban, South Africa",2020-11-30
fandihussin,D,,2020-11-30
BelloAjibola_09,Bello Ajibola,Lagos,2020-11-30
CfcBluesBoston,LesBlues,,2020-11-30
sheriffozi,sheriff,Nigeria,2020-11-30
iModest,Ø§Ù„Ù„Ù‡,Earth,2020-11-30
sylvakreeck,@NWATA ANAYO EZE 1,"Lagos, Nigeria",2020-11-30
joachim_kennedy,Joachim Kennedy,Ghana,2020-11-30
TheZiyech,The Same Photo Of Hakim Ziyech Everyday,,2020-11-30
CFCChronicle,Chelsea Chronicle,"London, England",2020-11-30
AxelTheGhost1,Axel The Ghost ğŸ‡¹ğŸ‡³,,2020-11-30
damilojusaliu,Oluwadamiloju 'Da UniBrow' Saliu,,2020-11-30
NanaWiserGh,NANA WISER ğŸ¥‡ğŸ‘‘ğŸ–¤,WorldWide,2020-11-30
kolagoke20,Kolade Olashile Olagoke,Ikotun,2020-11-30
talkchelsea,Talk Chelsea,"London, England",2020-11-30
Sheymandave,SHEYMAN_DAVE CFCğŸ’™ğŸ’™ğŸ’™,"Lagos, Nigeria",2020-11-30
iamdjmaintain,DjMaintain,,2020-11-30
hayodejigcfr,OlÃ³yÃ¨ AyÃ²dejÃ¬,"Ogun, Nigeria",2020-11-30
VDabibi,Victor Dabibi [VD],"Canada, B.C.",2020-11-30
yungdlaw1,yungdlaw,Nigeria,2020-11-30
oscardpen9,oscardpen,Ivory Coast,2020-11-30
ChelseaPuzzles,ChelseaPuzzles,SW6 1HS,2020-11-30
theAsianBlue,The Asian Blue ğŸ’™,Opinions Are My Own,2020-11-30
OppongDominic17,Oppong Dominic,"Sunyani, Ghana",2020-11-30
MisdiantoD,Dito ğŸ‡²ğŸ‡¾,"Selangor, Malaysia",2020-11-30
ChelseaPuzzles,ChelseaPuzzles,SW6 1HS,2020-11-30
adrizamri,Adri,Kuching,2020-11-30
okanisamuelchi,EZEKWUECHE,island,2020-11-30
faizhamdann,zÃ¯,,2020-11-30
ayodeji84263585,SPEGA90,,2020-11-30
AlfaresDy,alfares,Bandung,2020-11-30
core_chelsea,Chelsea Core,,2020-11-30
KelvinExcel4,Kelvin Excel,"Nairobi, Kenya",2020-11-30
clinshawarma,Clinton,,2020-11-30
ChalotteNova,ChalotteNova,"New York, USA",2020-11-30
Sports_NDTV,NDTV Sports,"New Delhi, India",2020-11-30
hereisAnand,Anand Selvaraj,"Chennai, India",2020-11-30
Charley2188,charles owusu,"Accra, Ghana",2020-11-30
Elisalinah31,Elisa~Mintyâ£ğŸ•Š,ğŸ‡¹ğŸ‡¿,2020-11-30
NeunUndZwanzig_,Elisabeth is Queen Kai ğŸ‘‘,Roma/WÃ¼rzburg ,2020-11-30
ErnestNuwagaba,Ernest,"Kampala, Uganda",2020-11-30
VHaryormidey,HayormideyğŸš€,Twitter and Twitter ,2020-11-30
chinwetal,Chidi,"Lagos, Nigeria",2020-11-30
just_hendricks,Hendrixx,,2020-11-30
femijr28,OLUWA FEMI ï£¿,World,2020-11-30
RealGoalooNG,GOALOONG.NET,Nigeria,2020-11-30
theAsianBlue,The Asian Blue ğŸ’™,Opinions Are My Own,2020-11-30
theAsianBlue,The Asian Blue ğŸ’™,Opinions Are My Own,2020-11-30
BelloAjibola_09,Bello Ajibola,Lagos,2020-11-30
ChronicleNUFC,The Chronicle,Newcastle upon Tyne,2020-11-30
Njabulo07579782,Njabulo,,2020-11-30
demolathegreat,DemolağŸ˜ğŸ˜,The Batcave,2020-11-30
ab_sger,Ø£Ø­Ù…Ø¯ Ø§Ù„Ø´Ø¨Ø±Ù…ÙŠ,"Ø§Ù„Ø±ÙŠØ§Ø¶, Ø§Ù„Ù…Ù…Ù„ÙƒØ© Ø§Ù„Ø¹Ø±Ø¨ÙŠØ© Ø§Ù„Ø³Ø¹ÙˆØ¯ÙŠØ©",2020-11-30
jokojuliantoo,Joko,,2020-11-30
oriadeofficial,#KOLâ¤ï¸OUT NOW âš›,VADo NaTioN â›„,2020-11-30
kvakhilesh,KV,Everywhere ,2020-11-30
Simiboy6,Simiboy,"Lagos, Nigeria",2020-11-30
AbuhtanuiKE,Poor Millionaireâ„¢ğŸ‡°ğŸ‡ª,"Nairobi, Kenya",2020-11-30
iwd12,Rose Avakian,"Cambridge, MA",2020-11-30
droplets14,augustineğŸ’§,,2020-11-30
So_Soulfire,SossoRamafole,Maseru,2020-11-30
Makelelekan_04,Ø§Ø¨Ø±Ø§Ù‡ÙŠÙ…,,2020-11-30
CISC_Nagpur,CISC Nagpur,"Nagpur, India",2020-11-30
littleangellufc,angie LUFC,Leeds UK ,2020-11-30
daren_glen,Daren Glen,,2020-11-30
iamKachuiJr,BANDANAğŸ´â€â˜ ï¸,TanzaniağŸ‡¹ğŸ‡¿,2020-11-30
Albeats6,Knockout..ğŸ§ğŸ‡ºğŸ‡¬ğŸ‡ºğŸ‡¬,"Mbarara, Uganda",2020-11-30
ManuellaJasmine,Jasmine Manuella,,2020-11-30
ChelseaPuzzles,ChelseaPuzzles,SW6 1HS,2020-11-30
rafiiskandar100,rafi,"Kota Surabaya, Jawa Timur",2020-11-30
Harozzyy,KVNG HARRY,Mars...#AmAnAlienâ„¢,2020-11-30
waqasu10,Waqas,"Islamabad, Pakistan",2020-11-30
ChelseaPuzzles,ChelseaPuzzles,SW6 1HS,2020-11-30
OvoKobby_,Kwabena Agyemang Jr.ğŸ€„ï¸,"Kumasi, Ghana",2020-11-30
Jay_defiinition,Jay_Jay,,2020-11-30
lorfadi,GILLY,Rhonda,2020-11-30
SqueakyBum_Pod,Squeaky Bum Time: A Premier League Podcast,San Diego/Orlando,2020-11-30
LancelotEmmy1,Andromache The ScythianğŸ‘‘,,2020-11-30
RakeemCFC,El Hadj,"Stamford Bridge, England",2020-11-30
RMeliodas,Monsieur CatÃ©gorique,,2020-11-30
kbainomugisa,Thee MutooroğŸ˜,worldwide ,2020-11-30
Dizz1973,damian bush,,2020-11-30
sanshui596,sandra smith,Shan Shui,2020-11-30
UsherRaymon1,Abayomi Lawal,Don't Ask Me,2020-11-30
blulyfield,EllanorğŸ®,"Bangkok, Thailand",2020-11-30
thuyain_htet,ThuYainHtet,,2020-11-30
__thor_pe,THORPEğŸ‘¨â€ğŸ’»,Inside the fridge. ,2020-11-30
thuyain_htet,ThuYainHtet,,2020-11-30
FootTheBall,FootTheBall,Locker Room,2020-11-30
nii_thompson30,IRAQ,,2020-11-30
luizinhooli10,Luizinho,"Pavuna, Rio de Janeiro",2020-11-30
Alfieefc10,Alfie Harrison,"Liverpool, England",2020-11-30
Alfieefc10,Alfie Harrison,"Liverpool, England",2020-11-30
MichalDluzniew8,Michal Dluzniewski,,2020-11-30
Luminous_B254,_Luminous_b.l.a.c.k,,2020-11-30
Glen_Maney,Glen Maney,London,2020-11-30
TheBluesDen,Chelsea Football Club,,2020-11-30
CfCprop,CFCprop,,2020-11-30
LiveseyAlex,Alex Livesey,"Macclesfield, England",2020-11-30
russell_liburd,Liverpool FC - Champions Forever,"Chapeltown, Leeds, England",2020-11-30
THEORIGINAL007,B & DUCHESS ğŸ£,Mars,2020-11-30
jesuis_theo,Theo ğŸŒ¿ğŸ¦»ğŸ¼,BrasÃ­lia,2020-11-30
mlp7777,LINDA PIRRONE,,2020-11-30
OnLiberty59,Sam Jones ğŸ˜,Derbyshire,2020-11-30
sushiriceandsoy,Alina Johansson,"VÃ¤sterÃ¥s, Sweden",2020-11-30
tf_sportedit,TF Sport Edit,,2020-11-30
ManeyGlen,Glen_Maney_Talks_Chelsea,,2020-11-30
ZSampsonSport,Zach Sampson,London,2020-11-30
SoloLeonardo20,Leonardo ğŸ’™, Peru,2020-11-30
FootyKeyrings,SD,,2020-11-30
Poisonivy333,New Yorker,Bklyn,2020-11-30
k9planet_japan,K-9 Planet,æ„›åª›çœŒæ¾å±±å¸‚,2020-11-30
rebeccawalshol2,rebecca ğŸ’™ğŸ’™ğŸ’™ğŸ’™ ğŸ„ğŸ„,"Mayo, Ireland",2020-11-30
theAsianBlue,The Asian Blue ğŸ’™,Opinions Are My Own,2020-11-30
theAsianBlue,The Asian Blue ğŸ’™,Opinions Are My Own,2020-11-30
theAsianBlue,The Asian Blue ğŸ’™,Opinions Are My Own,2020-11-30
jerry_oreva,Jerry Oreva,"Lagos, Nigeria",2020-11-30
RoyalBlue1905_,RB1905,"London, England",2020-11-30
arabnews,Arab News,Saudi Arabia,2020-11-30
JuliePennell6,Julie Pennell,"Portland (NSW), New South Wales",2020-11-30
JuliePennell6,Julie Pennell,"Portland (NSW), New South Wales",2020-11-30
vickeypedia,Vickey Maverick,,2020-11-30
jamesbaldyy,Baldy,21 Years Young,2020-11-30
grabbenbarre,Barre,,2020-11-30
DaveDixon4,Dave Dixon,,2020-11-30
ChelseaChadder,Chad,"MHL, Gate 9",2020-11-30
ChelseaChadder,Chad,"MHL, Gate 9",2020-11-30
AbiolaGoId,Abiola Gold #EndSARS,"Lagos, Nigeria",2020-11-30
TOWIChelsea,Lampards Grandson,United Kingdom,2020-11-30
CicoConnor,Cian Oâ€™Connor,"Cork, Ireland",2020-11-30
CFCbluepride,CFC Blue Ultras,SW6,2020-11-30
smalvinned,cfc_BREZZIAN â¼,STAMFORD BRIDGE ğŸŸ,2020-11-30
JwinxChanki,Jwinx Chanki,,2020-11-30
RV_ETSports,Rahul Vaidyanath,Ottawa/Toronto/Montreal,2020-11-30
cfcgate_rss,CFC Gate RSS â¼,"London, England",2020-11-30
oldshirts,oldfootballshirts,All over the World,2020-11-30
cfcgate_rss,CFC Gate RSS â¼,"London, England",2020-11-30
AbsoluteChelsea,Absolute Chelsea,,2020-11-30
cfcgate_rss,CFC Gate RSS â¼,"London, England",2020-11-30
ChelseaChadder,Chad,"MHL, Gate 9",2020-11-30
trippen_japan,trippen Japan,,2020-11-30
Adetunji1432,ARSENAL for life,"Maryland lagos, Nigeria",2020-11-30
holarz12,Kai Havertz âš½,oloje housing estate ilorin ğŸ‘Œ,2020-11-30
bence_bednar,Bence BednÃ¡r,MagyarorszÃ¡g,2020-11-30
thekay007,Kay,,2020-11-30
Uzzylion,Uzzylion Gram,"Ikeja, Nigeria",2020-11-30
ChelseaPuzzles,ChelseaPuzzles,SW6 1HS,2020-11-30
PaulHearne9,ğŸ¦ğŸ‡¬ğŸ‡§Paul HearneğŸ‡¬ğŸ‡§ğŸ¦,Lilleput,2020-11-30
mr_slykasa,SLYkasa,,2020-11-30
yalchii,Yalchii,"City of London, London",2020-11-30
Leon_zeeee,pÑ”Ô€Ño zÑ”Ñ”â„¢,Nevada ,2020-11-30
acmproductionso,ACM Productions & Jazzbook Records,Aix en Provence - France,2020-11-30
AbsoluteChelsea,Absolute Chelsea,,2020-11-30
_UnitedFirst,United First,,2020-11-30
FootyKeyrings,SD,,2020-11-30
ChelseaPuzzles,ChelseaPuzzles,SW6 1HS,2020-11-30
MarkTommostuff,Mark Thompson âšª,,2020-11-30
NICHOLASKARTHU1,Dhatbwoyblinkx Jnr,"Accra, Ghana",2020-11-30
NanaAdwoaP__,Nana Adwoa Pomaah,"Kumasi,Ghana",2020-11-30
gopalrv71,Venugopal Ravindran,"Gurgaon, India",2020-11-30
Habiola17750376,Habiola,Nigeria,2020-11-30
Eduaful55,Emmanuel Cobbinah,"Huni Valley, Ghana",2020-11-30
AbsoluteChelsea,Absolute Chelsea,,2020-11-30
ChrisMears1,Chris Mears,London,2020-11-30
Habiola17750376,Habiola,Nigeria,2020-11-30
Thanks_Max_,Alex Jacobson,,2020-11-30
MaxJacobson12,Max Jacobson,Utah,2020-11-30
danielshinmath,Daniel Shin,"Tenafly, NJ",2020-11-30
jacobson_corina,Corina Jacobson,"Utah, USA",2020-11-30
blair_jacobson,Blair Jacobson,,2020-11-30
amiedawn4,amiedawn,,2020-11-30
ewkelli,Kelli Jacobson,Los Angeles,2020-11-30
GarritJ,GJ,,2020-11-30
camoola900,camoola900,,2020-11-30
drigo1178,Rigo,"Brea, CA",2020-11-30
lap_pan,Mr. White,"Stanley, NC",2020-11-30
thetoddabides,Doctor Todd,,2020-11-30
LarryGuerraE,Larry Guerra,Everywhere,2020-11-30
businessnews_3,Business News,"Birmingham, England",2020-11-30
rebeccawalshol2,rebecca ğŸ’™ğŸ’™ğŸ’™ğŸ’™ ğŸ„ğŸ„,"Mayo, Ireland",2020-11-30
PrincessAsia2,Princess Asia's Unusual News â¤ï¸ Biden and Harris,"New York, NY",2020-11-30
AbsoluteChelsea,Absolute Chelsea,,2020-11-30
FootyKeyrings,SD,,2020-11-30
retweetallowed,RT Allowed,"Fort Worth, TX",2020-11-30
awu007,De Bluz,Nigeria,2020-11-30
Shindara_store,oluwashindara,"Lagos, Nigeria",2020-11-30
MonsterKwabena,Kwabena MonsterğŸ‡¬ğŸ‡­ğŸ’¯,"Western, Ghana",2020-11-30
VayamLahoti,Vayam Lahoti,"Sheffield, England",2020-11-30
Rob_Bar11,Roberto de Almeida Barreto Filho,"Manaus, Brazil",2020-11-30
elishafc2000,Elisha FC,,2020-11-30
Citywide45,Richard Louis,First Responder ,2020-11-30
d7o1111ff,ğ’œâ„¬ğ’°ğ’Ÿ,,2020-11-30
jacs_99,Quophie Jacques,"Accra, Ghana",2020-11-30
gbmartinsicuro,Nast Game,"Martinsicuro, Abruzzo",2020-11-30
FootyKeyrings,SD,,2020-11-30
matTemitope,Adekola Temitope mat,,2020-11-30
Bobby_Johnson16,Bobby,"London, England",2020-11-30
VdjjamG,#CaptLeaderLegend JTğŸ’™,Nairobi Kenya,2020-11-30
Sorang_sww,ì†Œë‘ (å°ç‹¼),"Virginia, USA",2020-11-30
ali_obeido,Ali Obeido,"Sydney, New South Wales",2020-11-30
RicardoBuabeng,Mr Ricardo,Ghana-kumasi,2020-11-30
FootyKeyrings,SD,,2020-11-30
ECAlertQC59,Chelsea,Chelsea,2020-11-30
lewis_baldy,Lewis Baldwin,Chichester,2020-11-30
chelseaharper_,Chelsea Harper,"London, England",2020-11-30
TheChelseaEcho,The Chelsea Echo,United Kingdom,2020-11-30
burksy8,Steven Burks,,2020-11-30
elano_vu,Chelsea 2-1 Stade Rennais,,2020-11-30
brutdog007,Brutus A Harris,"Tarzana, Calif.",2020-11-30
FootyKeyrings,SD,,2020-11-30
ChelseaPuzzles,ChelseaPuzzles,SW6 1HS,2020-11-30
Stevexmiles,Stevemilex #EndSARS #EndSWAT, ,2020-11-30
SilvanKB73,Silvan,,2020-11-30
ghanachelsea,Ghana Chelsea FC Fans(Official fan base),Ghana,2020-11-30
Jertynooo,JDIV,"Paris, France",2020-11-30
ChelseaPuzzles,ChelseaPuzzles,SW6 1HS,2020-11-30
kimmiyoung0511,í”¼ê°€ìœ ,Thailand,2020-11-30
paturi_sp59392,srinivas paturi,"Bengaluru South, India",2020-11-30
Hor_la_thunde,ABIODUN,Venus ,2020-11-30
orthoandtrauma,Doctor,UK and Ireland,2020-11-30
AvornuKorku,MKay AVORNU ğŸ‘‘ğŸ‡¬ğŸ‡­,"Tema, Ghana /West Africa",2020-11-30
Natalia91592543,Natalia Ivanova,Ukraine,2020-11-30
d___ackerman,MaÃ«va,Kattegat,2020-11-30
Hewitt01Mike,Head Teach #FBPE #ResistUK #SardinesUK #3.5%,,2020-11-30
EdenIsqandar_,ğŸš­,"Langkawi, Kedah",2020-11-30
58_ronny,ronny 58,,2020-11-30
RansfordCobbin4,Ransford Pjay,"Nsuaem, Ghana",2020-11-30
ballerblokes,Ballerblokes,,2020-11-30
dok_iyke,Ogbonnaya iyke,Somewhere in Nigeria,2020-11-30
Leon_zeeee,pÑ”Ô€Ño zÑ”Ñ”â„¢,Nevada ,2020-11-30
tnawaft,Nawaf,ğŸŒ,2020-11-30
AbsoluteChelsea,Absolute Chelsea,,2020-11-30
tnawaft,Nawaf,ğŸŒ,2020-11-30
geesingh1,gee singh,,2020-11-30
matchdaymemory,Matchday Memory #LookingBack,Wylye Valley,2020-11-30
BearBull99,BearBULLğŸ¦,,2020-11-30
ChelseaChadder,Chad,"MHL, Gate 9",2020-11-30
RealChelseaDon,Sir DIEGO _Chelsea_,Nairobi,2020-11-30
BobiscoMjd,ğŸ‡³ğŸ‡¬ OnlySon ğŸ‡³ğŸ‡¬,"Lagos, Nigeria",2020-11-30
adjei_owusu_bem,Adjei Owusu Bempah,Ghana,2020-11-30
soylarebelde,Amalia De Leon,,2020-11-30
TheRealFutbolTJ,Futbol TJ,Across the pond,2020-11-30
Ehsan03167574,Ehsan,"London, England",2020-11-30
fluttbot,Flutter ğŸ¤–,,2020-11-30
femtech_,FemTech_ğŸ–¥ğŸ‘©ğŸ½â€ğŸ’»,"Berlin, Deutschland",2020-11-30
TheDeveloperBot,The Developer Bot,,2020-11-30
ServerlessFan,Serverless Fan,Sri Lanka,2020-11-30
Tonmoydeyshant2,Tonmoy Dey Shanto,,2020-11-30
LindyYorksLass,Linda,"Leeds, England",2020-11-30
exqiztv,Hazardesque,,2020-11-30
reynaldprm,Reynaldo ProaÃ±o M.,Quito-Ecuador,2020-11-30
leela_satish,Leela V Satish,"Hyderabad, India",2020-11-30
rishi_scythe,Rishi SP,"Mumbai, India",2020-11-30
allchelseaIG,allchelsea,"London, England",2020-11-30
iamthemoi,Reboda Malasone,Belgique,2020-11-30
benjaminshield6,Benjamin Shields,"Bomet, Kenya",2020-11-30
RealChelseaDon,Sir DIEGO _Chelsea_,Nairobi,2020-11-30
6dSporting,SPORTING 6D,,2020-11-30
Stefanonyc212,Steven Miller,NYC,2020-11-30
Muhamme72940767,Muhammed,,2020-11-30
kwuo14,Aubaâ€™s SonğŸŒ¹ğŸ¤Ÿ,Ghana,2020-11-30
Burtytweets,Chris Burton,,2020-11-30
titipaya,titipaya,"Valencia, EspaÃ±a ",2020-11-30
SmrtAleks,Aleks,Anywhere ,2020-11-30
TimSeers,Tim Seers,Harlow,2020-11-30
AllisonJaneSmi2,ğŸ’™ Allison Jane Smith ğŸ’™,"Hertfordshire, UK",2020-11-30
nextgenartistry,Balo ğŸ‡±ğŸ‡¨,,2020-11-30
WHOOSWHOWHY,DAVE ğŸ¤—,N H S ,2020-11-30
cfc_balo,Balo cfc,St lucia ,2020-11-30
mwangipaul27,KÃ­bÃ©rÃ©ngÃ© WÃ¡ MwÃ¡ngÃ­,Kahawa Area Nairobi Kenya,2020-11-30
_linoantony,Satan Xavier,"Bengaluru, India",2020-11-30
patricia_rattew,Patricia Rattew,Lincolnshire Uk.,2020-11-30
FootyKeyrings,SD,,2020-11-30
CIsarchomp,Charisaac & Isarchomp,"Houston, TX",2020-11-30
cocokw1,cocokw,,2020-11-30
marcmcgaugh1975,Alpha Beast,,2020-11-30
FACupWembley,The Road to Wembley (FA Cup Finals 1923 - 2000),,2020-11-30
Dan0532439154,Ø¬ÙŠÙƒ Ù…Ø³Ø§Ø¬ Ø§Ù„Ø±ÙŠØ§Ø¶,,2020-11-30
Dan0532439154,Ø¬ÙŠÙƒ Ù…Ø³Ø§Ø¬ Ø§Ù„Ø±ÙŠØ§Ø¶,,2020-11-30
germa_shepherd,German Shepherd,United States,2020-11-30
kafangii,Niwahi kibangi,,2020-11-30
socapatriots,Soccer Patriots,,2020-11-30
KNNORTH6,North,United Kingdom,2020-11-30
Slice53336780,Slice,,2020-11-30
JacobChaga,Jacob Chaga,,2020-11-30
eyefootball,Eyefootball.com,"London, United Kingdom",2020-11-30
businessnews_3,Business News,"Birmingham, England",2020-11-30
ListAwe12,ListAwe!,,2020-11-30
Folaborn,Afolabi Alausa,Paradise,2020-11-30
rome295,meowmeowmf,,2020-11-30
manufacturing_2,Manufacturing News,"Birmingham, England",2020-11-30
ntrosrks,kanami,Advanced Warfare,2020-11-30
favourb32607004,Faevorh_,proudly nigeria!!,2020-11-30
sharaboniakter,Sharaboni Akter,"Rajshahi, Bangladesh",2020-11-30
MoneyMaseMount,Money Ma$e Mount,,2020-11-30
NobafricaMedia,NobafricaTV On YouTube,"Agona Swedru, Ghana",2020-11-30
Nobafrica_News,Nobafrica News,"Agona Swedru, Ghana",2020-11-30
NobAfrica,NobAfrica MediağŸŒ¹,Agona Swedru,2020-11-30
lainiec07,Elaine Cook,"West London, UK",2020-11-30
aiminternet,AIM Internet,"Birmingham, UK",2020-11-30
aiminternet,AIM Internet,"Birmingham, UK",2020-11-30
FCSuperBlues,Super Blues FC,,2020-11-30
MonsterKwabena,Kwabena MonsterğŸ‡¬ğŸ‡­ğŸ’¯,"Western, Ghana",2020-11-30
TipsterNoMan,No Man,,2020-11-30
BinaRan90675314,Bina Rani,BD,2020-11-30
DMRHarris44,Declan HarrisÂ©,"Cranborne, Dorset ",2020-11-30
MonsterKwabena,Kwabena MonsterğŸ‡¬ğŸ‡­ğŸ’¯,"Western, Ghana",2020-11-30
MSALIA__,Salia Muawiah,WorldwideğŸŒ ,2020-11-30
mashfi14,NERD,"Dhaka, Bangladesh",2020-11-30
_Raph_a3l,Blue Orange,Island of Knowledge ,2020-11-30
CentreCircleFBL,Centre Circle,"London, England",2020-11-30
Obakeng_Soul,Obakeng Ramaboa,Johannesburg,2020-11-30
IRCFC10,ğŸŒŒ,The North Pole,2020-11-30
Rey_Blues30,ğ™ğ™šğ™® ğ™ğ™©ğ™šğ™«ğ™ğ™£ğ™ğ™¤ ğŸ‡µğŸ‡¾,Quarantine,2020-11-30
Rey_Blues30,ğ™ğ™šğ™® ğ™ğ™©ğ™šğ™«ğ™ğ™£ğ™ğ™¤ ğŸ‡µğŸ‡¾,Quarantine,2020-11-30
abboxipatro,Barun Boxipatro,"Bengaluru, India",2020-11-30
AllThingsChels_,All Things Chelsea,,2020-11-30
BOBola_,Berita Online Bola,,2020-11-30
astroisla,Stro,"Los Angeles, CA",2020-11-30
NICHOLASKARTHU1,Dhatbwoyblinkx Jnr,"Accra, Ghana",2020-11-30
suleiman_sudais,The_Boogey Manâ„¢ï¸,No where to be found,2020-11-30
TheVillaVision,The Villa Vision ğŸ¦,,2020-11-30
NICHOLASKARTHU1,Dhatbwoyblinkx Jnr,"Accra, Ghana",2020-11-30
FootyKeyrings,SD,,2020-11-30
sportingpress1,sportingpress1,United States,2020-11-30
Tonmoydeyshant2,Tonmoy Dey Shanto,,2020-11-30
_OfficiallyNat,Natalie ğŸ’™ğŸ“¸ğŸ®,"Farnborough, South East",2020-11-30
JoelOma_attah,Joel Attah Friday,Kaduna,2020-11-30
thatoblackchild,Thato Mathiba,"Black twitter, RSA",2020-11-30
J4X0NE1,J4X0NE,,2020-11-30
Karl_Downey,Karl Downey ğŸ´ó §ó ¢ó ¥ó ®ó §ó ¿ğŸ‡®ğŸ‡ª,"Milton Keynes, England",2020-11-30
jr_mulaudzi,Junior Mulaudzi,,2020-11-30
SHAKIL34103531,Priyanka Mehra,"Rangpur, Bangladesh",2020-11-30
core_chelsea,Chelsea Core,,2020-11-30
core_chelsea,Chelsea Core,,2020-11-30
LebronQwesi,CHELSEA FCğŸ§¢,"Accra, Ghana",2020-11-30
Kobby43223815,Amasaman Jet LiğŸ¦§,"Sekondi Takoradi, Ghana",2020-11-30
amfo_francis,Francis Amfo,,2020-11-30
ATXsandman,Eddie Football ğŸ‘ğŸ½ ğŸ¦ƒ,ATX ,2020-11-30
THEINSANEBRIT,Ó€â²šá¦ğœ¦â²šÈ¨á—¹Æ¦Ó€â²¦ Æ“ğœ¦á¹ƒÓ€â²šÆ“,"London, England",2020-11-30
Chelsea_Maven,ChelseaMaven,,2020-11-30
AnytimeFootball,Anytime Football,,2020-11-30
sally_everett,Sally Everett,,2020-11-30
MatMehdiDaleySJ,Matt Mehdi-Daley,"Bristol, England",2020-11-30
Phile_Mahomie,The New Age Lepara **,,2020-11-30
osystrong,daddyo,,2020-11-30
IroegbuteC,Sir Manja,"Imo, Nigeria",2020-11-30
KisaEd,Man like ED ğŸ‡ºğŸ‡¬ğŸ‡°ğŸ‡ª,Uganda,2020-11-30
habeebsegun1,koblayKhan,Up,2020-11-30
TBEPodcast_,The Business End Podcast,"Cheltenham, England",2020-11-30
KisaEd,Man like ED ğŸ‡ºğŸ‡¬ğŸ‡°ğŸ‡ª,Uganda,2020-11-30
CFCChronicle,Chelsea Chronicle,"London, England",2020-11-30
KisaEd,Man like ED ğŸ‡ºğŸ‡¬ğŸ‡°ğŸ‡ª,Uganda,2020-11-30
MikeyForbes1,Mikey Forbes,"Buckie, Scotland",2020-11-30
zgolo08,ZGOLO,Lilongwe,2020-11-30
hkkamoako,Hermann Amoako,"Accra, Ghana",2020-11-30
Ripamaru,LeftistCFCğŸ‘•âš½ğŸŒ‰ğŸˆğŸ€âš¾ğŸ’,"Siloam Springs, AR",2020-11-30
Opoyis,Opoyi,,2020-11-30
MuhytheenYusuph,Mdq Of Lagos,,2020-11-30
IkandaJoseph,jmukala,,2020-11-30
ichelseafanatic,Blue Devil,,2020-11-30
OneFiftyEightP1,OneFiftyEightPointThree,"Philadelphia, PA",2020-11-30
AssanjAyoub,ayoub hassan,"dar es salaam,tanzania",2020-11-30
DolundM,Dolund Modi,,2020-11-30
_mULti_tV_,Nana Okwan,"Accra, Ghana",2020-11-30
ListAwe12,ListAwe!,,2020-11-30
LoveOjo17,Omo Naira ğŸ¦…,MCR,2020-11-30
thatRambochip,Ramires7,,2020-11-30
AllisonJaneSmi2,ğŸ’™ Allison Jane Smith ğŸ’™,"Hertfordshire, UK",2020-11-30
henrychristmech,christo,"coimbatore,tamilnadu",2020-11-30
peter_friel,Peter Friel,"Sutton, London",2020-11-30
azlie__,Azlie.,Ipoh,2020-11-30
shikome_1,Dep. Min. Energy ğŸ‡¬ğŸ‡­,"Accra, Ghana",2020-11-30
FootyKeyrings,SD,,2020-11-30
KisaEd,Man like ED ğŸ‡ºğŸ‡¬ğŸ‡°ğŸ‡ª,Uganda,2020-11-30
fauzee26,#GlazerOut,,2020-11-30
theAsianBlue,The Asian Blue ğŸ’™,Opinions Are My Own,2020-11-30
theAsianBlue,The Asian Blue ğŸ’™,Opinions Are My Own,2020-11-30
Rey_Blues30,ğ™ğ™šğ™® ğ™ğ™©ğ™šğ™«ğ™ğ™£ğ™ğ™¤ ğŸ‡µğŸ‡¾,Quarantine,2020-11-30
brooksyblueboy,James Brooks,"England, United Kingdom",2020-11-30
faraxzb,ğšğ˜¢ğ™§ğ˜¢,,2020-11-30
IgweCha96952691,Igwe Charles,"Abuja, Nigeria",2020-11-30
cfcvish_,Vishwesh,ğŸ‡®ğŸ‡³,2020-11-30
SandraS27874170,Sandra Smith,,2020-11-30
SandraS27874170,Sandra Smith,,2020-11-30
SandraS27874170,Sandra Smith,,2020-11-30
SandraS27874170,Sandra Smith,,2020-11-30
pagyeman13,pagyeman,"Kumasi, Ghana",2020-11-30
LuxTipps,Lux Tipps,,2020-11-30
RT_RudraTibak,Rudra Tibak,,2020-11-30
meshackmmakau,meshackmmakau,,2020-11-30
anirpaul,Anirban Paul,"Kolkata, India",2020-11-30
AlexandraFree19,Alexandra Freeman,,2020-11-30
AlexandraFree19,Alexandra Freeman,,2020-11-30
AlexandraFree19,Alexandra Freeman,,2020-11-30
EzemaBet9ja,bet9ja fixed matches,"Abuja, Nigeria",2020-11-30
EzemaBet9ja,bet9ja fixed matches,"Abuja, Nigeria",2020-11-30
PeninsulaQatar,The Peninsula Qatar,Qatar,2020-11-30
Spoiltteenager,Pedri Culer,"Udaipur,Rajasthan",2020-11-30
LizzieFuller19,Lizzie Fuller,,2020-11-30
LizzieFuller19,Lizzie Fuller,,2020-11-30
sogal_ritz10,Ritwik,,2020-11-30
BrandingDrop,Uptown Graphics Inc,"Keekorok Road, Nairobi. ",2020-11-30
BrandingDrop,Uptown Graphics Inc,"Keekorok Road, Nairobi. ",2020-11-30
Kremiseve,Karikoga Gumiremiseve,,2020-11-30
__Baazigar__,ğŸ‘‘KingKhanğŸ‘‘ #RCBâ¤,"Pune, India",2020-11-30
yunz_Yz,yunz,Lyon,2020-11-30
UzalendoNews_KE,#UzalendoNewsKE,"Nairobi, Kenya",2020-11-30
ShanShui1946,Sandra Smith,Sussex,2020-11-30
ShanShui1946,Sandra Smith,Sussex,2020-11-30
JA_Karbalaie,A.J,,2020-11-30
ShanShui1946,Sandra Smith,Sussex,2020-11-30
ShanShui1946,Sandra Smith,Sussex,2020-11-30
D3ripp3r,romose,,2020-11-30
BueSuluxsardi,Sandy Mac,Sussex,2020-11-30
KTBFFH09,Devinho,,2020-11-30
BueSuluxsardi,Sandy Mac,Sussex,2020-11-30
BueSuluxsardi,Sandy Mac,Sussex,2020-11-30
keem_sg,Weed MinisterğŸ‡¯ğŸ‡²,Football Twitter ,2020-11-30
BueSuluxsardi,Sandy Mac,Sussex,2020-11-30
Jertynooo,JDIV,"Paris, France",2020-11-30
Hari75556356,H4RRYN,,2020-11-30
kennkenn017,Easy Mary ğŸ¥°ğŸ’‹,,2020-11-30
thetribunechd,The Tribune,Chandigarh,2020-11-30
Mikeyjono04,david johnson,,2020-11-30
AlanTardis,#Bigalforever,,2020-11-30
JOCHELSEAFC,Jo Chelsea FC,,2020-11-30
AliyuMo75887778,Alex,,2020-11-30
STradingPost1,STradingPost,The North,2020-11-30
theshedend2,shed end Chelsea,"Stamford Bridge, England",2020-11-30
AbsoluteChelsea,Absolute Chelsea,,2020-11-30
JOCHELSEAFC,Jo Chelsea FC,,2020-11-30
kanmaadventures,Kanma Adventures,"Nairobi, Kenya",2020-11-30
DaudiSpeaks,Daudi Speaks,"Nairobi, Kenya",2020-11-30
Habiola17750376,Habiola,Nigeria,2020-11-30
Girlsinlovewit1,Girlsinlovewithsports.com.gh,"Accra, Ghana",2020-11-30
JOCHELSEAFC,Jo Chelsea FC,,2020-11-30
bayiepresident,Your House WitchesÂ®ï¸ğŸ˜‡,,2020-11-30
Subarenaa,Subarena,"Otta, Nigeria",2020-11-30
JOCHELSEAFC,Jo Chelsea FC,,2020-11-30
babajide777,babajide,"Toronto, Ontario",2020-11-30
Ansahphilip3,Hakim ZiyechğŸ•š,if you not brave enough,2020-11-30
elishafc2000,Elisha FC,,2020-11-30
john_henry68,John Angelbeck,United States,2020-11-30
Son_of_Sarabi,Son Of Sarabi,"Lagos, Nigeria",2020-11-30
kanmaadventures,Kanma Adventures,"Nairobi, Kenya",2020-11-30
ChelseafcNewsn1,Chelseafc-Newsnow,,2020-11-30
Son_of_Sarabi,Son Of Sarabi,"Lagos, Nigeria",2020-11-30
Rsc_Now,Rsc,,2020-11-30
bliss_apparel,Duchess senorita,"Lagos, Nigeria",2020-11-30
DavefCFC,Dave Farr,Runcorn,2020-11-30
xspen96,SPENCEğŸ­,Rent free ,2020-11-30
ZeeNewsEnglish,Zee News English,India,2020-11-30
_junos_,Ical,,2020-11-30
BackToMarz,The End of Nigeriaâ€™s Mess,"Uyo, Nigeria",2020-11-30
ChelseaPuzzles,ChelseaPuzzles,SW6 1HS,2020-11-30
Reggieisbak,unruly reggie,"New York, NY",2020-11-30
jimohisah6,Chelsea Blue fan,"Abuja, Nigeria",2020-11-30
WorldFootballi,World Football Index,contact@worldfootballindex.com,2020-11-30
CFC_Bardan,kaiunt ğŸ‡³ğŸ‡µ,Gauradaha Jhapa,2020-11-30
Adeyonudemilad2,Roman Abramovich's mouth piece,,2020-11-30
roussiIIon,zackğŸ¦  (10-0),DMV,2020-11-30
AodreyGh,GhanaShowBiz.com,United Kingdom ğŸ‡¬ğŸ‡§ ,2020-11-30
angry_rantman,Angry Rantman,India,2020-11-30
Habiola17750376,Habiola,Nigeria,2020-11-30
MdSohan41459855,sohanhossain1,,2020-11-30
1Rahencesports,Ebere Beulah,"Lagos, Nigeria",2020-11-30
Offside68167062,Offside,,2020-11-30
BODIANMODOU1,The Ghost WordSmith,Senegal,2020-11-30
nii_thompson30,IRAQ,,2020-11-30
TrueBlue_Cosmo,Chelsea Tweets,Johannesburg,2020-11-30
1Rahencesports,Ebere Beulah,"Lagos, Nigeria",2020-11-30
bellalahmed,"UI/UX, Web Design, Graphics Design","Dhaka, Bangladesh",2020-11-30
Kelechii_e,MissBehaveğŸ‘…,"Lagos, Nigeria",2020-11-30
GyesiSeth,Drugsty,"Accra, Ghana",2020-11-30
udckholahati,alamin Udc Kholahati Gaibandha,"Gaibanda, Bangladesh",2020-11-30
AmiHolamRohan,Rohan Saha,"Birati, Kolkata",2020-11-30
IbrahimBeega,Mamba mentality,"Accra, Ghana",2020-11-30
cjack600,Aldous Huxley,,2020-11-30
RadioKhendoFM,Khendo FM 107.9,"Bungoma, Kenya",2020-11-30
_ShuBhamCFC,Shubham,"Mumbai, India",2020-11-30
orchmoney3,uche,"Abuja, Nigeria",2020-11-30
AbsoluteChelsea,Absolute Chelsea,,2020-11-30
KooroWandeto,Benjamin Kooroâ„¢,Nairobi,2020-11-30
ChelseaPuzzles,ChelseaPuzzles,SW6 1HS,2020-11-30
ChrisMears1,Chris Mears,London,2020-11-30
Habiola17750376,Habiola,Nigeria,2020-11-30
FootyKeyrings,SD,,2020-11-30
Habiola17750376,Habiola,Nigeria,2020-11-30
mooshkiller,Mooshkiller,Ghana,2020-11-30
Trey_cfc,Trey,"Melbourne, Victoria",2020-11-30
iam_Ikechukwu5,TOPS,Next to you.,2020-11-30
StabilityFC,Stability FC,,2020-11-30
Chelsea_HQ,Chelsea HQ,Stamford Bridge,2020-11-30
lilpowers1985,ğŸ,Sutton,2020-11-30
nii_thompson30,IRAQ,,2020-11-30
Nitesh_Chauhan7,Nitesh ChauhanğŸ‡®ğŸ‡³,"Mumbai, India",2020-11-30
kiddicino,EasyMoneySniper,,2020-11-30
Ewarezi_,Rezi,,2020-11-30
theAsianBlue,The Asian Blue ğŸ’™,Opinions Are My Own,2020-11-30
Burtytweets,Chris Burton,,2020-11-30
RCG00,Rafael Carter Garcia,"Hopkins, MN",2020-11-30
BritishHeraldUK,British Herald,"London, United Kingdom",2020-11-30
DONSKYZ,Boss,,2020-11-30
clubshopprints,Club Shop Prints,,2020-11-30
AMOSASLEFREP,Alan Moss AKA AmosğŸŒ¹âœŠğŸºâœˆï¸ğŸš…ğŸ§,Poechenellekelder Bar Brussels,2020-11-30
Bonifac36428134,Pastor Boniface,,2020-11-30
AlexBatt,Alex Batt,"Downham Market, England",2020-11-30
NanaPok21528602,Nana Poku,Kumasi,2020-11-30
chillysphinx,Roger,Zion,2020-11-30
PrAtEeKHiStoRy,PRATEEK DAS,,2020-11-30
EligbueO7,CrunchyğŸ‡³ğŸ‡¬ğŸ’™,"Lagos, Nigeria",2020-11-30
BestBoyPatrick,Fatprick,,2020-11-30
AbsoluteChelsea,Absolute Chelsea,,2020-11-30
Prince_NU,Prince Udoeyop,"Lagos, Nigeria",2020-11-30
LondonFire,London Fire Brigade,London,2020-11-30
vendettaalex254,Chelsea Talk Centre,,2020-11-30
corydavee,Prodigal Son,"Lagos, Nigeria",2020-11-30
GoatFootballApp,GOAT Football - Quick Spoiler-Free Highlight,,2020-11-30
majid_badar,MğŸœ,Bandung,2020-11-30
AdekoyaAdeniy16,Adekoya Adeniyi,,2020-11-30
antwicharles26,Charles Antwi,"Greater Accra, Ghana",2020-11-30
BenSmart1,Ben Smart,,2020-11-30
maruetsane,Maru Etsane,"Johannesburg, South Africa",2020-11-30
KahiyeD,Kahiye Derow,"Nairobi, Kenya",2020-11-30
dayveed235,lord DIEGO,abuja nigeria,2020-11-30
CFCsince1989,CFCsince1989,"Penzance, England",2020-11-30
rashbeck,Rakesh Prithiviraj,"Auckland, New Zealand",2020-11-30
nanaadjei_LY,Bhra LARYEA,"Accra, Ghana",2020-11-30
Followbettinman,Following Football since...,London UK,2020-11-30
Chrstian_Benard,christian Benard okello,Nairobi,2020-11-30
king__Phil,AdejohPhilipToyin,"Federal Capital Territory, Nig",2020-11-30
STradingPost1,STradingPost,The North,2020-11-30
adjoah_hipsy,Nana ğŸ…°ï¸djoah ğŸ…±ï¸aako,,2020-11-30
Tuko_co_ke,Tuko.co.ke,"Nairobi, Kenya",2020-11-30
ugoh_chuks,Edwin Chuks,Nigeria,2020-11-30
Omar_Casino90,EL PRESIDENTO ğŸ¦…ğŸ‡¬ğŸ‡­ğŸ‡ºğŸ‡¸,Not on this Planet,2020-11-30
GavinoPepino,Gav-Lar,,2020-11-30
_ShuBhamCFC,Shubham,"Mumbai, India",2020-11-30
bra_eko,Young LordğŸ‘¨ğŸ½â€âš•ï¸ğŸ˜âœŠğŸ½,Russia,2020-11-30
kuyrkrzak,daisy-do,Nightmare,2020-11-30
AJD_81,Andy Davidson,"Dunfermline, Scotland",2020-11-30
Ayodeji_max1,AyodejimaxğŸ›¡,"Lagos, Nigeria",2020-11-30
Dannybo60135464,Å£Ä™ÄÃ§Ñ’Ä™Å— Ä™Å‹Å³mdÄ™w,"Sekondi Takoradi, Ghana",2020-11-30
_ItsAllChelsea,ItsAllChelsea,"London, England",2020-11-30
lakatabu01,LÃ¡kÃ¡tabÃº,,2020-11-30
KnowledgeDelasi,Knowledge Delasi,Accra,2020-11-30
SazioJnr,SaziojnrğŸ¤³,Sonrise,2020-11-30
somtosports,Somtosportsâš½,"Accra, Ghana.",2020-11-30
Dvd_Ampofo,AmpofoğŸŒªï¸ğŸ’¯ğŸ‡¬ğŸ‡­,,2020-11-30
Obama_kesh_,OBAMA_KESHğŸ’²,,2020-11-30
AMKWABINA,Kwabena Bredu ğŸ‡¬ğŸ‡­,"Tema, Ghana",2020-11-30
deejaygeekay,Mr G,,2020-11-30
CasfordKwaku,Gabriel Ghansah,"Kumasi, Ghana",2020-11-30
news_24_365,WATCHTOWER,At Watchtower ,2020-11-30
Qwequ_topper,QwequğŸ¤“,,2020-11-30
Agyriba1,Dez ğŸ¦‹,ğŸ™„,2020-11-30
theway_prem,Prem Dave,,2020-11-30
MrATM4Real,A T MENSAHğŸ‡¬ğŸ‡­ğŸ‡¦ğŸ‡ªâ™‹,"Dubai, United Arab Emirates",2020-11-30
prinzlog_,P R I N Z ğŸ‡¬ğŸ‡­ğŸ‡³ğŸ‡¬,Earth,2020-11-30
Solomon05573,Tiimmy Turner,God's Country,2020-11-30
DjembaMicheal,Djemba MichealâœŒï¸ğŸ‡ºğŸ‡¬,Uganda,2020-11-30
TrueBlue_Cosmo,Chelsea Tweets,Johannesburg,2020-11-30
debradandrea,Debra DAndrea,Global,2020-11-30
xter_lee,Queenneo_x,,2020-11-30
kellline,Jennfuego Nwaneri,Orlando florida/ohio,2020-11-30
Leon_zeeee,pÑ”Ô€Ño zÑ”Ñ”â„¢,Nevada ,2020-11-30
AbsoluteChelsea,Absolute Chelsea,,2020-11-30
100PctMAGS,100% MAGS,"Newcastle Upon Tyne, England",2020-11-30
_ShuBhamCFC,Shubham,"Mumbai, India",2020-11-30
HussleKwasi,Hussle,,2020-11-30
DarkwaDesmond,Kai havertz,Ghana,2020-11-30
AhmedKabirOlay1,â’¹â“”â“¢â“â“›â“,,2020-11-30
Alicyakiss1,Alicya Kiss,United Arab Emirates ,2020-11-30
wumpini71,I6RAHIMğŸš€,,2020-11-30
Jertynooo,JDIV,"Paris, France",2020-11-30
king__Phil,AdejohPhilipToyin,"Federal Capital Territory, Nig",2020-11-30
norteyrichard62,ğŸ’²Ice Morganâš½ğŸ¹ğŸ®,"Accra, Ghana",2020-11-30
_ShuBhamCFC,Shubham,"Mumbai, India",2020-11-30
ohinoyibuhari,Abdullahi buhari,Lagos nigeria,2020-11-30
As3mEsi,Cocoa Sika noh Ashe ğŸ‡¬ğŸ‡­ğŸ‡³ğŸ‡¬ ğŸ‡¬ğŸ‡¬,"Takoradi, Ghana   ",2020-11-30
Phredy_beatz,Fred_ELLIS,,2020-11-30
ImEfiaMenish,ğŸ’™ğŸ’•BerlaMundiBağŸ’›ğŸ’•,"Accra, Ghana",2020-11-30
WatzTheScore,Lets Play,,2020-11-30
superpetr01,Super PETR CECH,United States,2020-11-30
kingSedem10,Dada RexğŸ’¥ğŸ‡¬ğŸ‡­,Dansoman,2020-11-30
Yusful4u,Muritala yusuf. O,Nigeria,2020-11-30
247Sicilian,Don Sicilian ğŸ‡±ğŸ‡·,Liberia,2020-11-30
FunshoOfLagos,Funsho Ibinoran,Christopher walking,2020-11-30
Crazychapdotcom,crazychap.com,,2020-11-30
CiscValsad,Chelsea India - Valsad,,2020-11-30
nyannthierry,Thierry Nyann,Kings Landing,2020-11-30
QueenSandy_CFC,ğŸ‘‘Â§Ã¥Ã±ÃÂ¥ Ã¾ÃªrÃªrÃ¥ğŸ‘‘,"Royal County Of Berkshire,UK",2020-11-30
TopTingfootball,TopTingsFootball,"London, England",2020-11-30
winstonmicheals,#VoteAbrantieTheGentleman,"From Colorado, USA",2020-11-30
CFCChronicle,Chelsea Chronicle,"London, England",2020-11-30
PredictZNigeria,PredictZ Nigeria,Nigeria,2020-11-30
predictzcom,PredictZ,"London, UK",2020-11-30
thefifageezer1,thefifageezer,United Kingdom,2020-11-30
AnyoxKartel,Anyole Henry,"Kampala, Uganda",2020-11-30
BaderinJedidiah,ğ• playboi jedi ğ•,,2020-11-30
KlintonKarter,klinton karter,Ghana,2020-11-30
News18Sports,News18 Sports,India,2020-11-30
meetmajeed,H M ğŸ‡³ğŸ‡¬,Worldwide,2020-11-30
JESUS_IS_LORDGH,Sir Fellow GhanaiansğŸ˜‚ğŸ˜‚,,2020-11-30
CabanaSweet,Chad McGibbon,"Orlando, FL",2020-11-30
avfcnewsgossip,AVFC News & Gossip,"Birmingham, England",2020-11-30
firstpost,Firstpost,"Mumbai, India",2020-11-30
FirstpostSports,Firstpost Sports,India,2020-11-30
somtosports,Somtosportsâš½,"Accra, Ghana.",2020-11-30
superpetr01,Super PETR CECH,United States,2020-11-30
TheBeardedRauI,Ali ğŸ‡¬ğŸ‡­ğŸ‡³ğŸ‡¬,GH ,2020-11-30
remynimo,Remy,The Shed End,2020-11-30
cfcglobe,Chelseaglobe,"Stamford Bridge, England",2020-11-30
KDtrader_smurf,Somtochukwu,,2020-11-30
glove_gloves,Goalkeeper Gloves,United Kingdom,2020-11-30
mangkornzzzz_,á´˜á´œÊŸÉªêœ±á´¢á´¢á´¢â°Â² ğ—£ğ—¿ğ—²ğ˜€ğ—²ğ—»ğ˜ğ—²ğ—± ğ—¯ğ˜† ğ—­ğ—”ğ—œğ—” ğŸ˜¼,"Stamford Bridge, England",2020-11-30
breaknnews1,Break'n News,United States,2020-11-30
obi_nfipade3,#GodblessEfiaOdo,"Accra, Ghana",2020-11-30
MartinzKaycee,MARTINZ,Earth,2020-11-30
iam_future,OjÃ³Ã²la #EndSARS,Earth ğŸ‡³ğŸ‡¬,2020-11-30
prince_stally,KAI,,2020-11-30
abel_philemon,Biebele,"Rivers, Nigeria",2020-11-30
elliotthompson0,Elliot Thompson,"Liverpool, England",2020-11-30
NiceFoot4,Nice Foot,,2020-11-30
NatSportUAE,The National Sport,"Abu Dhabi, UAE",2020-11-30
ayearofnewstuff,Bevo,"Horsham, England",2020-11-30
StatisticSports,StatisticSports,,2020-11-30
TEAMtalk,TEAMtalk,"Leeds, UK",2020-11-30
AbsoluteChelsea,Absolute Chelsea,,2020-11-30
AddisonCfc,ian addison,sunderland,2020-11-30
KrisRugo,Son Of Rugo,"Nairobi, Kenya",2020-11-30
elishafc2000,Elisha FC,,2020-11-30
PSG24hours,PSG en Direct ğŸŒ,Parc des Princes,2020-11-30
CBlueMentality,Chelsea The Blue Mentality,,2020-11-30
Akinmarley_,47 #ENDSARS,,2020-11-30
lwoftransfers,LWOF Transfer News,,2020-11-30
allanio_m,Llanah_tha_bae2 ğŸ‡¿ğŸ‡¼,EVERYWHERE ON TL ğŸ“,2020-11-30
_BarryDixon,Barry Dixon,Berwick Upon Tweed,2020-11-30
JAAHLO,JAAHLO,London ,2020-11-30
FootyKeyrings,SD,,2020-11-30
komarovite,Yo,Ecstasy,2020-11-30
Phormula_,Prodigy,Ghana,2020-11-30
futball_chelsea,Chuks,Stamford Bridge,2020-11-30
fmtoday,Free Malaysia Today,Malaysia,2020-11-30
Chelsea16407427,Chelsea Football Club Fans For LifeğŸ’™,"London, England",2020-11-30
ovostreams,Nba Streams,,2020-11-30
thekwahuestate,Kwahu Roman AbramovicğŸ’°ğŸ‡¬ğŸ‡­ğŸ,,2020-11-30
Leon_zeeee,pÑ”Ô€Ño zÑ”Ñ”â„¢,Nevada ,2020-11-30
salifu_halifa,Salifu Halifa,"Greater Accra, Ghana",2020-11-30
FootyKeyrings,SD,,2020-11-30
abdul9Chelsea,AbdulğŸ†ï¸,"Ghana,  Tamale Northern ",2020-11-30
Leon_zeeee,pÑ”Ô€Ño zÑ”Ñ”â„¢,Nevada ,2020-11-30
Chrisbillakings,Afolabi AkinyemiÂ©Â®,"Ilorin, Nigeria",2020-11-30
Deininger_LWOS,Robert H. Deininger,,2020-11-30
Deininger_LWOS,Robert H. Deininger,,2020-11-30
LastWordFC,Last Word On Football,World,2020-11-30
Maraazcom,Maraaz.Com,Global,2020-11-30
kocakluh2018,kocak,,2020-11-30
bosibori_Ke,Paw Paw stan Account,"Nairobi, Kenya ",2020-11-30
ashwinmurali,Ashwin Murali,"Coimbatore lad, now in Mumbai",2020-11-30
StamfordDoggie,Stamford The Doggie,,2020-11-30
wolveriffverine,ğŸ“´,177A Bleecker St,2020-11-30
EmilynPraha,Emily Beth,"Fort Lauderdale, FL",2020-11-30
Demola_Rogers,Demola Adesina,Lagos Nigeria,2020-11-30
KrisRugo,Son Of Rugo,"Nairobi, Kenya",2020-11-30
wayneobimbo_,Wanye,"Cape Town, South Africa",2020-11-30
cmduff,Craig Duffy,"Workington, Cumbria, England",2020-11-30
MrSheriffAdams,Adams Sheriff,In my thoughts ,2020-11-30
SoccerScoop2,Soccer Scoop,,2020-11-30
EvansJames99,James Evans,Taunton-Portsmouth ,2020-11-30
mariee_06303,mary tivkaa,,2020-11-30
Emmy_3003,.,Nigeria ,2020-11-30
Sweet_Talkative,Watchdogâ„¢,,2020-11-30
AbsoluteChelsea,Absolute Chelsea,,2020-11-30
mount10_,Ù†ÙˆØ§Ù|ğŸ‡¸ğŸ‡¦,KSA,2020-11-30
Risedone_mia,Rise,Home,2020-11-30
AbsoluteChelsea,Absolute Chelsea,,2020-11-30
OduwaleJ,ODUWALE JUMA,,2020-11-30
Bonifac36428134,Pastor Boniface,,2020-11-30
Risedone_mia,Rise,Home,2020-11-30
GrayMerge,Fitzgerald...,,2020-11-30
vish_iish,Vinze,Earth,2020-11-30
truthOriginal,ğŸ‘½ Itz truthğŸ’§,Jamaica,2020-11-30
AbsoluteChelsea,Absolute Chelsea,,2020-11-30
CFChelseaFCnews,CFC News,,2020-11-30
GeniusAfro,Girl Next Door,"Nairobi, Kenya",2020-11-30
oliverlaycock08,Oliver Laycock,"North East, England",2020-11-30
NUFUO_mu_IGP,BREAST BOARD CHAIRMAN,,2020-11-30
Maconnen_,M_sellasieâ€¢,Kenya,2020-11-30
DeadlyStamford,Deadlyâ­â­,Stamford Bridge,2020-11-30
Onyeka144,Chris Okorie,"Lagos, Nigeria",2020-11-30
MelanieJaneA_,ğ‘€ğ‘’ğ‘™ğ‘ğ‘›ğ‘–ğ‘’ ğ½ğ‘ğ‘›ğ‘’ğŸ’‹,South Yorkshire,2020-11-30
kanmaadventures,Kanma Adventures,"Nairobi, Kenya",2020-11-30
romanfc14,roMÃ¡nfc15,Pasto - NariÃ±o,2020-11-30
ernestamart,ğ–“ğ–ğ– ğ–†ğ–’ğ–†ğ–—ğ–™,GH,2020-11-30
LuckyRamodise,I_am_lucky,Johannesburg,2020-11-30
The_Upper_Tier,The Upper Tier Podcast,Ireland,2020-11-30
Rahul67137552,Hide,Hogwarts,2020-11-30
McloveYaw,Mclove Yaw Palmer,Buokrom Estate ,2020-11-30
VanKoops,AREuGOD? âï¸,Chelsea FC,2020-11-30
m_keji,á»ŒÌptÃ­mÃ»sPrÃ­mÃ«ğŸ¥,Protest Ground,2020-11-30
chinexdacreator,Lord Nexâœ¨ğŸ€„,"Venus, TX",2020-11-30
Sports_NDTV,NDTV Sports,"New Delhi, India",2020-11-30
Facosh,Benjamin Aidooâ„¢,,2020-11-30
ENDSWAT16,ENDSWAT,,2020-11-30
Geo_marx1,George_o,"South East,Nigeria",2020-11-30
vish_iish,Vinze,Earth,2020-11-30
WabazaaB,Bolga To Accra ğŸ‡¬ğŸ‡­ğŸ‘‘,,2020-11-30
ShawGeo,George Shaw,Tunbridge Wells,2020-11-30
Cravens86,Jordan Wiegand,,2020-11-30
Bri_Marsha,Brian Marshall,Gateshead,2020-11-30
DamianManuel15,Damian Manuel,,2020-11-30
BlackQueenLara,"Jesus & Lara â¤ï¸ Victories, LIVERPOOL, Biden Harris",,2020-11-30
ikeMUSICs,Yours Ever,"Accra, Ghana",2020-11-30
iam_future,OjÃ³Ã²la #EndSARS,Earth ğŸ‡³ğŸ‡¬,2020-11-30
Richykiss,Mr. Boadu,Ghana,2020-11-30
RJ_Goodthings,RJ,,2020-11-30
AO_Sports,AhramOnlineSports,"Cairo, Egypt",2020-11-30
kanmaadventures,Kanma Adventures,"Nairobi, Kenya",2020-11-30
OmniFoot,á´á´É´ÉªÒ“á´á´á´›,"Cairo, Egypt",2020-11-30
QuameBryan,QUAME BRYANEğŸ‡¬ğŸ‡­ğŸ‡¬ğŸ‡­,"Volta, Ghana",2020-11-30
Olayinka_Desola,ğŸ…“ğŸ…”ğŸ…¢ğŸ…ğŸ…›ğŸ…,,2020-11-30
AadityaSitaula,._AadityaSitaula_.,,2020-11-30
EmmanuelMangera,emmanuel mangera,Mombasa Kenya,2020-11-30
HenryDu56753958,Henry Duru,,2020-11-30
amos_intl,A âŸ¬â™›âŸ­ Emma,UAE,2020-11-30
Fergi222,Andrew Ferguson,"Wales, United Kingdom",2020-11-30
NICHOLASKARTHU1,Dhatbwoyblinkx Jnr,"Accra, Ghana",2020-11-30
gmmintah12,QLfamily,,2020-11-30
dd_dollarsign,ANIFOWOSE ğŸ’¸,"Lagos, Nigeria",2020-11-30
bossdez,Boss of Zubai...,Jozi,2020-11-30
bruce_burna,CudzManJag ğŸ”Œ,"Lagos, Nigeria",2020-11-30
ChelseaChadder,Chad,"MHL, Gate 9",2020-11-30
The_Unique_Unix,ğŸ’œğŸ’œ_UU_ğŸ’œğŸ’œ,"Lagos, Nigeria",2020-11-30
SW6Daily,SW6Daily,,2020-11-30
footballretwee8,football retweets,,2020-11-30
AvornuKorku,MKay AVORNU ğŸ‘‘ğŸ‡¬ğŸ‡­,"Tema, Ghana /West Africa",2020-11-30
adrilramadhan11,paw,di atas awan,2020-11-30
LAB_CFC,Luke Adam - The King Of Stamford Bridge ğŸ‘‘,,2020-11-30
tvlu_ad,Tolu,Anywhere you see me,2020-11-30
OLAJIDETEMILOL3,OLAJIDE,,2020-11-30
gamedayhottie,GameDay Hottieâ€ğŸ”¥,USA,2020-11-30
nikiehen,nekeesha henry,Trinidad,2020-11-30
RukevweFaith,Onavweroho Faith Rukevwe,"Lagos, Nigeria",2020-11-30
karoodpati,rupak basnet kazi ğŸ‡³ğŸ‡µğŸ‡«ğŸ‡®,"Helsinki, Finland",2020-11-30
RajiRasheed13,Raji Rasheed,"Lagos, Nigeria",2020-11-30
kolagoke20,Kolade Olashile Olagoke,Ikotun,2020-11-30
Jertynooo,JDIV,"Paris, France",2020-11-30
cougarquidado,musa,"Mombasa, Kenya",2020-11-30
chels__indo,KTBFFH,Indonesia,2020-11-30
jakarsenal,ğ•ğ•’ğ•œ ğ”¸ğ•¤ğ•Ÿ_ğ•ğ•ğ• â„¢,à¸˜à¸£à¸£à¸¡à¸”à¸²à¸—à¸±à¹ˆà¸§à¹„à¸›à¹ƒà¸™ BKK,2020-11-30
dm_teguh,teguh dwi maryanto,"Karawang,West Java,Indonesia",2020-11-30
Ahmed22033620,Ahmed,"Nima,Accra",2020-11-30
TeemahK1,Teemah K,,2020-11-30
_ItsAllChelsea,ItsAllChelsea,"London, England",2020-11-30
_toplad,SAIN+ PaBLO ğŸ¨,"Nairobi, Kenya",2020-11-30
imnxzz,benji #COYB,syre erys ryse,2020-11-30
ugoh_chuks,Edwin Chuks,Nigeria,2020-11-30
Leon_zeeee,pÑ”Ô€Ño zÑ”Ñ”â„¢,Nevada ,2020-11-30
mangkornzzzz_,á´˜á´œÊŸÉªêœ±á´¢á´¢á´¢â°Â² ğ—£ğ—¿ğ—²ğ˜€ğ—²ğ—»ğ˜ğ—²ğ—± ğ—¯ğ˜† ğ—­ğ—”ğ—œğ—” ğŸ˜¼,"Stamford Bridge, England",2020-11-30
Outlookindia,Outlook Magazine,"New Delhi, India",2020-11-30
kanmaadventures,Kanma Adventures,"Nairobi, Kenya",2020-11-30
manlike_archie,ARCHIEKOLOğŸğŸ‡³ğŸ‡¬,Abroad ijn,2020-11-30
X_Limit_X,ClaudioğŸ–¤,,2020-11-30
AbsoluteChelsea,Absolute Chelsea,,2020-11-30
Omotodun_,OmotÃ³dÃ¹nğŸ‡¨ğŸ‡¦ğŸ‡¨ğŸ‡¦,,2020-11-30
abed_daeli,AbedDaeli,"Kota Medan, Sumatera Utara",2020-11-30
boakye_dosty,Orchestrator_ğŸ”,"Kumasi, Ghana",2020-11-30
Hazard10_CFC,Mo. kasem,,2020-11-30
RansfordCobbin4,Ransford Pjay,"Nsuaem, Ghana",2020-11-30
MrT30238434,Mr T,,2020-11-30
InstaMuhammad,ğŸ¦ ğŸ‡²ğŸ‡¦ Ù…Ø­Ù…Ø¯ Ø§ï»¹Ø¯Ø±ÙŠØ³ÙŠ,Marrakech city/ Morocco ğŸ‡²ğŸ‡¦,2020-11-30
amdesizzling,AkuağŸ§šğŸ½â€â™€ï¸,Ghana,2020-11-30
_karanmaniar,Karan,,2020-11-30
JayShirah7,Jay Shirah Khamadi,Nairobi.,2020-11-30
tvlu_ad,Tolu,Anywhere you see me,2020-11-30
Dimex93,Olaâ€¢CFCâ€¢ ğŸ’™ğŸ‡¨ğŸ‡¦ğŸ‡¨ğŸ‡¦ğŸ‡¨ğŸ‡¦,Lagos nigeria,2020-11-30
ChelseafcMOTM,ChelseafcMOTM,London,2020-11-30
se_eren_,Big chief S,Nigeria,2020-11-30
ArthurChijindu,Arthur,Nigeria,2020-11-30
DayoBernard,DEE ONE,Abuja/Nigeria,2020-11-30
mgolda1216,Matthew Golda,,2020-11-30
taylor_qwabena,SevenMissedCall,"Accra, Ghana",2020-11-30
adama_adama56,Adama,,2020-11-30
StadDoha_en,Stad Doha,Qatar,2020-11-30
StumphLogan,Logan Stumph,"Winter Garden, FL",2020-11-30
bandit_szn,__.banditğŸ’¥,"Albany,NYC",2020-11-30
faremiSodeeq,Faremi Sodeeq,Morocco Spain in London,2020-11-30
TheCFCTALKPod,The CFCTALK Podcast,,2020-11-30
realdaveharris,Dave Harris,,2020-11-30
Stoppageshow,Stoppage Time Soccer Show,,2020-11-30
KovyError,Error 404 ï£¿ ğŸ’­,Nigeria,2020-11-30
KovyError,Error 404 ï£¿ ğŸ’­,Nigeria,2020-11-30
CallumWilsonVFL,Callum Wilson,,2020-11-30
Chris09Adams,Chris9Adams,Redditch,2020-11-30
MrBoadu,Michael Asare Boadu,Ghana,2020-11-30
FtblStats,Football Stats,,2020-11-30
JohnNyabiko,John J.B. Nyabiko,,2020-11-30
AndOneDynasty,AND-ONE,,2020-11-30
PRINCEOFAFR,SlimFit,Hueco Mundo,2020-11-30
kostadino_tase,TaÅ¡e Kostadino,Prague,2020-11-30
roxanasharif7,roxana sharif,Dhaka Bangladesh,2020-11-30
CfcWavez,Wavez_CFC,,2020-11-30
MaliguW,A. A. Abdul Razak,,2020-11-30
wofa_kay9,Kevin,Letâ€™s find out,2020-11-30
chai_kidhar_hai,Bhavesh,Dukaan,2020-11-30
Booktree_Ng,BOOKTREE,Nigeria ,2020-11-30
iam_future,OjÃ³Ã²la #EndSARS,Earth ğŸ‡³ğŸ‡¬,2020-11-30
ChikaPrnce,David Prnce chika,,2020-11-30
skinyai,STEVE KINYAI,Nairobi Kenya,2020-11-30
monarchoverkill,Monarchoverkill,"Virginia, USA",2020-11-30
FelixBet4,Felix Bet,Italie,2020-11-30
wandeto_ian,Mumbi,"Nairobi, Kenya",2020-11-30
GyesiSeth,Drugsty,"Accra, Ghana",2020-11-30
kekii_godwin,AFRICAN BLUETV,,2020-11-30
Stoppageshow,Stoppage Time Soccer Show,,2020-11-30
bhavyatyagi,Bhavya Tyagi,,2020-11-30
Oniletvng,Oniletvng,,2020-11-30
_arhakim27,Ali Rahman Hakim,"Yogyakarta, Indonesia. ",2020-11-30
truthOriginal,ğŸ‘½ Itz truthğŸ’§,Jamaica,2020-11-30
ABEdBUMBLEBEE07,ABE@Chelsea,Global Citizen,2020-11-30
iarekevbot,k e v,"Milwaukee, WI",2020-11-30
CFCBengaluru,Chelsea Bengaluru,"Bengaluru, Karnataka",2020-11-30
kanmaadventures,Kanma Adventures,"Nairobi, Kenya",2020-11-30
Ay_bakry,Mansa_Ayobami #ENDSWAT,"Lagos, Nigeria",2020-11-30
PillaiYash,Yash Pillai,"Mumbai, India",2020-11-30
ntrosrks,kanami,Advanced Warfare,2020-11-30
Queenserah3,Queenserah,,2020-11-30
jovanivasquez,Jovani Vasquez,"San Diego, CA USA",2020-11-30
RazzyKigz,Rachael Â®,LDN/UG,2020-11-30
mykhelcom,myKhel.com,Bengaluru,2020-11-30
willhewitt108,Will Hewitt,United Kingdom,2020-11-30
mangkornzzzz_,á´˜á´œÊŸÉªêœ±á´¢á´¢á´¢â°Â² ğ—£ğ—¿ğ—²ğ˜€ğ—²ğ—»ğ˜ğ—²ğ—± ğ—¯ğ˜† ğ—­ğ—”ğ—œğ—” ğŸ˜¼,"Stamford Bridge, England",2020-11-30
Jccnr,D r a k k e n,2 2 1 B Baker,2020-11-30
ChelseaStatto,Chelsea Statto,,2020-11-30
CFCLMC_,Lmc,,2020-11-30
MojoCFC,MojoCFC,"London, England",2020-11-30
chelseaFC_warri,Chelseafc Delta Stateâ†—ï¸,"London, England",2020-11-30
taiwo_james,T.JAMES 30â„¢,"Gwagwalada, Abuja. Nigeria",2020-11-30
Hamsamart121,Hamsamart,Abuja federal capital ,2020-11-30
AYPrivateEye,Andy LFCDT âœ‹ğŸ»ğŸ‘†ğŸ»,"South Dublin, Ireland",2020-11-30
ChelseaPuzzles,ChelseaPuzzles,SW6 1HS,2020-11-30
kodefitness1,kodeâ€™s fitness,,2020-11-30
colin_turley,Colin Turley,Dublin ,2020-11-30
kofiwusudedon11,John Owusu,,2020-11-30
FootyKeyrings,SD,,2020-11-30
taiwo_james,T.JAMES 30â„¢,"Gwagwalada, Abuja. Nigeria",2020-11-30
Saintluiz4,Joecruzi,Nigeria,2020-11-30
Citso_Al,C-tso,"Ho, Ghana",2020-11-30
TFTMedia1,Football Terrace FC,"South East, England",2020-11-30
GrizzKhan,Grizz*,"East London, UK",2020-11-30
dickson87,Anthony,Liverpool,2020-11-30
KeithPlunkett4,Keith Plunkett,"Dublin City, Ireland",2020-11-30
lovemyMatherAn1,ğŸ‡®ğŸ‡¹ğŸ‡¸ğŸ‡¦ğŸ¤²ğŸ’•God bless youğŸ’›â¤ï¸ğŸ´ğŸ—¡ï¸ğŸ¹âš”ï¸ğŸ›¡ï¸ ğŸ†23ğŸ”´âš«,Italy,2020-11-30
MIKABAS3,MIKABAS,"Lagos, Nigeria",2020-11-30
Kunleski95,Mo' Sirnu'c,,2020-11-30
taiwo_james,T.JAMES 30â„¢,"Gwagwalada, Abuja. Nigeria",2020-11-30
ChelseaPuzzles,ChelseaPuzzles,SW6 1HS,2020-11-30
LFCDaytrippers,LFC Daytrippers Podcast,"Dublin City, Ireland",2020-11-30
rebeccawalshol2,rebecca ğŸ’™ğŸ’™ğŸ’™ğŸ’™ ğŸ„ğŸ„,"Mayo, Ireland",2020-11-30
adjei_owusu_bem,Adjei Owusu Bempah,Ghana,2020-11-30
Jertynooo,JDIV,"Paris, France",2020-11-30
og_iTunes,itunubaba1,Nigeria,2020-11-30
KhaledH95526736,KHALID,"Alexandria, Egypt",2020-11-30
AbsoluteChelsea,Absolute Chelsea,,2020-11-30
KaysEra12,Ama strong â™¥ï¸,"Tema, Ghana",2020-11-30
Citso_Al,C-tso,"Ho, Ghana",2020-11-30
kivale_mwende,kivale_mwende,"Nairobi, Kenya",2020-11-30
businessnews_3,Business News,"Birmingham, England",2020-11-30
SonOfRagnar_,Bjorn Ironside,"Avion, France",2020-11-30
TNNME,TNnME,Cambridge Ma,2020-11-30
VICTORHCUEVA,Victor Cueva,QUITO,2020-11-30
TNNME,TNnME,Cambridge Ma,2020-11-30
TNNME,TNnME,Cambridge Ma,2020-11-30
Jacquel98551687,Jacqueline,,2020-11-30
OnBastet,Bastet On A Hot Tin Roof,"Los Angeles, CA",2020-11-30
OnBastet,Bastet On A Hot Tin Roof,"Los Angeles, CA",2020-11-30
FootyKeyrings,SD,,2020-11-30
Jacquel98551687,Jacqueline,,2020-11-30
OnBastet,Bastet On A Hot Tin Roof,"Los Angeles, CA",2020-11-30
blandbrygd,Blandbrygd,Internet,2020-11-30
Dan0532439154,Ø¬ÙŠÙƒ Ù…Ø³Ø§Ø¬ Ø§Ù„Ø±ÙŠØ§Ø¶,,2020-11-30
the_iseoluwa,Ron's GuyğŸ˜ˆ,"Lagos, Nigeria",2020-11-30
ayodeleoluranti,ayodele oluranti,delta state,2020-11-30
owerri_firstson,CHAMBERS 107.NG,LAGOS,2020-11-30
_8496_,#WRLD,ğŸŒ,2020-11-30
BlessupDamaker2,Blessup Damaker,"Kasoa, Ghana",2020-11-30
FlexyJay9,Flexy Jay,"Benue, Nigeria",2020-11-30
kenton0pay,keton0pay,,2020-11-30
dandcfc14,dandcfc,,2020-11-30
Okey2pac1,OkeyBurnaboizğŸ‡³ğŸ‡¬,,2020-11-30
Dan0532439154,Ø¬ÙŠÙƒ Ù…Ø³Ø§Ø¬ Ø§Ù„Ø±ÙŠØ§Ø¶,,2020-11-30
Dan0532439154,Ø¬ÙŠÙƒ Ù…Ø³Ø§Ø¬ Ø§Ù„Ø±ÙŠØ§Ø¶,,2020-11-30
obiloonu2,MUFC LAST BORNğŸ™…,"Abuja, Nigeria",2020-11-30
PhxAkin,AlÃ¡gbÃ dá» ğŸ‡³ğŸ‡¬ğŸ‡³ğŸ‡¬,,2020-11-30
FootyKeyrings,SD,,2020-11-30
kieswacker1,Kieran Thorne,,2020-11-30
MHernandezRosel,Miguel HernÃ¡ndez R.,La Paz ( Bolivia).,2020-11-30
CFCROYALBLUE,ROYALBLUECHELSEA,,2020-11-30
_wisdom34,Wisdom,"Lagos, Nigeria",2020-11-30
carpediemwinnrz,George,,2020-11-30
claudepoleon,kajal poleon,,2020-11-30
theAsianBlue,The Asian Blue ğŸ’™,Opinions Are My Own,2020-11-30
theAsianBlue,The Asian Blue ğŸ’™,Opinions Are My Own,2020-11-30
ManUtdFanKe,manchester united  fansğŸ‡°ğŸ‡ª,"Nairobi, Kenya",2020-11-30
marceloclaure,MarceloClaure,New York & Miami ,2020-11-30
_lashe21,LasheğŸ˜,somewhere close,2020-11-30
cnstvja,Cable News & Sports TV,,2020-11-30
BelloAjibola_09,Bello Ajibola,Lagos,2020-11-30
Wrightie7,Nancy Wright,Planet Twitter,2020-11-30
jolake415,jolake,Monmouthshire,2020-11-30
skinyai,STEVE KINYAI,Nairobi Kenya,2020-11-30
LondonsFinestS2,London's Finest Show Feed,,2020-11-30
Queenpam17,SOCIAL DISTANCING ğŸ˜·,,2020-11-30
chimela_john,Chimela,Nigeria,2020-11-30
OffiahFestus,FestusğŸš®,"Awka, Nigeria",2020-11-30
RodCarefree,Butterfly EffectğŸ¦‹,Everywhere Is Here! ,2020-11-30
CBlueMentality,Chelsea The Blue Mentality,,2020-11-30
KaysEra12,Ama strong â™¥ï¸,"Tema, Ghana",2020-11-30
Saintobinwa1,MUFC â£ï¸,World,2020-11-30
BelloAjibola_09,Bello Ajibola,Lagos,2020-11-30
Coodez8,MUFCğŸ˜˜,"Abuja, Nigeria",2020-11-30
JaredDylanSylv2,Jared Dylan Sylvester,,2020-11-30
Chikaunited,042,,2020-11-30
FootyKeyrings,SD,,2020-11-30
flyingeze,Flying Eze,,2020-11-30
AliyuMo75887778,Alex,,2020-11-30
BraNii_TYGA22,TnkYouGodAlways(TYGAğŸ¯),,2020-11-30
porcee_009,Olamiposi,ğŸ“,2020-11-30
RealUSMNT,USMNT,,2020-11-30
BIGDADD10144319,BIG DADDYâšª,"Lagos, Nigeria",2020-11-30
LondonsFinestQU,London's Finest,,2020-11-30
big_bentweet,big_ben,,2020-11-30
LondonsFinestQU,London's Finest,,2020-11-30
scifo_m,CF,,2020-11-30
FootyKeyrings,SD,,2020-11-30
ChelseaPuzzles,ChelseaPuzzles,SW6 1HS,2020-11-30
Iwujijustus,Iwuji justus J.LORD,Portharcourt,2020-11-30
LondonsFinestQU,London's Finest,,2020-11-30
ArmyDavido,ğŸŒˆ ğŸŒˆÂ²Â³ Pulisic is back,,2020-11-30
ChelseaPuzzles,ChelseaPuzzles,SW6 1HS,2020-11-30
MGHCCHI1,MGH Community Health,"Boston, MA",2020-11-30
RJ_Goodthings,RJ,,2020-11-30
LondonsFinestQU,London's Finest,,2020-11-30
pounds96,akwasi POUNDS,"Dubai, United Arab Emirates",2020-11-30
Elite_clubb,BET 365 - TIPSTER FIXING,naples ,2020-11-30
LondonsFinestS2,London's Finest Show Feed,,2020-11-30
ukgovcomp,UK Government Cover Up - Competition Account,Worldwide,2020-11-30
AlexandreDester,Alexou,"Troyes, France",2020-11-30
NICHOLASKARTHU1,Dhatbwoyblinkx Jnr,"Accra, Ghana",2020-11-30
LondonsFinestQU,London's Finest,,2020-11-30
Stefanonyc212,Steven Miller,NYC,2020-11-30

