futbol_fantasy,FÃºtbolFantasy,EspaÃ±a,2020-11-30
FRmcff,FansRMCFF,,2020-11-30
cameronaab1,2Dope2ffYaLead,"England, United Kingdom",2020-11-30
KelzMff,Mack,Daveyton and Polokwane,2020-11-30
oscar_fanatic,Oscar_The_Fanatic,[D]m[V],2020-11-30
SalehMadridista,Saleh Madridista,Estadio Santiago BernabÃ©u,2020-11-30
SalehMadridista,Saleh Madridista,Estadio Santiago BernabÃ©u,2020-11-30
PungiDaasa,MosrannağŸ™ƒ,,2020-11-30
mannyvsoker,Manny,,2020-11-30
playpongis,Pongis,Japan,2020-11-30
KingsOfEuropa,Reyes de Europa!,,2020-11-30
jordyxcollins,jordanxcollins,"Denver, Colorado",2020-11-30
mannyvsoker,Manny,,2020-11-30
CharlieSGSport,Charlie,,2020-11-30
pulgazarate,Ana ZÃ¡rate,,2020-11-30
kikeabrilruiz13,Soldado de AsllaniğŸ‘‘ğŸ‡¸ğŸ‡ªâš½,Estadio Benito VillamarÃ­n âš½,2020-11-30
ynadamaspodcast,ynadamaspodcast,United States,2020-11-30
duodecima1,RM,World,2020-11-30
WatchNo19054971,Watch Now,,2020-11-30
Sandesh97596045,Sandesh Khadka,,2020-11-30
cokemon6,Coke,Mexico,2020-11-30
samrat__dulal,Samrat Dulal,,2020-11-30
thatmadrid_guy,Trambak Bhattacherjee,Following behind you:) ,2020-11-30
waroh_sarawut,Sarawut Waroh,"à¸ˆ.à¸ªà¸•à¸¹à¸¥, à¸›à¸£à¸°à¹€à¸—à¸¨à¹„à¸—à¸¢",2020-11-30
bleedwhite9,galacticos (34ğŸ†),,2020-11-30
dyzurita,Dylan,,2020-11-30
IncKelton,ğ—•ğ—¹ğ—®ğ—»ğ—°ğ—¼ğ˜€ ğ—Ÿğ—¶ğ˜ƒğ—²,,2020-11-30
Conlabrisa,Givi,"Las Vegas, NV",2020-11-30
ynadamaspodcast,ynadamaspodcast,United States,2020-11-30
Nadieimportant2,Nadieimportante,En mi mundo feliz ,2020-11-30
futmaster_YT,Fut Master,,2020-11-30
AlexTOSKOVIC,Alex TOSKOVIC,"Kraljevo, Serbia MADRID, Spain",2020-11-30
AlviRayaan,Rayaan Alvi #WearTheMask,"Ú©Ø±Ø§Ú†ÛŒ, Ù¾Ø§Ú©Ø³ØªØ§Ù†",2020-11-30
GolAlerta,Alerta Gol,"Coya, Chile",2020-11-30
bold_realmadrid,bold.dk - RealMadrid,,2020-11-30
KartikSreekumar,Kartik Sreekumar,"Kerala, India",2020-11-30
swiftdelicate1,I STAND WITH TAYLOR - CarmenğŸ˜,"New York, NY",2020-11-30
JuventusJay,J âšªâš«,#OMNIPLETE,2020-11-30
goalkeapper,tony martinez diaz,barcelona,2020-11-30
Vedansh_01,Tritonâ„¢,,2020-11-30
DiegoGrobaLoren,DGL,fuerteventura (Morro Jable),2020-11-30
imjontolbert,Jon Tolbert IV,staying inside,2020-11-30
farhat514,Farhat Abbas,"Torino, Italy",2020-11-30
SiulOczoro989,Siul OczoroğŸµ ğŸ,,2020-11-30
giri20125669,giri,,2020-11-30
JanakTailor,â€”â€”â€”-,United Kingdom,2020-11-30
yakubumohammed_,yakub mohammed,,2020-11-30
harshalgandhi28,The Harshal Gandhi,"Mumbai, India. ",2020-11-30
DamilolaAdeoti4,DÃ¡mÃ¬lÃ³lÃ  Adeoti,Abuja,2020-11-30
JPAS0605,Jean-Pierre,Tomando Fernet,2020-11-30
Musicmelody201,lawrence lara,1300 Horseshoe Lane Norristown,2020-11-30
CinnamonCorazon,ğŸ–¤corazÃ³n de cinnamon ğŸ´,ğŸŒ‘on the horizonğŸŒ‘,2020-11-30
natbnyc,Natalia Baranovskaya,"New York, NY",2020-11-30
AmmarZamann,A M M A R,"15 Yemen Road, Yemen",2020-11-30
wilson_emt,Emily Wilson,Canada,2020-11-30
El7delRM,REYES DEL UNIVERSO,"AlcalÃ¡ de Henares, EspaÃ±a",2020-11-30
officialrm_dna,RM_DNA,,2020-11-30
Musicmelody201,lawrence lara,1300 Horseshoe Lane Norristown,2020-11-30
hollow387,Z.,,2020-11-30
4ver_madridista,papa PEREZ,,2020-11-30
fitsum,ğŸ‡ªğŸ‡¹ğŸ‡ºğŸ‡¸ğŸ¤™ğŸ¾áááˆ,+1 202,2020-11-30
Musicmelody201,lawrence lara,1300 Horseshoe Lane Norristown,2020-11-30
leonstav,Leon Stavrinakis ğŸ‡ºğŸ‡¸,"Charleston, SC",2020-11-30
farhat514,Farhat Abbas,"Torino, Italy",2020-11-30
KurdistanRMD,Real Madrid in Kurdistan,Kurdistan,2020-11-30
ShadyFiasco,ShadyFiasco,"Ottawa, Canada",2020-11-30
G_Gustavin,Gustavo Gonzalez,PanamÃ¡,2020-11-30
fitsum,ğŸ‡ªğŸ‡¹ğŸ‡ºğŸ‡¸ğŸ¤™ğŸ¾áááˆ,+1 202,2020-11-30
RAR_2011,Mohammed Almudahki,"Dhahran, Saudi Arabia",2020-11-30
ynadamaspodcast,ynadamaspodcast,United States,2020-11-30
fitsum,ğŸ‡ªğŸ‡¹ğŸ‡ºğŸ‡¸ğŸ¤™ğŸ¾áááˆ,+1 202,2020-11-30
Absolute_RMCF,Advp,India,2020-11-30
Notursoccerexp1,Notursoccerexpert,,2020-11-30
sportli32511311,sport live,,2020-11-30
leonstav,Leon Stavrinakis ğŸ‡ºğŸ‡¸,"Charleston, SC",2020-11-30
HodzaEmir,Emir Hodzic,Tokyo - Helsinki,2020-11-30
imjontolbert,Jon Tolbert IV,staying inside,2020-11-30
MaradonasDealer,Maradona's Dealer (Burner Account),,2020-11-30
TxenTeam1986,ChentEDM ğŸŸ OnlyCopyCaTGA,"Burgos, CastillayLeon, EspaÃ±a.",2020-11-30
TxenTeam1986,ChentEDM ğŸŸ OnlyCopyCaTGA,"Burgos, CastillayLeon, EspaÃ±a.",2020-11-30
GolAlerta,Alerta Gol,"Coya, Chile",2020-11-30
PSG24hours,PSG en Direct ğŸŒ,Parc des Princes,2020-11-30
AjitMenon_Real,Ajitt MenonnğŸ‡®ğŸ‡³,India,2020-11-30
Notursoccerexp1,Notursoccerexpert,,2020-11-30
KlaasMoukangwe,Klaas Moukangwe,"Pretoria, South Africa",2020-11-30
maxo41,Master Class,"Cayes, Haiti",2020-11-30
ovostreams,Nba Streams,,2020-11-30
higurashi_asuna,Asuna Higurashi,Colombia,2020-11-30
ConvertOdds,Convert Odds,,2020-11-30
9jaGooners,9jagooners #EndSARSNow,Nigeria,2020-11-30
AppMatchday,The MatchDay App,Nigeria,2020-11-30
SportsStreamuk,SportsStream.co.uk,UK,2020-11-30
camfis77,Camille Fischbach,"Ile-de-France, France",2020-11-30
spartanmunich,spartanmunich,MÃ©xico,2020-11-30
hairdryerfooty,Hairdryer Treatment,Dressing Room,2020-11-30
TopMercato,â–º Top Mercato,France,2020-11-30
sumikha36713673,sumi khatun,,2020-11-30
hakimki80430161,hakim kimo,,2020-11-30
TheX97703351,TheX,,2020-11-30
WinningBetsPod,Winning Bets ğŸˆâš¾ğŸ€âš½ğŸ’=ğŸ’°,Chicago,2020-11-30
CarlosJSB231290,CarlosJSB231290,,2020-11-30
MadridSix,Stream and Prediction tips,,2020-11-30
kev_egan,Kevin Egan,ğŸ‡®ğŸ‡ªDUB â¡ï¸ CHIâ¡ï¸ MIAâ¡ï¸ ATLğŸ‡ºğŸ‡¸,2020-11-30
Marvindroide,Marvin,"Lima, PerÃº",2020-11-30
ApuestasGoat,Goat Apuestas,,2020-11-30
SirMultifandom,K/DA More,En mi casa desde 1995/04/12,2020-11-30
Pratyus45785567,Pratyush Srivastava,,2020-11-30
officialrm_dna,RM_DNA,,2020-11-30
Virginia_MS_,Virginia ğŸ’«,"Murcia, EspaÃ±a",2020-11-30
Virginia_MS_,Virginia ğŸ’«,"Murcia, EspaÃ±a",2020-11-30
szvdesign,szvdesign,,2020-11-30
TwitMadridista,UniversalTweet,africamericasiaeuropeoceany,2020-11-30
TwitMadridista,UniversalTweet,africamericasiaeuropeoceany,2020-11-30
Solofutbolfemen,TS futbol femenino,,2020-11-30
Solofutbolfemen,TS futbol femenino,,2020-11-30
williehappiness,NAZA,"Lagos, Nigeria",2020-11-30
ViveandChill,Viveandchill,online,2020-11-30
ViveandChill,Viveandchill,online,2020-11-30
ViveandChill,Viveandchill,online,2020-11-30
TeamCR7Japan,Cristiano Ronaldo ( atğŸ¡ ),â™”Estadio Santiago BernabÃ©uâ™”,2020-11-30
Joseisallin,JosÃ© Merino,Ciudad Real,2020-11-30
isra7delatorre,Israel De La Torre,,2020-11-30
margaritafg18,MargArita FG,"Piura, Peru",2020-11-30
ftblersOfficial,FTBLERS Official,,2020-11-30
margaritafg18,MargArita FG,"Piura, Peru",2020-11-30
Gamedevbot9000,Gamedev every 20 minutes!,,2020-11-30
touchdownbot,Touchdown Bot,United States,2020-11-30
touchdownbot,Touchdown Bot,United States,2020-11-30
touchdownbot,Touchdown Bot,United States,2020-11-30
touchdownbot,Touchdown Bot,United States,2020-11-30
FutIconOK,FutIcon,,2020-11-30
Yannic416,Fat TonyğŸ‡¹ğŸ‡¹,"Queens, NY",2020-11-30
EmilioRM13_34,ğŸ‡»ğŸ‡ªğŸ‡ªğŸ‡¸HALA MADRID âš½ğŸ†ğŸ‡»ğŸ‡ªğŸ‡ªğŸ‡¸,El Mejor paÃ­s del Mundo,2020-11-30
EsportsTweeter,Esports RTs - Discountined,United States,2020-11-30
EsportsTweeter,Esports RTs - Discountined,United States,2020-11-30
EsportsTweeter,Esports RTs - Discountined,United States,2020-11-30
EsportsTweeter,Esports RTs - Discountined,United States,2020-11-30
maxmathews95,Max Mathews,"Croydon, Greater London",2020-11-30
LimbaughOC,David Limbaugh,USA,2020-11-30
OddsCovers,ODDSCOVERS (Official),USA,2020-11-30
IreneAdlerOC,Irene Adler,,2020-11-30
LandonSmithOC,Landon Smith,United States of America,2020-11-30
Neibeth94,Nei N âš½ğŸ,Valencia - Venezuela,2020-11-30
margaritafg18,MargArita FG,"Piura, Peru",2020-11-30
sermadness,ZIDANE,â™ï¸,2020-11-30
jem2050,Ahmed1999,,2020-11-30
jem2050,Ahmed1999,,2020-11-30
AmigosRM_Marace,PeÃ±a RM Maracena,Granada,2020-11-30
BrandingDrop,Uptown Graphics Inc,"Keekorok Road, Nairobi. ",2020-11-30
usama_isco22,Usama Sarwar Â³â´,"Umarkot, Pakistan",2020-11-30
ToniKrooz8,TK8,,2020-11-30
AnneShly,Anne Shirley,,2020-11-30
Abraham_ESP96,Abraham ğŸ‡ªğŸ‡¸,EspaÃ±a,2020-11-30
Abraham_ESP96,Abraham ğŸ‡ªğŸ‡¸,EspaÃ±a,2020-11-30
anapaumaup,Ana Pau MaupomÃ©,WorldWide,2020-11-30
anapaumaup,Ana Pau MaupomÃ©,WorldWide,2020-11-30
TheRMadridTV,TheRMadridTV,Subscribe to us on YOUTUBE,2020-11-30
pina33elTitan,pina33elTitan,,2020-11-30
lolo73mgg,ğŸ‡ªğŸ‡¸Madridista puroğŸ‡ªğŸ‡¸,"Yecla, EspaÃ±a",2020-11-30
OnMadridista,OnMadridista,,2020-11-30
OnMadridista,OnMadridista,,2020-11-30
AlitmrAli,Ali (TMR),,2020-11-30
fergarci7,ğŸ‡ªğŸ‡¸ Fernando GarcinuÃ±o ğŸ‡ªğŸ‡¸,Ãvila,2020-11-30
diegojdq,Diego De Quintal,,2020-11-30
pina33elTitan,pina33elTitan,,2020-11-30
_SerMadridista,SerMadridista,"Madrid, Comunidad de Madrid",2020-11-30
RodrigooMiguel7,Rodrigo Miguel ğŸ‡§ğŸ‡·ğŸ‡ºğŸ‡¸ğŸ‡ªğŸ‡¸,WorldWide,2020-11-30
aripov_sarvar,Aripov Sarvar ğŸ‡ºğŸ‡¿ğŸ‡ºğŸ‡¿ğŸ‡ºğŸ‡¿,Uzbekistan ğŸ‡ºğŸ‡¿,2020-11-30
marcosvd__,Marcos Vicente DÃ­az,"Parla, EspaÃ±a",2020-11-30
marcosvd__,Marcos Vicente DÃ­az,"Parla, EspaÃ±a",2020-11-30
EsperonAlonso,Roberto Esperon Alonso,,2020-11-30
drunkjaguar,Alessandra,,2020-11-30
oddsjet,OddsJet,,2020-11-30
CGP_TV,CristÃ³bal GarcÃ­a,AndÃºjar,2020-11-30
ReyReal_RN,ğŸ†3âƒ£4ï¸âƒ£ + 1âƒ£3ï¸âƒ£ğŸ†,EspaÃ±a,2020-11-30
Karlos00898059,Karlos,,2020-11-30
Aaronwarriors,AarÃ³n,"Madrid, EspaÃ±a",2020-11-30
Vasqueztony_17,Tony Vasquez,Maracay Aragua Venezuela,2020-11-30
jfayala79,J F AyalağŸšŒ ğŸ˜· ğŸ’™ ğŸ’š,,2020-11-30
Marck_78,JesÃºs MartÃ­nez,Terrassa (Barcelona) EspaÃ±a ,2020-11-30
cr0quetica,Tamarita Rumpelstiltskin,"Siete mis estrellas, Madrid",2020-11-30
BrandingDrop,Uptown Graphics Inc,"Keekorok Road, Nairobi. ",2020-11-30
Subhaji17882621,Subhajit Paul,,2020-11-30
BrandingDrop,Uptown Graphics Inc,"Keekorok Road, Nairobi. ",2020-11-30
loren_cr7,CapitÃ¡n Deadpool,"CÃ¡ceres, EspaÃ±a",2020-11-30
roobxs,rob // asfive,.brasil,2020-11-30
IvanMaroto07,IvÃ¡n Maroto Montoroâ„ï¸â›„ğŸ„ğŸš¬,,2020-11-30
GrantRM1,Maria Radisavljevic,,2020-11-30
mandinehenry6,Ana :),rmcf â€¢ lfc â€¢ sep â€¢ storm,2020-11-30
Alberto_Shaoke,Alberto SÃ¡nchez ğŸ‡ªğŸ‡¸RMğŸ‡ªğŸ‡¸,,2020-11-30
Mcardona10,Marta Cardona de Miguel,Zaragoza,2020-11-30
Franciscosan4,Francisco Sanchez,Caudete (Albacete) EspaÃ±a,2020-11-30
FootyLegend_,Footy Legend VIP Hospitality,"Barcelona, Spain",2020-11-30
NayelinNegrette,Naye NG,"San Francisco de MacorÃ­s, Domi",2020-11-30
DuaaRMCF,ğ““ğ“¾ğ“ªğ“ªï·¼ğŸ‡³ğŸ‡±ğŸ¤,â“‚ÉªsğŸ‡±ğŸ‡¾||â“‚á´€á´…ğŸ‡ªğŸ‡¦,2020-11-30
anamerengona,Anita,,2020-11-30
horchani_nafaa,nafaa horchani,,2020-11-30
isma_mvp,Isma,,2020-11-30
brianvanderbest,Brian Van Der Biest,,2020-11-30
SandraMoraxa,SÎ±Ğ¸âˆ‚ÑÎ± ğŸ–¤,Entre Mora y Yepes ,2020-11-30
iamdamaged8,MkğŸ³ï¸â€ğŸŒˆ,,2020-11-30
FidalgoMon,MarÃ­a Mon Fidalgo,,2020-11-30
Ricardo73556098,Ricardo Cunha,,2020-11-30
bogdannitescu1,bogdan.nitescu,"Bucharest, Romania",2020-11-30
dacilpr28,Dacilpr/shak ğŸ‡®ğŸ‡¨ğŸ‡ªğŸ‡¸,"Las Palmas de Gran Canaria, Is",2020-11-30
dacilpr28,Dacilpr/shak ğŸ‡®ğŸ‡¨ğŸ‡ªğŸ‡¸,"Las Palmas de Gran Canaria, Is",2020-11-30
SimberWann,Simber MadridistağŸ˜âœŒğŸ»ğŸ‘ŠğŸ»,"Kona, Ghana",2020-11-30
ririboynic,Jorge Abea ( desde ğŸ ),Nicaragua,2020-11-30
sralouist,hbriela,sempre altaneiro   ela/dela ,2020-11-30
sralouist,hbriela,sempre altaneiro   ela/dela ,2020-11-30
Acevedo_S9,S.AC 9Â¾ ğŸŒˆ ğŸ³ï¸â€ğŸŒˆ,r,2020-11-30
Virginia_MS_,Virginia ğŸ’«,"Murcia, EspaÃ±a",2020-11-30
lee_rko,Larissa ğŸŒªï¸,Brasil,2020-11-30
adrianvk94,AdriÃ¡n Caballero,"Madrid, Comunidad de Madrid",2020-11-30
lavado17,AdriÃ¡n Lavado,"Collado Villalba, Madrid",2020-11-30
helen7RM,Siempre Real 3ï¸âƒ£4ï¸âƒ£ğŸ†,EspaÃ±a,2020-11-30
uel_mita,UCEL da Mitagem,,2020-11-30
uefamita,uefamita,,2020-11-30
Nike12315417899,Nike123,,2020-11-30
kwekujr_,ONUAğŸ‡¬ğŸ‡­,,2020-11-30
gobon14_,Gabriel Obon,,2020-11-30
NEILSHOTDEALS,NEILSHOTDEALS,Islip New York,2020-11-30
Xabi207,Javi Torres,Vizcaya/Bizkaia,2020-11-30
RicaGalletiita,GalletağŸ’,,2020-11-30
easyodds,Easyodds.com,"Leeds, England",2020-11-30
Soy_RM_CF,Allen,Donde Juegue el Real Madrid CF,2020-11-30
Danielfm_95,Daniel Flores,Madrid,2020-11-30
alexpinillos82,ğ“ğ“µğ“®ğ” ğŸ‡ªğŸ‡¸ ğŸ ğŸš,"Madrid,EspaÃ±a",2020-11-30
boricuatwit,Boricua Twit,unknown,2020-11-30
fdezj_jose88,ğŸ’¥Jose FernÃ¡ndezğŸ’¥,,2020-11-30
GloberTorpess,Mr. X â”,,2020-11-30
duudito,Edu,Mdz,2020-11-30
Blacksky_616,â¸¸ AÌ¥leÍ›x â›§,En algÃºn lugar del universo ğŸ–¤,2020-11-30
carrillo_elissa,Ely carrillo,,2020-11-30
_carolnaarroyo,Carol,,2020-11-30
charlespats,Carlos Dos Santos,"Madrid, Comunidad de Madrid",2020-11-30
gabifeal,GabiFM,,2020-11-30
halamadriwd,leticia,santiago bernabeu,2020-11-30
hounly,DMO,,2020-11-30
Madrid_Bekasi,PeÃ±a Real Madrid de Indonesia Regional Bekasi,"Bekasi, Jawa Barat",2020-11-30
Madrid_Bekasi,PeÃ±a Real Madrid de Indonesia Regional Bekasi,"Bekasi, Jawa Barat",2020-11-30
Madrid_Bekasi,PeÃ±a Real Madrid de Indonesia Regional Bekasi,"Bekasi, Jawa Barat",2020-11-30
Nawas_masood,CROWN PRINCE ğŸ‘‘,HOME OF PEACE,2020-11-30
_pauliiita,h âš¡ï¸,,2020-11-30
RaymerHurtado,Ray Isolated,"AndalucÃ­a, EspaÃ±a",2020-11-30
Alcivar1Carlos,Albert zz ğŸƒ,,2020-11-30
AnxoCampos,Anxo Campos,,2020-11-30
Badgirl_isa,Isa MÃ¼ller â‰›â‰£,por aÃ­ fofoqueiro,2020-11-30
halxrmcf,L,"Rio de Janeiro, Brasil",2020-11-30
CristiianRM7,CristianRMâšª,"MÃ¡laga, EspaÃ±a",2020-11-30
mdcmg98,MğŸ’« RMğŸ³,Real Madrid,2020-11-30
Seddnv,Manu,Spain,2020-11-30
Idotiquides,Hector Mistral,"Madrid, Capital",2020-11-30
RMF_Stan23,â™ Æ™à½Ä±Ê‚ â™‹,"Barcelona, EspaÃ±a  ",2020-11-30
ruben_vm,RubÃ©n V.,EspaÃ±a,2020-11-30
DonAdrian992,Camposss,,2020-11-30
Rafa_C_G_E,Rafa GÃ¡lvez Entrena,MontefrÃ­o(Granada),2020-11-30
365Scores,365Scores,,2020-11-30
FLAIP2,WALDIN,,2020-11-30
RealmadridTacon,RealMadrid_Tacon,,2020-11-30
primethibaut,PrimeThibaut,"Bree, BelgiÃ«ğŸ‡§ğŸ‡ª ",2020-11-30
FloresFemFut,FloresFUTFEM,,2020-11-30
JaviOrtega80,Javier Ortega,,2020-11-30
lumma91,Luma ğŸŒ§ğŸŒ¿,,2020-11-30
Sergio_RMCF07,Sergio7_RMCFâš½ï¸,"Mislata, EspaÃ±a",2020-11-30
kossefia,Van,Earth 666,2020-11-30
realmadridfem,Real Madrid C.F.,Ciudad Real Madrid,2020-11-30
NEILSHOTDEALS,NEILSHOTDEALS,Islip New York,2020-11-30
halamadriwd,leticia,santiago bernabeu,2020-11-30
halamadriwd,leticia,santiago bernabeu,2020-11-30
tesorotec,Tesoro Technology,,2020-11-30
ignacio_cz,Ignacio CZ ğŸ–¤ğŸ‡ªğŸ‡¸ğŸ–¤ğŸ˜·ğŸ–¤âœğŸ–¤,"Madrid, EspaÃ±a",2020-11-30
SaberiAfsaneh,afsaneh saberi,,2020-11-30
IncKelton,ğ—•ğ—¹ğ—®ğ—»ğ—°ğ—¼ğ˜€ ğ—Ÿğ—¶ğ˜ƒğ—²,,2020-11-30
mamateuna67,@mamateuna67,Siempre Desubicado,2020-11-30
mamateuna67,@mamateuna67,Siempre Desubicado,2020-11-30
Mafalda_Pinho,Moutinho ğŸ‡ªğŸ‡¸,Santiago BernabÃ©u,2020-11-30
Mafalda_Pinho,Moutinho ğŸ‡ªğŸ‡¸,Santiago BernabÃ©u,2020-11-30
drewstyleslj,Ana,Brasil,2020-11-30
drewstyleslj,Ana,Brasil,2020-11-30
BausciaCafe,Bauscia CafÃ©,,2020-11-30
Connorbennett10,Connor Bennett,"Framlingham, England",2020-11-30
ElAsaltaCunas,J ğŸ”¥ S S,Sexto Estado ,2020-11-30
CasinoSieger,Casino Sieger,facebook.com/CasinoSieger,2020-11-30
cristze7,Darth Knightâš”,"Earth, Solar System",2020-11-30
tantarlos,juan carlos,,2020-11-30
Papotepless,ÎœÑÄ›Ğ³sĞ‡Ï‡Î±Ñ”âˆ‚ *Witcher 3 GOTY 2020*,"Islas Canarias, EspaÃ±a",2020-11-30
Forebet,Forebet,,2020-11-30
javiedu27,Javier Orozco 34ğŸ†,"Maracay, Venezuela",2020-11-30
DiegoGrobaLoren,DGL,fuerteventura (Morro Jable),2020-11-30
bogdannitescu1,bogdan.nitescu,"Bucharest, Romania",2020-11-30
adrianvk94,AdriÃ¡n Caballero,"Madrid, Comunidad de Madrid",2020-11-30
RMCFThhebest,RMCF,"Madrid, Comunidad de Madrid",2020-11-30
RMCFThhebest,RMCF,"Madrid, Comunidad de Madrid",2020-11-30
Rafa_C_G_E,Rafa GÃ¡lvez Entrena,MontefrÃ­o(Granada),2020-11-30
Rafa_C_G_E,Rafa GÃ¡lvez Entrena,MontefrÃ­o(Granada),2020-11-30
YaniraSiete2,ğŸºğŸ¦–ğŸ…ğŸ¼ğŸ¤¶ğŸ¼ğŸ„â„,,2020-11-30
YaniraSiete2,ğŸºğŸ¦–ğŸ…ğŸ¼ğŸ¤¶ğŸ¼ğŸ„â„,,2020-11-30
firrheart,bi,BelÃ©m,2020-11-30
firrheart,bi,BelÃ©m,2020-11-30
MaketoLari,Maketo Lari,,2020-11-30
crisss04__,Crisss18,Madrid 17/03/19,2020-11-30
Marck_78,JesÃºs MartÃ­nez,Terrassa (Barcelona) EspaÃ±a ,2020-11-30
pablocouce_,Rick Blaine,La CoruÃ±ağŸ‡ªğŸ‡¸,2020-11-30
TMF92,TF,UK,2020-11-30
txell_bnak,â€ xell benach,,2020-11-30
txell_bnak,â€ xell benach,,2020-11-30
juanrodro,Juan S RodrÃ­guez,MedellÃ­n,2020-11-30
El_Buitre34,Tonio,"Montpellier, France",2020-11-30
cafeyfutbol,â˜• CafÃ© y fÃºtbol âš½,Colombia,2020-11-30
modinhorm13,modinho,"Dar es Salaam, Tanzania",2020-11-30
Juanito63000,Hala Madrid ğŸ‡ªğŸ‡¦ Allez L'OM ğŸ‡¨ğŸ‡µ,"Madrid, Comunidad de Madrid",2020-11-30
EL_SPICIAL,~,,2020-11-30
JuliaParente86,Julia Stark #ForCersei,"Barcelona, EspaÃ±a",2020-11-30
Franciscosan4,Francisco Sanchez,Caudete (Albacete) EspaÃ±a,2020-11-30
milapinos,maila ğŸŒˆ,"Comunidad de Madrid, EspaÃ±a",2020-11-30
Franciscosan4,Francisco Sanchez,Caudete (Albacete) EspaÃ±a,2020-11-30
GrantRM1,Maria Radisavljevic,,2020-11-30
GrantRM1,Maria Radisavljevic,,2020-11-30
Harborwolf89,Jorge Enrique,,2020-11-30
MigueTotal,Migue-Totalero,"Saturno, Planetas Exteriores.",2020-11-30
oleoleartwork,OLÃ‰ OLÃ‰ I Football Art,Copenhagen,2020-11-30
AchrafRMCF,achraf souayah,"Sousse,Tunisia ",2020-11-30
AchrafRMCF,achraf souayah,"Sousse,Tunisia ",2020-11-30
EsperonAlonso,Roberto Esperon Alonso,,2020-11-30
fergarci7,ğŸ‡ªğŸ‡¸ Fernando GarcinuÃ±o ğŸ‡ªğŸ‡¸,Ãvila,2020-11-30
neguillan,COPITOğŸ€ğŸ’œâ™€ï¸ğŸ’œğŸ‡ªğŸ‡¦ğŸ–¤ğŸ˜·ğŸ˜·,,2020-11-30
Forebet,Forebet,,2020-11-30
OmniFoot,á´á´É´ÉªÒ“á´á´á´›,"Cairo, Egypt",2020-11-30
DavidDomGonz,David,"Pontevedra, EspaÃ±a",2020-11-30
locrechex,luciğŸŒ¹,,2020-11-30
bogavantemio,Mario HernÃ¡ndez,,2020-11-30
rmamerengue,.,,2020-11-30
Andreilinho,Andreilinho,,2020-11-30
RealmadridTacon,RealMadrid_Tacon,,2020-11-30
RealmadridTacon,RealMadrid_Tacon,,2020-11-30
WalterK93222831,Walter Kovacs,,2020-11-30
horchani_nafaa,nafaa horchani,,2020-11-30
ZZTOP__,calmao,Islas CaimÃ¡n,2020-11-30
zied_khemis,Mohamed Zied Khemis,Mahdia - Tunisie,2020-11-30
waroh_sarawut,Sarawut Waroh,"à¸ˆ.à¸ªà¸•à¸¹à¸¥, à¸›à¸£à¸°à¹€à¸—à¸¨à¹„à¸—à¸¢",2020-11-30
waroh_sarawut,Sarawut Waroh,"à¸ˆ.à¸ªà¸•à¸¹à¸¥, à¸›à¸£à¸°à¹€à¸—à¸¨à¹„à¸—à¸¢",2020-11-30
91fadl_abaas,91fadl_abaas,,2020-11-30
Strauu,ğŸ•Š,,2020-11-30
Strauu,ğŸ•Š,,2020-11-30
FutFemFantasy,FutFem Fantasy,,2020-11-30
Neibeth94,Nei N âš½ğŸ,Valencia - Venezuela,2020-11-30
Alvaronp97,Alvaro Navarro ğŸ‡ªğŸ‡¸,"Villaviciosa de OdÃ³n, EspaÃ±a",2020-11-30
Estherrg7,7âƒ£eStHeRâš½ï¸ğŸ¶ğŸ’œ,Madrid,2020-11-30
DJARON10,@DJARONÂ®ï¸,EQG Studio / Hispania,2020-11-30
TitoFabioRM,RmFabio,,2020-11-30
Dani7Arias,Dani ğŸ¥âš“,De Jereeez,2020-11-30
elitesportings1,Elite Sporting Shirts,27 North Park TS233SU,2020-11-30
Karen_Alvarez9,KarenAlvarez,,2020-11-30
TheMighty1One,Jelani,,2020-11-30
MichelGMen,Miguel ğŸ‡ªğŸ‡¸,,2020-11-30
Bmg_29,BÉ›a â™¥,~ VÉ¨Õ¼aÊ€Ã²s tÊ€Ö…ssÉ›t É–É› Ä‹É›ÊŸ ~,2020-11-30
_andreaquesada7,Andrea âš½,"MÃ³stoles, EspaÃ±a",2020-11-30
Yatish34,Y,,2020-11-30
DanielLevine0T0,ã‚¢ãƒ€ãƒ âŠ¿ â´â¶,å¤§éƒ½ä¼šæœ­å¹Œ,2020-11-30
zZRMCF8602,Elnota,Chernobyl,2020-11-30
Yurelispaola_14,Paola,"Madrid, Comunidad de Madrid",2020-11-30
_andreaquesada7,Andrea âš½,"MÃ³stoles, EspaÃ±a",2020-11-30
Meeerlm,MarÃ­a,,2020-11-30
Yurelispaola_14,Paola,"Madrid, Comunidad de Madrid",2020-11-30
fdezj_jose88,ğŸ’¥Jose FernÃ¡ndezğŸ’¥,,2020-11-30
hpmari13,M,Sp Zona west,2020-11-30
NaniKeys,Diana HernÃ¡ndez,"Madrid, Spain",2020-11-30
LadyBlinders,Lady Blinders,,2020-11-30
MadridCFyB,Â¡Hala Madrid!,Santiago BernabÃ©u,2020-11-30
aripov_sarvar,Aripov Sarvar ğŸ‡ºğŸ‡¿ğŸ‡ºğŸ‡¿ğŸ‡ºğŸ‡¿,Uzbekistan ğŸ‡ºğŸ‡¿,2020-11-30
MatheusBruschi,Matheus Bruschi,"Lagoa Santa, Brasil",2020-11-30
MatheusBruschi,Matheus Bruschi,"Lagoa Santa, Brasil",2020-11-30
Marie_kb9,â„³arie,Venezuela de las 7ï¸âƒ£ estrellas,2020-11-30
AlcidesR10,Alcidesâˆ,Panama,2020-11-30
lumma91,Luma ğŸŒ§ğŸŒ¿,,2020-11-30
Tatiana_re6,T.,PerÃº,2020-11-30
SamuD95,SamuD,,2020-11-30
drunkjaguar,Alessandra,,2020-11-30
checariniONFIRE,CÃ©sar GutiÃ©rrez,Cantabria,2020-11-30
ATargaryen_,Andrea.,HouseOfTheDragon,2020-11-30
marion253,marionsiciliagriffin,espaÃ±a,2020-11-30
swiftxrm,natt,,2020-11-30
FloresFemFut,FloresFUTFEM,,2020-11-30
lee_rko,Larissa ğŸŒªï¸,Brasil,2020-11-30
ManuMora199,Manu Mora,,2020-11-30
9_emy,Emy D.,,2020-11-30
roobxs,rob // asfive,.brasil,2020-11-30
iEmanWm,EM,,2020-11-30
nikicavalli,R.,Al este de Madrid.,2020-11-30
bictris,Beatriz Aguilera,Wentworth Correctional Centre,2020-11-30
SousouRM11,Sousoumadridistabrasileiro Â³â´,"Austin, TX",2020-11-30
Futbolero233,Futbolero23,,2020-11-30
roobxs,rob // asfive,.brasil,2020-11-30
GradaRMCFOfi,Real Madrid C.F.,EspaÃ±a,2020-11-30
GloberTorpess,Mr. X â”,,2020-11-30
Sergio_RMCF07,Sergio7_RMCFâš½ï¸,"Mislata, EspaÃ±a",2020-11-30
lolo73mgg,ğŸ‡ªğŸ‡¸Madridista puroğŸ‡ªğŸ‡¸,"Yecla, EspaÃ±a",2020-11-30
albertoarregui_,Alberto ğŸ,"Zaragoza, EspaÃ±a ğŸ‡ªğŸ‡¸",2020-11-30
helen7RM,Siempre Real 3ï¸âƒ£4ï¸âƒ£ğŸ†,EspaÃ±a,2020-11-30
tunomecalculas,ğŸ’«ğ”©ğ’¶ğ“ğ”ªÎ±ğŸ’«,somewhere on planet earth,2020-11-30
Jooabe21,Ã˜,,2020-11-30
FRmcff,FansRMCFF,,2020-11-30
crisss04__,Crisss18,Madrid 17/03/19,2020-11-30
realmadridfem,Real Madrid C.F.,Ciudad Real Madrid,2020-11-30
Marie_kb9,â„³arie,Venezuela de las 7ï¸âƒ£ estrellas,2020-11-30
modinhorm13,modinho,"Dar es Salaam, Tanzania",2020-11-30
FRmcff,FansRMCFF,,2020-11-30
TheMighty1One,Jelani,,2020-11-30
Faviovaldemoro,Favio Valdemoro,Valdemoro,2020-11-30
_SerMadridista,SerMadridista,"Madrid, Comunidad de Madrid",2020-11-30
MoShaker13,Mo Shaker,sarnaga,2020-11-30
larrys_80,ian larryÂ´s,"Aguilar de Campoo, EspaÃ±a",2020-11-30
TheKitmanUK,TheKitman.co.uk,"Bristol, England",2020-11-30
Dani7Arias,Dani ğŸ¥âš“,De Jereeez,2020-11-30
adrianvk94,AdriÃ¡n Caballero,"Madrid, Comunidad de Madrid",2020-11-30
Owosarhm,Ice Sam ğŸŒ´,,2020-11-30
MichelGMen,Miguel ğŸ‡ªğŸ‡¸,,2020-11-30
kaakiretta,ğŸ‘€,slums of palacole,2020-11-30
pablocbc,Pablo,,2020-11-30
Juanito63000,Hala Madrid ğŸ‡ªğŸ‡¦ Allez L'OM ğŸ‡¨ğŸ‡µ,"Madrid, Comunidad de Madrid",2020-11-30
Bmg_29,BÉ›a â™¥,~ VÉ¨Õ¼aÊ€Ã²s tÊ€Ö…ssÉ›t É–É› Ä‹É›ÊŸ ~,2020-11-30
JulioTFP,Julio J. SÃ¡nchez Barreda,Madrid,2020-11-30
checariniONFIRE,CÃ©sar GutiÃ©rrez,Cantabria,2020-11-30
lee_rko,Larissa ğŸŒªï¸,Brasil,2020-11-30
Berta15,Berta,,2020-11-30
FutFemFantasy,FutFem Fantasy,,2020-11-30
iEmanWm,EM,,2020-11-30
NaniKeys,Diana HernÃ¡ndez,"Madrid, Spain",2020-11-30
berocer,Bea. UnaDiNoi ó¾“«,Noia. Galicia. EspaÃ±a,2020-11-30
aripov_sarvar,Aripov Sarvar ğŸ‡ºğŸ‡¿ğŸ‡ºğŸ‡¿ğŸ‡ºğŸ‡¿,Uzbekistan ğŸ‡ºğŸ‡¿,2020-11-30
GradaRMCFOfi,Real Madrid C.F.,EspaÃ±a,2020-11-30
SusanaTRuiz,ğŸ€Susana ğŸ€ğŸ¦‹ğŸ’«,"AlcalÃ¡ de Henares, Madrid ",2020-11-30
Meeerlm,MarÃ­a,,2020-11-30
fdezj_jose88,ğŸ’¥Jose FernÃ¡ndezğŸ’¥,,2020-11-30
drunkjaguar,Alessandra,,2020-11-30
guimsle,Guim's ğŸğŸ¦,"ThÃ©ding, Moselle",2020-11-30
Seddnv,Manu,Spain,2020-11-30
Jooabe21,Ã˜,,2020-11-30
91fadl_abaas,91fadl_abaas,,2020-11-30
GloberTorpess,Mr. X â”,,2020-11-30
helen7RM,Siempre Real 3ï¸âƒ£4ï¸âƒ£ğŸ†,EspaÃ±a,2020-11-30
WalterK93222831,Walter Kovacs,,2020-11-30
ZZTOP__,calmao,Islas CaimÃ¡n,2020-11-30
juanpfrutos,Juanpa,"Boadilla del Monte, EspaÃ±a",2020-11-30
FloresFemFut,FloresFUTFEM,,2020-11-30
Tatiana_re6,T.,PerÃº,2020-11-30
Futbolero233,Futbolero23,,2020-11-30
lolo73mgg,ğŸ‡ªğŸ‡¸Madridista puroğŸ‡ªğŸ‡¸,"Yecla, EspaÃ±a",2020-11-30
Estherrg7,7âƒ£eStHeRâš½ï¸ğŸ¶ğŸ’œ,Madrid,2020-11-30
RGLopez8,â­â™£â™¦LÃ³pezâ„¢â™¦â™£â­,EspaÃ±a,2020-11-30
lumma91,Luma ğŸŒ§ğŸŒ¿,,2020-11-30
zZRMCF8602,Elnota,Chernobyl,2020-11-30
bictris,Beatriz Aguilera,Wentworth Correctional Centre,2020-11-30
nikicavalli,R.,Al este de Madrid.,2020-11-30
Sergio_RMCF07,Sergio7_RMCFâš½ï¸,"Mislata, EspaÃ±a",2020-11-30
luciaayumi_RMCF,Lucia Ayumi ğŸ’šğŸ‡ªğŸ‡¸ğŸ‡¯ğŸ‡µ,"Santander, EspaÃ±a",2020-11-30
realmadridfem,Real Madrid C.F.,Ciudad Real Madrid,2020-11-30
Rey_Kiki_,Rey Kiki,London,2020-11-30
Wise_Prediction,Wise Prediction,Sweden,2020-11-30
itzhenryflair,Henryflair,worldwide,2020-11-30
MBetKenya,M-Bet Plus,Kenya,2020-11-30
mark_osifo,ï£«dbigmark2ï£«Â®,Life!!!,2020-11-30
Big5Casino,Big5 Casino,,2020-11-30
StatisticSports,StatisticSports,,2020-11-30
OnMadridista,OnMadridista,,2020-11-30
OnMadridista,OnMadridista,,2020-11-30
OnMadridista,OnMadridista,,2020-11-30
AlexTOSKOVIC,Alex TOSKOVIC,"Kraljevo, Serbia MADRID, Spain",2020-11-30
easymarkets,easyMarkets,Worldwide,2020-11-30
LiliBet_Global,LiliBet,,2020-11-30
MadridRooter,Real Madrid Rooter,,2020-11-30
habibmohammed09,HABIB A.MOHAMMED,Ghana,2020-11-30
danieljaph1,ngugiğŸ‡¹ğŸ‡¿,kitonga,2020-11-30
itzhenryflair,Henryflair,worldwide,2020-11-30
Route1futbol,RouteOneFootball,,2020-11-30
AzrOrganization,AZR Organization,,2020-11-30
Gabbymartial14,Gabby Martial@14,,2020-11-30
GoonersGuide,Paul Kulhavy,On the Net,2020-11-30
99REALities_COM,99REALities.com,,2020-11-30
MartimFRR,Martim Ferreira,London,2020-11-30
footballespana_,footballespana,,2020-11-30
footballitalia,footballitalia,,2020-11-30
AO_Sports,AhramOnlineSports,"Cairo, Egypt",2020-11-30
cristinacalgary,cristina velasco,"HuÃ©rcal de AlmerÃ­a,AlmerÃ­a.",2020-11-30
alanjacobtbk,á´€ÊŸá´€É´ sá´‡Ê€,,2020-11-30
TheKitmanUK,TheKitman.co.uk,"Bristol, England",2020-11-30
CredibleStore,Credible Jersey Store ğŸ¬ âšª,"Lagos, Nigeria",2020-11-30
goalooin_live,GoalooIN,India,2020-11-30
jerseum,JERSEUM,,2020-11-30
TipsFlows,TipsFlow,,2020-11-30
saintkeys2,CHINEDU,Nigeria,2020-11-30
FreeBetTips,Betstatz Football Predictions,Europe,2020-11-30
Sporturo,Tim Williams,"Goostrey, Cheshire, England",2020-11-30
footywatching,Sports,,2020-11-30
MadridRooter,Real Madrid Rooter,,2020-11-30
Outlookindia,Outlook Magazine,"New Delhi, India",2020-11-30
TrevorPapi,Trevor Papi Mahasela,Musina |Polokwane |Middelburg,2020-11-30
CuongQuyet5,Cuong Quyet,japan,2020-11-30
GamesBoner,Games Boner,,2020-11-30
ProjectX_iOS,Project Hyrax for Mobile Devices,,2020-11-30
playpongis,Pongis,Japan,2020-11-30
Milestemplaris,HvdD,,2020-11-30
WeTlkFootball,We Talk Football,Canada,2020-11-30
OnMadridista,OnMadridista,,2020-11-30
bola_tribun,BOLA LIVE,,2020-11-30
PrRupertsTower,Prince Ruperts Tower,Liverpool,2020-11-30
twelfthman_ofcl,Twelfth Man Official,India,2020-11-30
goaloong,Goaloong.net,,2020-11-30
PSG24hours,PSG en Direct ğŸŒ,Parc des Princes,2020-11-30
mykhelcom,myKhel.com,Bengaluru,2020-11-30
AbbasMSaidu1,Abbas Muhammad Saidu,"Potiskum, Nigeria",2020-11-30
kwasiarthur6,Jordan,United States,2020-11-30
Route1futbol,RouteOneFootball,,2020-11-30
CinnamonCorazon,ğŸ–¤corazÃ³n de cinnamon ğŸ´,ğŸŒ‘on the horizonğŸŒ‘,2020-11-30
pods_sports,90minute Stats,,2020-11-30
KhelNowWF,Khel Now World Football,"New Delhi, India",2020-11-30
iamvarunnair,Varun Nair,,2020-11-30
Outlookindia,Outlook Magazine,"New Delhi, India",2020-11-30
Axeeeeeell,Piranha,"Twitterland, Madrid",2020-11-30
FootTheBall,FootTheBall,Locker Room,2020-11-30
SyrianskyS,SyrianSky Secret,,2020-11-30
Moamenaly7,Moamen,"Houston , TX",2020-11-30
StevenNgKL,Steven Ng,Melaka,2020-11-30
interworldwide_,Inter Worldwide,,2020-11-30
OMOXGUCCI,emon â˜…,,2020-11-30
sportsultima,sportsultima.com,UNITED KINGDOM,2020-11-30
CoreLiverpool,Liverpool Core,,2020-11-30
ImmanuelPaulJo1,Immanuel Paul Joy,"London, England",2020-11-30
AdlimSinulingga,Adlim Sinulingga,,2020-11-30
LrnzoDanielRoc,L,,2020-11-30
TalkBasket,TalkBasket,Basketball World,2020-11-30
TalkBasket,TalkBasket,Basketball World,2020-11-30
umodhe,UDAYAN MODHE,India,2020-11-30
outfluent,Outfluent,,2020-11-30
winecatman,Catman ğŸ”‘âš¡ğŸ‡,Terra (for now),2020-11-30
thainamo,Thai,,2020-11-30
VIII_VI_MMX,LOURÃ‰NT,ğŸ‡¨ğŸ‡­,2020-11-30
PivotTirador,Pivot,Arg,2020-11-30
vndsgn,VN Design,"Belgrade, Serbia",2020-11-30
RealMadridHoy,Real Madrid Hoy,Madrid,2020-11-30
betcornernews,betcornernews,Î•Î»Î»Î¬Ï‚,2020-11-30
chrisalucard,Christos Harpidis,"Î’Î¿ÏÎ»Î±, Î•Î»Î»Î¬Ï‚",2020-11-30
matty_vanpersie,Matteo Andreani,"Osimo, Italy",2020-11-30
matty_vanpersie,Matteo Andreani,"Osimo, Italy",2020-11-30
Paulie_WT,Pavlos Laguretos,,2020-11-30
OnMadridista,OnMadridista,,2020-11-30
365Scores,365Scores,,2020-11-30
kwasiarthur6,Jordan,United States,2020-11-30
Route1futbol,RouteOneFootball,,2020-11-30
yusuftahaaktoy,Yusuf,,2020-11-30
statesideabroad,Stateside Abroad,USA,2020-11-30
Podda33,steve pearson,Yorkshire,2020-11-30
kwasiarthur6,Jordan,United States,2020-11-30
Route1futbol,RouteOneFootball,,2020-11-30
little_crazy92,FrÄƒsÃ®neanu Vasile,,2020-11-30
iEmanWm,EM,,2020-11-30
123HalaMadrid_,Real Madrid fp,United Arab Emirates,2020-11-30
ianramsay75,Ian Ramsay,"Perth, Scotland",2020-11-30
DspCondom,Dsp_Condom,"Tema, Ghana",2020-11-30
Bams96,'O' Gentle,In your mind,2020-11-30
RealMadrid9ja,RealMadrid 9ja,,2020-11-30
theAsianBlue,The Asian Blue ğŸ’™,Opinions Are My Own,2020-11-30
OnMadridista,OnMadridista,,2020-11-30
wazza_ashurst,Warren Ashurst,,2020-11-30
jonnyc2cmma,jonathan velazquez,,2020-11-30
silvioluiz,Silvio Luiz,"SÃ£o Paulo, Brasil",2020-11-30
OldFootball11,OldFootballPhotos,,2020-11-30
jacobmarvedan,Jacob Daniel Marvelous,"Lagos, Nigeria",2020-11-30
chaplinez70,Charles Anazodo,"lagos,Nigeria",2020-11-30
Gabbymartial14,Gabby Martial@14,,2020-11-30
icebergcudi,Kwabena Owusu,Paradise,2020-11-30
sportz_hub,SportzHub,,2020-11-30
English_AS,AS English,"Madrid, EspaÃ±a",2020-11-30
99REALities_COM,99REALities.com,,2020-11-30
FFootballShirts,FFSFootballShirts,"Birmingham, England",2020-11-30
SoccerScoop2,Soccer Scoop,,2020-11-30
mtmfutbolpod,ManchestertoMadrid,United States,2020-11-30
BARZAMAN,BARÃ‡AMAN,,2020-11-30
every_praise,Praise Every Football Team Bot,,2020-11-30
pods_sports,90minute Stats,,2020-11-30
lionheart8279,Marcus MÃ¼ller ğŸ‡ªğŸ‡º,,2020-11-30
marvinxp3,Marvin,,2020-11-30
TMuk_news,Transfermarkt.co.uk,,2020-11-30
TMusa_news,Transfermarkt.us,Concacaf,2020-11-30
SportMobApp,SportMob,"Dubai, United Arab Emirates â¤",2020-11-30
ManuelVeth,Manuel Veth,Victoria ğŸ‡¨ğŸ‡¦ / MÃ¼nchen ğŸ‡©ğŸ‡ª,2020-11-30
Rishabh32838752,Rishabh,,2020-11-30
MarcRhayem,BenzeMarc 1ï¸âƒ£3ï¸âƒ£ 3ï¸âƒ£4ï¸âƒ£ ğŸ†,,2020-11-30
OnMadridista,OnMadridista,,2020-11-30
ParmeshSriv,Parmeshwar Srivastava,"Mumbai, India",2020-11-30
DerAustor,Austor - FIFA Prediction & More ğŸ…™,Instagram: austor_official,2020-11-30
InterClubIndia,Inter Club India ğŸ‡®ğŸ‡³,India,2020-11-30
rohan35941093,Harcup,,2020-11-30
Haddad8Bilal,bilalhd91,,2020-11-30
serfa2001,Sergio Maciel,,2020-11-30
mark_osifo,ï£«dbigmark2ï£«Â®,Life!!!,2020-11-30
footballitalia,footballitalia,,2020-11-30
ainunnajib3,NAJIB,TO THE STARS ğŸŒ ,2020-11-30
_Thirunarayan1,ThiruNarayan - à¤¨à¤¾à¤°à¤¾à¤¯à¤£ ğŸ’¯â—€ï¸ğŸ“²ğŸ”™ğŸ†“,à¤œà¤®à¥à¤¬à¥‚à¤¦à¥à¤µà¥€à¤ªà¥‡ - à¤…à¤–à¤‚à¤¡ à¤­à¤¾à¤°à¤¤à¤µà¤°à¥à¤· ,2020-11-30
FootyLegend_,Footy Legend VIP Hospitality,"Barcelona, Spain",2020-11-30
DelcidRM7,Thankful ğŸ…±ï¸ristian ğŸ¦ƒ,Death Star ,2020-11-30
elitesportings1,Elite Sporting Shirts,27 North Park TS233SU,2020-11-30
alkassdigital,Alkass Digital,"Doha, Qatar",2020-11-30
Axeeeeeell,Piranha,"Twitterland, Madrid",2020-11-30
Dale_OUFC,Dale Ventham ğŸ–¥,"Oxford, England",2020-11-30
imucklow90,Liam Mucklow,"Birmingham, England",2020-11-30
LastWordFC,Last Word On Football,World,2020-11-30
AjitMenon_Real,Ajitt MenonnğŸ‡®ğŸ‡³,India,2020-11-30
Route1futbol,RouteOneFootball,,2020-11-30
uberfurn,Uberfurn,,2020-11-30
ApplythePeppa,@jav.uzt,,2020-11-30
365Scores,365Scores,,2020-11-30
SportsPeteO,Pete O'Rourke,,2020-11-30
Magdi99170989,Magdi,,2020-11-30
pods_sports,90minute Stats,,2020-11-30
Mayank_super,MAYANK SINGH Â®â„¢,India,2020-11-30
newsfreakk,NewsFreak,,2020-11-30
hatchhatchwho,peter hall ğŸ´ó §ó ¢ó ¥ó ®ó §ó ¿,"North West, England",2020-11-30
timesofindia,The Times Of India,New Delhi,2020-11-30
irejdoc1897,IreneğŸ‡®ğŸ‡¹ğŸ¤ğŸ–¤-ğŸ’™â¤ï¸ #STRON9ER #L10 #RAFA2ï¸âƒ£0ï¸âƒ£ğŸ‘‘,juventus stadium ,2020-11-30
MeMulloth,Arun Mulloth,"Kochi,Kerala",2020-11-30
IMechanisms,InjuryMechanisms,,2020-11-30
beINSPORTSUSA,beIN SPORTS USA,United States,2020-11-30
Route1futbol,RouteOneFootball,,2020-11-30
easyodds,Easyodds.com,"Leeds, England",2020-11-30
marc_cart,marcela mora y araujoâ˜®ï¸ğŸ’š,"Buenos Aires, Argentina",2020-11-30
GyasiEkourba,EKOURBA-GYASI @ SPORTS @touchlyne.com,,2020-11-30
toisports,TOI Sports,"New Delhi, India",2020-11-30
parisinisto,â˜† Diario Parisino â˜†,"Paris, France",2020-11-30
RaS0o8,So. Redondo,,2020-11-30
shukriyan,ShuKriyan Ahamed,,2020-11-30
EWNsport,EWN Sport,,2020-11-30
Route1futbol,RouteOneFootball,,2020-11-30
pushpendrainsa,Pushpendra Insan,"aligarh,uttar pradesh",2020-11-30
AnneShly,Anne Shirley,,2020-11-30
kwasiarthur6,Jordan,United States,2020-11-30
Route1futbol,RouteOneFootball,,2020-11-30
Hamzabelc,Hamza,KÃ©nitra,2020-11-30
Syahrul70530619,Syahrul Fadillah,,2020-11-30
kwasiarthur6,Jordan,United States,2020-11-30
golgo13jls,Agent Alonzo Mosely,"Albuquerque, NM",2020-11-30
Route1futbol,RouteOneFootball,,2020-11-30
GamerGram_GG,GamerGram Official,GamerGram Discord :,2020-11-30
Wise_Prediction,Wise Prediction,Sweden,2020-11-30
ShirtsSpecial,Special Football Shirts X De Voetbalshirtwinkel,"Haarlem, The Netherlands",2020-11-30
6dSporting,SPORTING 6D,,2020-11-30
MerouaneObbt,HALA MADRID,"Sidi Merouane                                                                                       , Algeria",2020-11-30
Shotgun_Melee,Adam Smurthwaite,,2020-11-30
cristinacalgary,cristina velasco,"HuÃ©rcal de AlmerÃ­a,AlmerÃ­a.",2020-11-30
SyrianskyS,SyrianSky Secret,,2020-11-30
CorneliusAsare,ğŸ¦K.DğŸ‘‘,"Accra, Ghana",2020-11-30
imaxxxc7,ImaxğŸ—¯,BelgiÃ«,2020-11-30
kweku_lawrence,Kweku Lawrence,Accra,2020-11-30
RealMadridUnof1,Real Madrid Unofficial,,2020-11-30
ElMgs4,El MGS4,,2020-11-30
SouhailGacimi7,Denzel. ğŸ¦ ,"Metz, France",2020-11-30
ManUtdCorner7,Man Utd Corner,,2020-11-30
Tempobet,Tempobet,"London, UK",2020-11-30
patman606,Pat Snow,"Liverpool, UK",2020-11-30
madridstarkg,Madridstar Assassin Hazard,Garden of Eden,2020-11-30
s_bettor,Bettor's Guide,,2020-11-30
footybreed,Footy Breed,,2020-11-30
socapatriots,Soccer Patriots,,2020-11-30
kwasiarthur6,Jordan,United States,2020-11-30
Route1futbol,RouteOneFootball,,2020-11-30
AzrOrganization,AZR Organization,,2020-11-30
English_AS,AS English,"Madrid, EspaÃ±a",2020-11-30
SemraHunter,Semra Hunter,Worldwide,2020-11-30
acab4422,.,,2020-11-30
Varelahf,ğŸ‡¨ğŸ‡´,"London, England",2020-11-30
Roberto1474,JosÃ© Roberto,GRANADA,2020-11-30
ezekielboone33,ezekielboone33,,2020-11-30
freemusiccompi1,freemusiccompilationFMC,,2020-11-30
sebastianfitze2,sebastianfitzekEPJ,,2020-11-30
MatthewreillyE,matthewreillyEP,,2020-11-30
19OM05,19OM05,,2020-11-30
SportsPeteO,Pete O'Rourke,,2020-11-30
MohaleMphow,Mphow Mohale,,2020-11-30
betcornernews,betcornernews,Î•Î»Î»Î¬Ï‚,2020-11-30
chrisalucard,Christos Harpidis,"Î’Î¿ÏÎ»Î±, Î•Î»Î»Î¬Ï‚",2020-11-30
betcornernews,betcornernews,Î•Î»Î»Î¬Ï‚,2020-11-30
amitde24,Amit Bhuyan,INDIA,2020-11-30
amitde24,Amit Bhuyan,INDIA,2020-11-30
amitde24,Amit Bhuyan,INDIA,2020-11-30
amitde24,Amit Bhuyan,INDIA,2020-11-30
FMAT997,FM MADRID,,2020-11-30
amitde24,Amit Bhuyan,INDIA,2020-11-30
amitde24,Amit Bhuyan,INDIA,2020-11-30
amitde24,Amit Bhuyan,INDIA,2020-11-30
aj_dones,Hala Madrid ğŸ¤,"traveling, knowing somewhere..",2020-11-30
amitde24,Amit Bhuyan,INDIA,2020-11-30
EspinosaCrsiete,Alvarito Espinosa,"Sevilla, EspaÃ±a",2020-11-30
CeKriSo,CeKri SoM Cerrat,Honduras,2020-11-30
realmadriz4,Don Federico,"Galicia, EspaÃ±a",2020-11-30
Sernyadams,Ghost,Nigeria,2020-11-30
SaberiAfsaneh,afsaneh saberi,,2020-11-30
TheBestMarkete1,The Best Marketer,,2020-11-30
adonisahmed,Ahmed Elleithy,"Cairo, Egypt",2020-11-30
AndyRM0720_,Andrea âœ¨,En algÃºn lugar SS,2020-11-30
nkemchester,Nkem Chester Chijioke ğŸ‡³ğŸ‡¬,Nigeria,2020-11-30
sammyjayent_,Sammyjay,"Uyo, Nigeria",2020-11-30
aj_dones,Hala Madrid ğŸ¤,"traveling, knowing somewhere..",2020-11-30
4SR1902EH7,iHalaMadrid!,,2020-11-30
aj_dones,Hala Madrid ğŸ¤,"traveling, knowing somewhere..",2020-11-30
fmtoday,Free Malaysia Today,Malaysia,2020-11-30
CLmgFBpiBXVvVJv,Ğ¸Ğ³Ğ¾Ñ€ÑŒ,,2020-11-30
eguskialde369,Piluka,,2020-11-30
vickeypedia,Vickey Maverick,,2020-11-30
_sandralorenzo,Sandra Lorenzo,"Islas Canarias, EspaÃ±a",2020-11-30
MrBrianEC1978,Brian E. Christensen,"Skive, Denmark",2020-11-30
OPohibko,Oleksandr PohibkoğŸ‡ºğŸ‡¦ğŸ“—ğŸš´â€â™‚ï¸ğŸ¶,Ukraine,2020-11-30
vickeypedia,Vickey Maverick,,2020-11-30
RosaPar10952093,Rosa Parra,,2020-11-30
srodfathulla,Srod Fathulla,"Almere, The Netherlands",2020-11-30
HodzaEmir,Emir Hodzic,Tokyo - Helsinki,2020-11-30
RosaPar10952093,Rosa Parra,,2020-11-30
stonky19,13 ğŸ†,,2020-11-30
thegoalkeeper,Jonathan Tannenwald,"Philadelphia, PA",2020-11-30
GoodKidManCity,Les Owens,,2020-11-30
GuillemBalague,Guillem Balague,,2020-11-30
JordanSelvidge1,jselv,,2020-11-30
mistakes30,Mohanad,,2020-11-30
Vazquez_Pollo10,FiDe âš½,,2020-11-30
noble_marketer,Noble___marketer,,2020-11-30
Full_Matches,Full Match Replay,,2020-11-30
JulioCMoreno14,Julio CÃ©sar Moreno S.,Spirit In The Sky,2020-11-30
jcarlosm093,Juan Carlos Mani,"New Jersey, USA",2020-11-30
__trend_,Trend,Nigeria,2020-11-30
NatyCP_23,NÎ±ty,,2020-11-30
NatyCP_23,NÎ±ty,,2020-11-30
NatyCP_23,NÎ±ty,,2020-11-30
alvaaro12,Alvarotos,AlcalÃ¡ de Henares,2020-11-30
SaetaDeDubai,La Saeta De Dubai,"Dubai, United Arab Emirates",2020-11-30
expomaster2,Creative Ideas & Lifehacks,WEB,2020-11-30
AnytimeFootball,Anytime Football,,2020-11-30
AnneShly,Anne Shirley,,2020-11-30
FM_Twittah,Football Memories,Italia,2020-11-30
J4X0NE1,J4X0NE,,2020-11-30
RAULISTASPORT07,FANS RAULISTAS,,2020-11-30
GiftCards21,Gift Cards Giveaway,united states,2020-11-30
GiftCards21,Gift Cards Giveaway,united states,2020-11-30
GiftCards21,Gift Cards Giveaway,united states,2020-11-30
cristinacalgary,cristina velasco,"HuÃ©rcal de AlmerÃ­a,AlmerÃ­a.",2020-11-30
SyrianskyS,SyrianSky Secret,,2020-11-30
harunabakojr,H A R U N A II,Nigeria,2020-11-30
IsifuW,Isifu Wirfengla a.k.a Mickeyboy,,2020-11-30
AdejumoMalik,Adejumo Abdul Malik,,2020-11-30
mr__nxs,mr_nxs,nobody cares,2020-11-30
GiftCards21,Gift Cards Giveaway,united states,2020-11-30
GiftCards21,Gift Cards Giveaway,united states,2020-11-30
JRUG_17,Juan RamÃ³n Uriarte,,2020-11-30
GiftCards21,Gift Cards Giveaway,united states,2020-11-30
GiftCards21,Gift Cards Giveaway,united states,2020-11-30
GiftCards21,Gift Cards Giveaway,united states,2020-11-30
leonstav,Leon Stavrinakis ğŸ‡ºğŸ‡¸,"Charleston, SC",2020-11-30
harunabakojr,H A R U N A II,Nigeria,2020-11-30
GidoZoltan,GidÃ³falvi ZoltÃ¡n,,2020-11-30
GidoZoltan,GidÃ³falvi ZoltÃ¡n,,2020-11-30
mr__nxs,mr_nxs,nobody cares,2020-11-30
GiftCards21,Gift Cards Giveaway,united states,2020-11-30
musicherdsblog,ItukMusik,"Kaduna, Jos, Abuja Nigeria",2020-11-30
AYO_FAD,Mr Gumpâšª,Ibadan,2020-11-30
MagGuardian,GuardianMag,,2020-11-30
mitchelgreen34,Mitchel Green,,2020-11-30
msocanalytics,Michigan Soccer Analytics Society,"Ann Arbor, MI",2020-11-30
HelingtoNoids,Helingto Noids,,2020-11-30
king_miffy,EBUKA ğŸ‡³ğŸ‡¬ğŸ‡³ğŸ‡¬,,2020-11-30
breogan137,sant@,"murcia , espaÃ±a ğŸ‡»ğŸ‡ªğŸ‡ªğŸ‡¸",2020-11-30
FMAT997,FM MADRID,,2020-11-30
FMAT997,FM MADRID,,2020-11-30
Footy_Light,FootyLight,,2020-11-30
GiftCards21,Gift Cards Giveaway,united states,2020-11-30
jayjay_wealth,Jayjay,,2020-11-30
beckyfrancis673,Becky Oluwatomi ğŸ’‹â¤â¤â¤,,2020-11-30
Jos_Facebook,JosÃ© T.,,2020-11-30
analyticsLaLiga,Charlie Tuley,,2020-11-30
OBarth_official,Okechukwu Michael Barth ğŸƒ ğŸ¥‡,"Abeokuta, Nigeria",2020-11-30
kenz_dream,Ğºen4ÑÑ”Î±â„“,,2020-11-30
winter_tetteh,Winter MarlisğŸ‡¬ğŸ‡­ğŸ‡¬ ğŸ‡­,"Greater Accra,",2020-11-30
RaygetsToosweet,The Toosweet GuyğŸ‡¬ğŸ‡­ğŸğŸ—¯ï¸,"Accra, Ghana",2020-11-30
kulsoulbeat,kulsoul,"Lagos, Nigeria",2020-11-30
Jos_Facebook,JosÃ© T.,,2020-11-30
ToksAdika,Red Cap Chief of Lagos.,"Ojo, Nigeria",2020-11-30
Mondaylee,Sir MondayleeÂ®ğŸ”´âšª,Exactly where God wants me,2020-11-30
RanineJaafar,ranine_jaafar,,2020-11-30
The_Busayor,Busayo,Lagos,2020-11-30
ListAwe12,ListAwe!,,2020-11-30
_Rosse_Mary_,Rosse Mary,,2020-11-30
_Rosse_Mary_,Rosse Mary,,2020-11-30
marianxwalls,Marianâ™¡'êœ± Lucy âŠ¬,ğ˜›ğ˜³ğ˜¦ğ˜¯ğ˜¤ğ˜©,2020-11-30
eguskialde369,Piluka,,2020-11-30
onefinalheist,Princess Die,USA,2020-11-30
Jos_Facebook,JosÃ© T.,,2020-11-30
clubshopprints,Club Shop Prints,,2020-11-30
swagafiedkicks,Swagafied,,2020-11-30
swagafiedkicks,Swagafied,,2020-11-30
victorytipss,VictoryTips,"Lagos, Nigeria",2020-11-30
TipsterNoMan,No Man,,2020-11-30
Wilson_TrendiT,Iam_Wilsonâš¡ let's talk Tech,Ghana,2020-11-30
_kofibentum,Alidu & His ğŸ,Africa,2020-11-30
News18Sports,News18 Sports,India,2020-11-30
feltonfernet,delfi lvs tom -39,,2020-11-30
Kwasigazy,Rashford,"Accra, Ghana",2020-11-30
OmzBk,OMZ BK,"London, England",2020-11-30
JahelRocio,Jahel Rodriguez,,2020-11-30
ubywills,Wilson_richy on IG,"Wokingham, England",2020-11-30
Jose95276940,Jose,Oruro,2020-11-30
officialkhris1,Swag,,2020-11-30
Sports_NDTV,NDTV Sports,"New Delhi, India",2020-11-30
betcornernews,betcornernews,Î•Î»Î»Î¬Ï‚,2020-11-30
CheriaNadin,NadinCheria,"ĞœĞ¾ÑĞºĞ²Ğ°, Ğ Ğ¾ÑÑĞ¸Ñ",2020-11-30
chrisalucard,Christos Harpidis,"Î’Î¿ÏÎ»Î±, Î•Î»Î»Î¬Ï‚",2020-11-30
firstpost,Firstpost,"Mumbai, India",2020-11-30
FirstpostSports,Firstpost Sports,India,2020-11-30
AO_Sports,AhramOnlineSports,"Cairo, Egypt",2020-11-30
pepefut74,Olympique des Meilleurs,haute savoie,2020-11-30
fotbul24,Fotbul24,"London, UK",2020-11-30
Maraazcom,Maraaz.Com,Global,2020-11-30
FootyFinds1,Footy Finds,On a Pitch,2020-11-30
JAtkinson0911,Jamie Atkinson,"England, United Kingdom",2020-11-30
wutyatalkinabt,Shafqat Mahmood Stan Acc ğŸ˜”ğŸ‘ğŸ¼,"Lahore, Pakistan",2020-11-30
OnMadridista,OnMadridista,,2020-11-30
hijodescartes,FranciscoğŸ¦Š,Tatooine,2020-11-30
Axeeeeeell,Piranha,"Twitterland, Madrid",2020-11-30
NatSportUAE,The National Sport,"Abu Dhabi, UAE",2020-11-30
RabbichairmanC,Rabbi,,2020-11-30
jaibisht1999,IG | _._whitestorm_._,"Noida, India",2020-11-30
04Triggha,Onyi Trigghaz Mekzy ğŸ¥âœ¨,"Portharcourt, Nigeria",2020-11-30
LELEVE_,L'Ã‰LÃˆVE,Gondouana City ,2020-11-30
Ayo_einstein,DAYGEE ğŸ‡³ğŸ‡¬ ğŸ’­,,2020-11-30
leonstav,Leon Stavrinakis ğŸ‡ºğŸ‡¸,"Charleston, SC",2020-11-30
Spoiltteenager,Pedri Culer,"Udaipur,Rajasthan",2020-11-30
ripavi4,$â„˜@â„“Â³â´ #marianoSZN,à¥¤à¥¤ à¤¶à¥à¤°à¥€ à¤°à¤¾à¤® à¤œà¤¨à¥à¤®à¤­à¥‚à¤®à¤¿ à¥¤à¥¤,2020-11-30
vgcancino,Guillermo Cancino,"Regina, Saskatchewan",2020-11-30
Outlookindia,Outlook Magazine,"New Delhi, India",2020-11-30
kumaramritansh5,Shuâ„¢ Maikoâ„¢ ğŸ‘‘ (ã‚¸ãƒ£ã‚¬ã‚¤ãƒ¢ã¡ã‚ƒã¾),JKT/BKK ğŸŒ‰,2020-11-30
kwasiarthur6,Jordan,United States,2020-11-30
Route1futbol,RouteOneFootball,,2020-11-30
Owaisadiq__10,Owais Sadiq,Bahrain,2020-11-30
AjitMenon_Real,Ajitt MenonnğŸ‡®ğŸ‡³,India,2020-11-30
natbnyc,Natalia Baranovskaya,"New York, NY",2020-11-30
anirpaul,Anirban Paul,"Kolkata, India",2020-11-30
HustlersCkerk,HUSTLER Nation ğŸ‡°ğŸ‡ªğŸ†”,,2020-11-30
Sports4cusGroup,SportsFocusGroup,,2020-11-30
santanOTF,santan.sasoğŸ’œâ˜”,Raftel,2020-11-30
leonstav,Leon Stavrinakis ğŸ‡ºğŸ‡¸,"Charleston, SC",2020-11-30
IfaleagueIbadan,Ibadan Football Association,"Ibadan, Oyo State, Nigeria",2020-11-30
5mmshy,Abdullah,"Ø­Ø§Ø¦Ù„, Ø§Ù„Ù…Ù…Ù„ÙƒØ© Ø§Ù„Ø¹Ø±Ø¨ÙŠØ© Ø§Ù„Ø³Ø¹ÙˆØ¯ÙŠØ©",2020-11-30
ahmedalishah45,Syed Ali,,2020-11-30
Kabir17_,Hmm Achha Theek hai.,,2020-11-30
Kapil_David12,kapil David,ğŸ‡®ğŸ‡³,2020-11-30
monis1320,monis liyaqat,"Shupiyan, Jammu And Kashmir",2020-11-30
IliyasuAli10,HalaMadrid gh,"Accra, Ghana",2020-11-30
bodaly12,ğŸ˜ bOdALY ğŸ¦,Somewhere,2020-11-30
Mabuza_G13,G. BEST,Pluto,2020-11-30
RMFNepal,Real Madrid Fans;Nepal ğŸ‡³ğŸ‡µ,Nepal,2020-11-30
IliyasuAli10,HalaMadrid gh,"Accra, Ghana",2020-11-30
AlexTOSKOVIC,Alex TOSKOVIC,"Kraljevo, Serbia MADRID, Spain",2020-11-30
sebastiansantag,Sebastian Santacruz A.,,2020-11-30
Sportshere2,Sportshere,,2020-11-30
Architect_Gopal,Architect | TEAM RUBINA DILAIK FC â™¥ï¸| BB14 |,,2020-11-30
ziggsss,Ziggs,"Grand Casablanca, Morocco",2020-11-30
GolAlerta,Alerta Gol,"Coya, Chile",2020-11-30
Footballgoal20,Football Goals,,2020-11-30
himu_077,HIMANSHU BADOLA,"Ghaziabad, India",2020-11-30
young_prof_,young prof,he/they,2020-11-30
AkataFlourish19,MANUELğŸŒ¹ğŸŒ¹,"Ibadan, Oyo State",2020-11-30
SyedArhamGohar,Syed Arham Gohar,"Karachi, Pakistan",2020-11-30
KhaledNHassoun,â“€â’½â’¶â“â’ºâ’¹ â“‡â’ºâ’¶â“ â“‚â’¶â’¹â“‡â’¾â’¹,,2020-11-30
TheRMadridTV,TheRMadridTV,Subscribe to us on YOUTUBE,2020-11-30
MarcRhayem,BenzeMarc 1ï¸âƒ£3ï¸âƒ£ 3ï¸âƒ£4ï¸âƒ£ ğŸ†,,2020-11-30
SalehMadridista,Saleh Madridista,Estadio Santiago BernabÃ©u,2020-11-30
KingsOfEuropa,Reyes de Europa!,,2020-11-30
Angelparra_22,Angel,Venezuela,2020-11-30
MasoodKhudadad,Masood Khudadad,,2020-11-30
RealMadridQC,Real Madrid QuÃ©bec,Canada,2020-11-30
Ahmed_A_Askar,Askar,Cairo/Egypt,2020-11-30
sudevatgur,Sudev Atgur,"Gujarat, India",2020-11-30
IamNOTcrazy__,Pavlos,"Cyprus,Nicosia",2020-11-30
maclife97,shAyan,,2020-11-30
Boughttat,Jeff Stonkos,Nerdvana,2020-11-30
donje__,immortan donje,"Laugh Tale, Grand Line",2020-11-30
mannyvsoker,Manny,,2020-11-30
dyzurita,Dylan,,2020-11-30
ahmedalishah45,Syed Ali,,2020-11-30
theLamso,LAMINE,,2020-11-30
idam_okechukwu,#EndSwat,"Lagos, Nigeria",2020-11-30
KingsOfEuropa,Reyes de Europa!,,2020-11-30
ElPepe1717,Pedro Gonzalez,,2020-11-30
ahmedalishah45,Syed Ali,,2020-11-30
Kabir17_,Hmm Achha Theek hai.,,2020-11-30
Kabir17_,Hmm Achha Theek hai.,,2020-11-30
leonstav,Leon Stavrinakis ğŸ‡ºğŸ‡¸,"Charleston, SC",2020-11-30
agupatrick01,Patrick,In Your House ,2020-11-30
SalehMadridista,Saleh Madridista,Estadio Santiago BernabÃ©u,2020-11-30
Virhdez7,Vir Hdez,Roales (Zamora),2020-11-30
leonstav,Leon Stavrinakis ğŸ‡ºğŸ‡¸,"Charleston, SC",2020-11-30
HustlersCkerk,HUSTLER Nation ğŸ‡°ğŸ‡ªğŸ†”,,2020-11-30
pablourdiciain,PabloUrdiciainUrzaiz,,2020-11-30
futbol_fantasy,FÃºtbolFantasy,EspaÃ±a,2020-11-30
FRmcff,FansRMCFF,,2020-11-30
cameronaab1,2Dope2ffYaLead,"England, United Kingdom",2020-11-30
KelzMff,Mack,Daveyton and Polokwane,2020-11-30
oscar_fanatic,Oscar_The_Fanatic,[D]m[V],2020-11-30
SalehMadridista,Saleh Madridista,Estadio Santiago BernabÃ©u,2020-11-30
SalehMadridista,Saleh Madridista,Estadio Santiago BernabÃ©u,2020-11-30
PungiDaasa,MosrannağŸ™ƒ,,2020-11-30
mannyvsoker,Manny,,2020-11-30
playpongis,Pongis,Japan,2020-11-30
KingsOfEuropa,Reyes de Europa!,,2020-11-30
jordyxcollins,jordanxcollins,"Denver, Colorado",2020-11-30
mannyvsoker,Manny,,2020-11-30
CharlieSGSport,Charlie,,2020-11-30
pulgazarate,Ana ZÃ¡rate,,2020-11-30
kikeabrilruiz13,Soldado de AsllaniğŸ‘‘ğŸ‡¸ğŸ‡ªâš½,Estadio Benito VillamarÃ­n âš½,2020-11-30
ynadamaspodcast,ynadamaspodcast,United States,2020-11-30
duodecima1,RM,World,2020-11-30
WatchNo19054971,Watch Now,,2020-11-30
Sandesh97596045,Sandesh Khadka,,2020-11-30
cokemon6,Coke,Mexico,2020-11-30
samrat__dulal,Samrat Dulal,,2020-11-30
thatmadrid_guy,Trambak Bhattacherjee,Following behind you:) ,2020-11-30
waroh_sarawut,Sarawut Waroh,"à¸ˆ.à¸ªà¸•à¸¹à¸¥, à¸›à¸£à¸°à¹€à¸—à¸¨à¹„à¸—à¸¢",2020-11-30
bleedwhite9,galacticos (34ğŸ†),,2020-11-30
dyzurita,Dylan,,2020-11-30
IncKelton,ğ—•ğ—¹ğ—®ğ—»ğ—°ğ—¼ğ˜€ ğ—Ÿğ—¶ğ˜ƒğ—²,,2020-11-30
Conlabrisa,Givi,"Las Vegas, NV",2020-11-30
ynadamaspodcast,ynadamaspodcast,United States,2020-11-30
Nadieimportant2,Nadieimportante,En mi mundo feliz ,2020-11-30
futmaster_YT,Fut Master,,2020-11-30
AlexTOSKOVIC,Alex TOSKOVIC,"Kraljevo, Serbia MADRID, Spain",2020-11-30
AlviRayaan,Rayaan Alvi #WearTheMask,"Ú©Ø±Ø§Ú†ÛŒ, Ù¾Ø§Ú©Ø³ØªØ§Ù†",2020-11-30
GolAlerta,Alerta Gol,"Coya, Chile",2020-11-30
bold_realmadrid,bold.dk - RealMadrid,,2020-11-30
KartikSreekumar,Kartik Sreekumar,"Kerala, India",2020-11-30
swiftdelicate1,I STAND WITH TAYLOR - CarmenğŸ˜,"New York, NY",2020-11-30
JuventusJay,J âšªâš«,#OMNIPLETE,2020-11-30
goalkeapper,tony martinez diaz,barcelona,2020-11-30
Vedansh_01,Tritonâ„¢,,2020-11-30
DiegoGrobaLoren,DGL,fuerteventura (Morro Jable),2020-11-30
imjontolbert,Jon Tolbert IV,staying inside,2020-11-30
farhat514,Farhat Abbas,"Torino, Italy",2020-11-30
SiulOczoro989,Siul OczoroğŸµ ğŸ,,2020-11-30
giri20125669,giri,,2020-11-30
JanakTailor,â€”â€”â€”-,United Kingdom,2020-11-30
yakubumohammed_,yakub mohammed,,2020-11-30
harshalgandhi28,The Harshal Gandhi,"Mumbai, India. ",2020-11-30
DamilolaAdeoti4,DÃ¡mÃ¬lÃ³lÃ  Adeoti,Abuja,2020-11-30
JPAS0605,Jean-Pierre,Tomando Fernet,2020-11-30
Musicmelody201,lawrence lara,1300 Horseshoe Lane Norristown,2020-11-30
CinnamonCorazon,ğŸ–¤corazÃ³n de cinnamon ğŸ´,ğŸŒ‘on the horizonğŸŒ‘,2020-11-30
natbnyc,Natalia Baranovskaya,"New York, NY",2020-11-30
AmmarZamann,A M M A R,"15 Yemen Road, Yemen",2020-11-30
wilson_emt,Emily Wilson,Canada,2020-11-30
El7delRM,REYES DEL UNIVERSO,"AlcalÃ¡ de Henares, EspaÃ±a",2020-11-30
officialrm_dna,RM_DNA,,2020-11-30
Musicmelody201,lawrence lara,1300 Horseshoe Lane Norristown,2020-11-30
hollow387,Z.,,2020-11-30
4ver_madridista,papa PEREZ,,2020-11-30
fitsum,ğŸ‡ªğŸ‡¹ğŸ‡ºğŸ‡¸ğŸ¤™ğŸ¾áááˆ,+1 202,2020-11-30
Musicmelody201,lawrence lara,1300 Horseshoe Lane Norristown,2020-11-30
leonstav,Leon Stavrinakis ğŸ‡ºğŸ‡¸,"Charleston, SC",2020-11-30
farhat514,Farhat Abbas,"Torino, Italy",2020-11-30
KurdistanRMD,Real Madrid in Kurdistan,Kurdistan,2020-11-30
ShadyFiasco,ShadyFiasco,"Ottawa, Canada",2020-11-30
G_Gustavin,Gustavo Gonzalez,PanamÃ¡,2020-11-30
fitsum,ğŸ‡ªğŸ‡¹ğŸ‡ºğŸ‡¸ğŸ¤™ğŸ¾áááˆ,+1 202,2020-11-30
RAR_2011,Mohammed Almudahki,"Dhahran, Saudi Arabia",2020-11-30
ynadamaspodcast,ynadamaspodcast,United States,2020-11-30
fitsum,ğŸ‡ªğŸ‡¹ğŸ‡ºğŸ‡¸ğŸ¤™ğŸ¾áááˆ,+1 202,2020-11-30
Absolute_RMCF,Advp,India,2020-11-30
Notursoccerexp1,Notursoccerexpert,,2020-11-30
sportli32511311,sport live,,2020-11-30
leonstav,Leon Stavrinakis ğŸ‡ºğŸ‡¸,"Charleston, SC",2020-11-30
HodzaEmir,Emir Hodzic,Tokyo - Helsinki,2020-11-30
imjontolbert,Jon Tolbert IV,staying inside,2020-11-30
MaradonasDealer,Maradona's Dealer (Burner Account),,2020-11-30
TxenTeam1986,ChentEDM ğŸŸ OnlyCopyCaTGA,"Burgos, CastillayLeon, EspaÃ±a.",2020-11-30
TxenTeam1986,ChentEDM ğŸŸ OnlyCopyCaTGA,"Burgos, CastillayLeon, EspaÃ±a.",2020-11-30
GolAlerta,Alerta Gol,"Coya, Chile",2020-11-30
PSG24hours,PSG en Direct ğŸŒ,Parc des Princes,2020-11-30
AjitMenon_Real,Ajitt MenonnğŸ‡®ğŸ‡³,India,2020-11-30
Notursoccerexp1,Notursoccerexpert,,2020-11-30
KlaasMoukangwe,Klaas Moukangwe,"Pretoria, South Africa",2020-11-30
maxo41,Master Class,"Cayes, Haiti",2020-11-30
ovostreams,Nba Streams,,2020-11-30
higurashi_asuna,Asuna Higurashi,Colombia,2020-11-30
ConvertOdds,Convert Odds,,2020-11-30
9jaGooners,9jagooners #EndSARSNow,Nigeria,2020-11-30
AppMatchday,The MatchDay App,Nigeria,2020-11-30
SportsStreamuk,SportsStream.co.uk,UK,2020-11-30
camfis77,Camille Fischbach,"Ile-de-France, France",2020-11-30
spartanmunich,spartanmunich,MÃ©xico,2020-11-30
hairdryerfooty,Hairdryer Treatment,Dressing Room,2020-11-30
TopMercato,â–º Top Mercato,France,2020-11-30
sumikha36713673,sumi khatun,,2020-11-30
hakimki80430161,hakim kimo,,2020-11-30
TheX97703351,TheX,,2020-11-30
WinningBetsPod,Winning Bets ğŸˆâš¾ğŸ€âš½ğŸ’=ğŸ’°,Chicago,2020-11-30
CarlosJSB231290,CarlosJSB231290,,2020-11-30
MadridSix,Stream and Prediction tips,,2020-11-30
kev_egan,Kevin Egan,ğŸ‡®ğŸ‡ªDUB â¡ï¸ CHIâ¡ï¸ MIAâ¡ï¸ ATLğŸ‡ºğŸ‡¸,2020-11-30
Marvindroide,Marvin,"Lima, PerÃº",2020-11-30
ApuestasGoat,Goat Apuestas,,2020-11-30
SirMultifandom,K/DA More,En mi casa desde 1995/04/12,2020-11-30
Pratyus45785567,Pratyush Srivastava,,2020-11-30
officialrm_dna,RM_DNA,,2020-11-30
Virginia_MS_,Virginia ğŸ’«,"Murcia, EspaÃ±a",2020-11-30
Virginia_MS_,Virginia ğŸ’«,"Murcia, EspaÃ±a",2020-11-30
szvdesign,szvdesign,,2020-11-30
TwitMadridista,UniversalTweet,africamericasiaeuropeoceany,2020-11-30
TwitMadridista,UniversalTweet,africamericasiaeuropeoceany,2020-11-30
Solofutbolfemen,TS futbol femenino,,2020-11-30
Solofutbolfemen,TS futbol femenino,,2020-11-30
williehappiness,NAZA,"Lagos, Nigeria",2020-11-30
ViveandChill,Viveandchill,online,2020-11-30
ViveandChill,Viveandchill,online,2020-11-30
ViveandChill,Viveandchill,online,2020-11-30
TeamCR7Japan,Cristiano Ronaldo ( atğŸ¡ ),â™”Estadio Santiago BernabÃ©uâ™”,2020-11-30
Joseisallin,JosÃ© Merino,Ciudad Real,2020-11-30
isra7delatorre,Israel De La Torre,,2020-11-30
margaritafg18,MargArita FG,"Piura, Peru",2020-11-30
ftblersOfficial,FTBLERS Official,,2020-11-30
margaritafg18,MargArita FG,"Piura, Peru",2020-11-30
Gamedevbot9000,Gamedev every 20 minutes!,,2020-11-30
touchdownbot,Touchdown Bot,United States,2020-11-30
touchdownbot,Touchdown Bot,United States,2020-11-30
touchdownbot,Touchdown Bot,United States,2020-11-30
touchdownbot,Touchdown Bot,United States,2020-11-30
FutIconOK,FutIcon,,2020-11-30
Yannic416,Fat TonyğŸ‡¹ğŸ‡¹,"Queens, NY",2020-11-30
EmilioRM13_34,ğŸ‡»ğŸ‡ªğŸ‡ªğŸ‡¸HALA MADRID âš½ğŸ†ğŸ‡»ğŸ‡ªğŸ‡ªğŸ‡¸,El Mejor paÃ­s del Mundo,2020-11-30
EsportsTweeter,Esports RTs - Discountined,United States,2020-11-30
EsportsTweeter,Esports RTs - Discountined,United States,2020-11-30
EsportsTweeter,Esports RTs - Discountined,United States,2020-11-30
EsportsTweeter,Esports RTs - Discountined,United States,2020-11-30
maxmathews95,Max Mathews,"Croydon, Greater London",2020-11-30
LimbaughOC,David Limbaugh,USA,2020-11-30
OddsCovers,ODDSCOVERS (Official),USA,2020-11-30
IreneAdlerOC,Irene Adler,,2020-11-30
LandonSmithOC,Landon Smith,United States of America,2020-11-30
Neibeth94,Nei N âš½ğŸ,Valencia - Venezuela,2020-11-30
margaritafg18,MargArita FG,"Piura, Peru",2020-11-30
sermadness,ZIDANE,â™ï¸,2020-11-30
jem2050,Ahmed1999,,2020-11-30
jem2050,Ahmed1999,,2020-11-30
AmigosRM_Marace,PeÃ±a RM Maracena,Granada,2020-11-30
BrandingDrop,Uptown Graphics Inc,"Keekorok Road, Nairobi. ",2020-11-30
usama_isco22,Usama Sarwar Â³â´,"Umarkot, Pakistan",2020-11-30
ToniKrooz8,TK8,,2020-11-30
AnneShly,Anne Shirley,,2020-11-30
Abraham_ESP96,Abraham ğŸ‡ªğŸ‡¸,EspaÃ±a,2020-11-30
Abraham_ESP96,Abraham ğŸ‡ªğŸ‡¸,EspaÃ±a,2020-11-30
anapaumaup,Ana Pau MaupomÃ©,WorldWide,2020-11-30
anapaumaup,Ana Pau MaupomÃ©,WorldWide,2020-11-30
TheRMadridTV,TheRMadridTV,Subscribe to us on YOUTUBE,2020-11-30
pina33elTitan,pina33elTitan,,2020-11-30
lolo73mgg,ğŸ‡ªğŸ‡¸Madridista puroğŸ‡ªğŸ‡¸,"Yecla, EspaÃ±a",2020-11-30
OnMadridista,OnMadridista,,2020-11-30
OnMadridista,OnMadridista,,2020-11-30
AlitmrAli,Ali (TMR),,2020-11-30
fergarci7,ğŸ‡ªğŸ‡¸ Fernando GarcinuÃ±o ğŸ‡ªğŸ‡¸,Ãvila,2020-11-30
diegojdq,Diego De Quintal,,2020-11-30
pina33elTitan,pina33elTitan,,2020-11-30
_SerMadridista,SerMadridista,"Madrid, Comunidad de Madrid",2020-11-30
RodrigooMiguel7,Rodrigo Miguel ğŸ‡§ğŸ‡·ğŸ‡ºğŸ‡¸ğŸ‡ªğŸ‡¸,WorldWide,2020-11-30
aripov_sarvar,Aripov Sarvar ğŸ‡ºğŸ‡¿ğŸ‡ºğŸ‡¿ğŸ‡ºğŸ‡¿,Uzbekistan ğŸ‡ºğŸ‡¿,2020-11-30
marcosvd__,Marcos Vicente DÃ­az,"Parla, EspaÃ±a",2020-11-30
marcosvd__,Marcos Vicente DÃ­az,"Parla, EspaÃ±a",2020-11-30
EsperonAlonso,Roberto Esperon Alonso,,2020-11-30
drunkjaguar,Alessandra,,2020-11-30
oddsjet,OddsJet,,2020-11-30
CGP_TV,CristÃ³bal GarcÃ­a,AndÃºjar,2020-11-30
ReyReal_RN,ğŸ†3âƒ£4ï¸âƒ£ + 1âƒ£3ï¸âƒ£ğŸ†,EspaÃ±a,2020-11-30
Karlos00898059,Karlos,,2020-11-30
Aaronwarriors,AarÃ³n,"Madrid, EspaÃ±a",2020-11-30
Vasqueztony_17,Tony Vasquez,Maracay Aragua Venezuela,2020-11-30
jfayala79,J F AyalağŸšŒ ğŸ˜· ğŸ’™ ğŸ’š,,2020-11-30
Marck_78,JesÃºs MartÃ­nez,Terrassa (Barcelona) EspaÃ±a ,2020-11-30
cr0quetica,Tamarita Rumpelstiltskin,"Siete mis estrellas, Madrid",2020-11-30
BrandingDrop,Uptown Graphics Inc,"Keekorok Road, Nairobi. ",2020-11-30
Subhaji17882621,Subhajit Paul,,2020-11-30
BrandingDrop,Uptown Graphics Inc,"Keekorok Road, Nairobi. ",2020-11-30
loren_cr7,CapitÃ¡n Deadpool,"CÃ¡ceres, EspaÃ±a",2020-11-30
roobxs,rob // asfive,.brasil,2020-11-30
IvanMaroto07,IvÃ¡n Maroto Montoroâ„ï¸â›„ğŸ„ğŸš¬,,2020-11-30
GrantRM1,Maria Radisavljevic,,2020-11-30
mandinehenry6,Ana :),rmcf â€¢ lfc â€¢ sep â€¢ storm,2020-11-30
Alberto_Shaoke,Alberto SÃ¡nchez ğŸ‡ªğŸ‡¸RMğŸ‡ªğŸ‡¸,,2020-11-30
Mcardona10,Marta Cardona de Miguel,Zaragoza,2020-11-30
Franciscosan4,Francisco Sanchez,Caudete (Albacete) EspaÃ±a,2020-11-30
FootyLegend_,Footy Legend VIP Hospitality,"Barcelona, Spain",2020-11-30
NayelinNegrette,Naye NG,"San Francisco de MacorÃ­s, Domi",2020-11-30
DuaaRMCF,ğ““ğ“¾ğ“ªğ“ªï·¼ğŸ‡³ğŸ‡±ğŸ¤,â“‚ÉªsğŸ‡±ğŸ‡¾||â“‚á´€á´…ğŸ‡ªğŸ‡¦,2020-11-30
anamerengona,Anita,,2020-11-30
horchani_nafaa,nafaa horchani,,2020-11-30
isma_mvp,Isma,,2020-11-30
brianvanderbest,Brian Van Der Biest,,2020-11-30
SandraMoraxa,SÎ±Ğ¸âˆ‚ÑÎ± ğŸ–¤,Entre Mora y Yepes ,2020-11-30
iamdamaged8,MkğŸ³ï¸â€ğŸŒˆ,,2020-11-30
FidalgoMon,MarÃ­a Mon Fidalgo,,2020-11-30
Ricardo73556098,Ricardo Cunha,,2020-11-30
bogdannitescu1,bogdan.nitescu,"Bucharest, Romania",2020-11-30
dacilpr28,Dacilpr/shak ğŸ‡®ğŸ‡¨ğŸ‡ªğŸ‡¸,"Las Palmas de Gran Canaria, Is",2020-11-30
dacilpr28,Dacilpr/shak ğŸ‡®ğŸ‡¨ğŸ‡ªğŸ‡¸,"Las Palmas de Gran Canaria, Is",2020-11-30
SimberWann,Simber MadridistağŸ˜âœŒğŸ»ğŸ‘ŠğŸ»,"Kona, Ghana",2020-11-30
ririboynic,Jorge Abea ( desde ğŸ ),Nicaragua,2020-11-30
sralouist,hbriela,sempre altaneiro   ela/dela ,2020-11-30
sralouist,hbriela,sempre altaneiro   ela/dela ,2020-11-30
Acevedo_S9,S.AC 9Â¾ ğŸŒˆ ğŸ³ï¸â€ğŸŒˆ,r,2020-11-30
Virginia_MS_,Virginia ğŸ’«,"Murcia, EspaÃ±a",2020-11-30
lee_rko,Larissa ğŸŒªï¸,Brasil,2020-11-30
adrianvk94,AdriÃ¡n Caballero,"Madrid, Comunidad de Madrid",2020-11-30
lavado17,AdriÃ¡n Lavado,"Collado Villalba, Madrid",2020-11-30
helen7RM,Siempre Real 3ï¸âƒ£4ï¸âƒ£ğŸ†,EspaÃ±a,2020-11-30
uel_mita,UCEL da Mitagem,,2020-11-30
uefamita,uefamita,,2020-11-30
Nike12315417899,Nike123,,2020-11-30
kwekujr_,ONUAğŸ‡¬ğŸ‡­,,2020-11-30
gobon14_,Gabriel Obon,,2020-11-30
NEILSHOTDEALS,NEILSHOTDEALS,Islip New York,2020-11-30
Xabi207,Javi Torres,Vizcaya/Bizkaia,2020-11-30
RicaGalletiita,GalletağŸ’,,2020-11-30
easyodds,Easyodds.com,"Leeds, England",2020-11-30
Soy_RM_CF,Allen,Donde Juegue el Real Madrid CF,2020-11-30
Danielfm_95,Daniel Flores,Madrid,2020-11-30
alexpinillos82,ğ“ğ“µğ“®ğ” ğŸ‡ªğŸ‡¸ ğŸ ğŸš,"Madrid,EspaÃ±a",2020-11-30
boricuatwit,Boricua Twit,unknown,2020-11-30
fdezj_jose88,ğŸ’¥Jose FernÃ¡ndezğŸ’¥,,2020-11-30
GloberTorpess,Mr. X â”,,2020-11-30
duudito,Edu,Mdz,2020-11-30
Blacksky_616,â¸¸ AÌ¥leÍ›x â›§,En algÃºn lugar del universo ğŸ–¤,2020-11-30
carrillo_elissa,Ely carrillo,,2020-11-30
_carolnaarroyo,Carol,,2020-11-30
charlespats,Carlos Dos Santos,"Madrid, Comunidad de Madrid",2020-11-30
gabifeal,GabiFM,,2020-11-30
halamadriwd,leticia,santiago bernabeu,2020-11-30
hounly,DMO,,2020-11-30
Madrid_Bekasi,PeÃ±a Real Madrid de Indonesia Regional Bekasi,"Bekasi, Jawa Barat",2020-11-30
Madrid_Bekasi,PeÃ±a Real Madrid de Indonesia Regional Bekasi,"Bekasi, Jawa Barat",2020-11-30
Madrid_Bekasi,PeÃ±a Real Madrid de Indonesia Regional Bekasi,"Bekasi, Jawa Barat",2020-11-30
Nawas_masood,CROWN PRINCE ğŸ‘‘,HOME OF PEACE,2020-11-30
_pauliiita,h âš¡ï¸,,2020-11-30
RaymerHurtado,Ray Isolated,"AndalucÃ­a, EspaÃ±a",2020-11-30
Alcivar1Carlos,Albert zz ğŸƒ,,2020-11-30
AnxoCampos,Anxo Campos,,2020-11-30
Badgirl_isa,Isa MÃ¼ller â‰›â‰£,por aÃ­ fofoqueiro,2020-11-30
halxrmcf,L,"Rio de Janeiro, Brasil",2020-11-30
CristiianRM7,CristianRMâšª,"MÃ¡laga, EspaÃ±a",2020-11-30
mdcmg98,MğŸ’« RMğŸ³,Real Madrid,2020-11-30
Seddnv,Manu,Spain,2020-11-30
Idotiquides,Hector Mistral,"Madrid, Capital",2020-11-30
RMF_Stan23,â™ Æ™à½Ä±Ê‚ â™‹,"Barcelona, EspaÃ±a  ",2020-11-30
ruben_vm,RubÃ©n V.,EspaÃ±a,2020-11-30
DonAdrian992,Camposss,,2020-11-30
Rafa_C_G_E,Rafa GÃ¡lvez Entrena,MontefrÃ­o(Granada),2020-11-30
365Scores,365Scores,,2020-11-30
FLAIP2,WALDIN,,2020-11-30
RealmadridTacon,RealMadrid_Tacon,,2020-11-30
primethibaut,PrimeThibaut,"Bree, BelgiÃ«ğŸ‡§ğŸ‡ª ",2020-11-30
FloresFemFut,FloresFUTFEM,,2020-11-30
JaviOrtega80,Javier Ortega,,2020-11-30
lumma91,Luma ğŸŒ§ğŸŒ¿,,2020-11-30
Sergio_RMCF07,Sergio7_RMCFâš½ï¸,"Mislata, EspaÃ±a",2020-11-30
kossefia,Van,Earth 666,2020-11-30
realmadridfem,Real Madrid C.F.,Ciudad Real Madrid,2020-11-30
NEILSHOTDEALS,NEILSHOTDEALS,Islip New York,2020-11-30
halamadriwd,leticia,santiago bernabeu,2020-11-30
halamadriwd,leticia,santiago bernabeu,2020-11-30
tesorotec,Tesoro Technology,,2020-11-30
ignacio_cz,Ignacio CZ ğŸ–¤ğŸ‡ªğŸ‡¸ğŸ–¤ğŸ˜·ğŸ–¤âœğŸ–¤,"Madrid, EspaÃ±a",2020-11-30
SaberiAfsaneh,afsaneh saberi,,2020-11-30
IncKelton,ğ—•ğ—¹ğ—®ğ—»ğ—°ğ—¼ğ˜€ ğ—Ÿğ—¶ğ˜ƒğ—²,,2020-11-30
mamateuna67,@mamateuna67,Siempre Desubicado,2020-11-30
mamateuna67,@mamateuna67,Siempre Desubicado,2020-11-30
Mafalda_Pinho,Moutinho ğŸ‡ªğŸ‡¸,Santiago BernabÃ©u,2020-11-30
Mafalda_Pinho,Moutinho ğŸ‡ªğŸ‡¸,Santiago BernabÃ©u,2020-11-30
drewstyleslj,Ana,Brasil,2020-11-30
drewstyleslj,Ana,Brasil,2020-11-30
BausciaCafe,Bauscia CafÃ©,,2020-11-30
Connorbennett10,Connor Bennett,"Framlingham, England",2020-11-30
ElAsaltaCunas,J ğŸ”¥ S S,Sexto Estado ,2020-11-30
CasinoSieger,Casino Sieger,facebook.com/CasinoSieger,2020-11-30
cristze7,Darth Knightâš”,"Earth, Solar System",2020-11-30
tantarlos,juan carlos,,2020-11-30
Papotepless,ÎœÑÄ›Ğ³sĞ‡Ï‡Î±Ñ”âˆ‚ *Witcher 3 GOTY 2020*,"Islas Canarias, EspaÃ±a",2020-11-30
Forebet,Forebet,,2020-11-30
javiedu27,Javier Orozco 34ğŸ†,"Maracay, Venezuela",2020-11-30
DiegoGrobaLoren,DGL,fuerteventura (Morro Jable),2020-11-30
bogdannitescu1,bogdan.nitescu,"Bucharest, Romania",2020-11-30
adrianvk94,AdriÃ¡n Caballero,"Madrid, Comunidad de Madrid",2020-11-30
RMCFThhebest,RMCF,"Madrid, Comunidad de Madrid",2020-11-30
RMCFThhebest,RMCF,"Madrid, Comunidad de Madrid",2020-11-30
Rafa_C_G_E,Rafa GÃ¡lvez Entrena,MontefrÃ­o(Granada),2020-11-30
Rafa_C_G_E,Rafa GÃ¡lvez Entrena,MontefrÃ­o(Granada),2020-11-30
YaniraSiete2,ğŸºğŸ¦–ğŸ…ğŸ¼ğŸ¤¶ğŸ¼ğŸ„â„,,2020-11-30
YaniraSiete2,ğŸºğŸ¦–ğŸ…ğŸ¼ğŸ¤¶ğŸ¼ğŸ„â„,,2020-11-30
firrheart,bi,BelÃ©m,2020-11-30
firrheart,bi,BelÃ©m,2020-11-30
MaketoLari,Maketo Lari,,2020-11-30
crisss04__,Crisss18,Madrid 17/03/19,2020-11-30
Marck_78,JesÃºs MartÃ­nez,Terrassa (Barcelona) EspaÃ±a ,2020-11-30
pablocouce_,Rick Blaine,La CoruÃ±ağŸ‡ªğŸ‡¸,2020-11-30
TMF92,TF,UK,2020-11-30
txell_bnak,â€ xell benach,,2020-11-30
txell_bnak,â€ xell benach,,2020-11-30
juanrodro,Juan S RodrÃ­guez,MedellÃ­n,2020-11-30
El_Buitre34,Tonio,"Montpellier, France",2020-11-30
cafeyfutbol,â˜• CafÃ© y fÃºtbol âš½,Colombia,2020-11-30
modinhorm13,modinho,"Dar es Salaam, Tanzania",2020-11-30
Juanito63000,Hala Madrid ğŸ‡ªğŸ‡¦ Allez L'OM ğŸ‡¨ğŸ‡µ,"Madrid, Comunidad de Madrid",2020-11-30
EL_SPICIAL,~,,2020-11-30
JuliaParente86,Julia Stark #ForCersei,"Barcelona, EspaÃ±a",2020-11-30
Franciscosan4,Francisco Sanchez,Caudete (Albacete) EspaÃ±a,2020-11-30
milapinos,maila ğŸŒˆ,"Comunidad de Madrid, EspaÃ±a",2020-11-30
Franciscosan4,Francisco Sanchez,Caudete (Albacete) EspaÃ±a,2020-11-30
GrantRM1,Maria Radisavljevic,,2020-11-30
GrantRM1,Maria Radisavljevic,,2020-11-30
Harborwolf89,Jorge Enrique,,2020-11-30
MigueTotal,Migue-Totalero,"Saturno, Planetas Exteriores.",2020-11-30
oleoleartwork,OLÃ‰ OLÃ‰ I Football Art,Copenhagen,2020-11-30
AchrafRMCF,achraf souayah,"Sousse,Tunisia ",2020-11-30
AchrafRMCF,achraf souayah,"Sousse,Tunisia ",2020-11-30
EsperonAlonso,Roberto Esperon Alonso,,2020-11-30
fergarci7,ğŸ‡ªğŸ‡¸ Fernando GarcinuÃ±o ğŸ‡ªğŸ‡¸,Ãvila,2020-11-30
neguillan,COPITOğŸ€ğŸ’œâ™€ï¸ğŸ’œğŸ‡ªğŸ‡¦ğŸ–¤ğŸ˜·ğŸ˜·,,2020-11-30
Forebet,Forebet,,2020-11-30
OmniFoot,á´á´É´ÉªÒ“á´á´á´›,"Cairo, Egypt",2020-11-30
DavidDomGonz,David,"Pontevedra, EspaÃ±a",2020-11-30
locrechex,luciğŸŒ¹,,2020-11-30
bogavantemio,Mario HernÃ¡ndez,,2020-11-30
rmamerengue,.,,2020-11-30
Andreilinho,Andreilinho,,2020-11-30
RealmadridTacon,RealMadrid_Tacon,,2020-11-30
RealmadridTacon,RealMadrid_Tacon,,2020-11-30
WalterK93222831,Walter Kovacs,,2020-11-30
horchani_nafaa,nafaa horchani,,2020-11-30
ZZTOP__,calmao,Islas CaimÃ¡n,2020-11-30
zied_khemis,Mohamed Zied Khemis,Mahdia - Tunisie,2020-11-30
waroh_sarawut,Sarawut Waroh,"à¸ˆ.à¸ªà¸•à¸¹à¸¥, à¸›à¸£à¸°à¹€à¸—à¸¨à¹„à¸—à¸¢",2020-11-30
waroh_sarawut,Sarawut Waroh,"à¸ˆ.à¸ªà¸•à¸¹à¸¥, à¸›à¸£à¸°à¹€à¸—à¸¨à¹„à¸—à¸¢",2020-11-30
91fadl_abaas,91fadl_abaas,,2020-11-30
Strauu,ğŸ•Š,,2020-11-30
Strauu,ğŸ•Š,,2020-11-30
FutFemFantasy,FutFem Fantasy,,2020-11-30
Neibeth94,Nei N âš½ğŸ,Valencia - Venezuela,2020-11-30
Alvaronp97,Alvaro Navarro ğŸ‡ªğŸ‡¸,"Villaviciosa de OdÃ³n, EspaÃ±a",2020-11-30
Estherrg7,7âƒ£eStHeRâš½ï¸ğŸ¶ğŸ’œ,Madrid,2020-11-30
DJARON10,@DJARONÂ®ï¸,EQG Studio / Hispania,2020-11-30
TitoFabioRM,RmFabio,,2020-11-30
Dani7Arias,Dani ğŸ¥âš“,De Jereeez,2020-11-30
elitesportings1,Elite Sporting Shirts,27 North Park TS233SU,2020-11-30
Karen_Alvarez9,KarenAlvarez,,2020-11-30
TheMighty1One,Jelani,,2020-11-30
MichelGMen,Miguel ğŸ‡ªğŸ‡¸,,2020-11-30
Bmg_29,BÉ›a â™¥,~ VÉ¨Õ¼aÊ€Ã²s tÊ€Ö…ssÉ›t É–É› Ä‹É›ÊŸ ~,2020-11-30
_andreaquesada7,Andrea âš½,"MÃ³stoles, EspaÃ±a",2020-11-30
Yatish34,Y,,2020-11-30
DanielLevine0T0,ã‚¢ãƒ€ãƒ âŠ¿ â´â¶,å¤§éƒ½ä¼šæœ­å¹Œ,2020-11-30
zZRMCF8602,Elnota,Chernobyl,2020-11-30
Yurelispaola_14,Paola,"Madrid, Comunidad de Madrid",2020-11-30
_andreaquesada7,Andrea âš½,"MÃ³stoles, EspaÃ±a",2020-11-30
Meeerlm,MarÃ­a,,2020-11-30
Yurelispaola_14,Paola,"Madrid, Comunidad de Madrid",2020-11-30
fdezj_jose88,ğŸ’¥Jose FernÃ¡ndezğŸ’¥,,2020-11-30
hpmari13,M,Sp Zona west,2020-11-30
NaniKeys,Diana HernÃ¡ndez,"Madrid, Spain",2020-11-30
LadyBlinders,Lady Blinders,,2020-11-30
MadridCFyB,Â¡Hala Madrid!,Santiago BernabÃ©u,2020-11-30
aripov_sarvar,Aripov Sarvar ğŸ‡ºğŸ‡¿ğŸ‡ºğŸ‡¿ğŸ‡ºğŸ‡¿,Uzbekistan ğŸ‡ºğŸ‡¿,2020-11-30
MatheusBruschi,Matheus Bruschi,"Lagoa Santa, Brasil",2020-11-30
MatheusBruschi,Matheus Bruschi,"Lagoa Santa, Brasil",2020-11-30
Marie_kb9,â„³arie,Venezuela de las 7ï¸âƒ£ estrellas,2020-11-30
AlcidesR10,Alcidesâˆ,Panama,2020-11-30
lumma91,Luma ğŸŒ§ğŸŒ¿,,2020-11-30
Tatiana_re6,T.,PerÃº,2020-11-30
SamuD95,SamuD,,2020-11-30
drunkjaguar,Alessandra,,2020-11-30
checariniONFIRE,CÃ©sar GutiÃ©rrez,Cantabria,2020-11-30
ATargaryen_,Andrea.,HouseOfTheDragon,2020-11-30
marion253,marionsiciliagriffin,espaÃ±a,2020-11-30
swiftxrm,natt,,2020-11-30
FloresFemFut,FloresFUTFEM,,2020-11-30
lee_rko,Larissa ğŸŒªï¸,Brasil,2020-11-30
ManuMora199,Manu Mora,,2020-11-30
9_emy,Emy D.,,2020-11-30
roobxs,rob // asfive,.brasil,2020-11-30
iEmanWm,EM,,2020-11-30
nikicavalli,R.,Al este de Madrid.,2020-11-30
bictris,Beatriz Aguilera,Wentworth Correctional Centre,2020-11-30
SousouRM11,Sousoumadridistabrasileiro Â³â´,"Austin, TX",2020-11-30
Futbolero233,Futbolero23,,2020-11-30
roobxs,rob // asfive,.brasil,2020-11-30
GradaRMCFOfi,Real Madrid C.F.,EspaÃ±a,2020-11-30
GloberTorpess,Mr. X â”,,2020-11-30
Sergio_RMCF07,Sergio7_RMCFâš½ï¸,"Mislata, EspaÃ±a",2020-11-30
lolo73mgg,ğŸ‡ªğŸ‡¸Madridista puroğŸ‡ªğŸ‡¸,"Yecla, EspaÃ±a",2020-11-30
albertoarregui_,Alberto ğŸ,"Zaragoza, EspaÃ±a ğŸ‡ªğŸ‡¸",2020-11-30
helen7RM,Siempre Real 3ï¸âƒ£4ï¸âƒ£ğŸ†,EspaÃ±a,2020-11-30
tunomecalculas,ğŸ’«ğ”©ğ’¶ğ“ğ”ªÎ±ğŸ’«,somewhere on planet earth,2020-11-30
Jooabe21,Ã˜,,2020-11-30
FRmcff,FansRMCFF,,2020-11-30
crisss04__,Crisss18,Madrid 17/03/19,2020-11-30
realmadridfem,Real Madrid C.F.,Ciudad Real Madrid,2020-11-30
Marie_kb9,â„³arie,Venezuela de las 7ï¸âƒ£ estrellas,2020-11-30
modinhorm13,modinho,"Dar es Salaam, Tanzania",2020-11-30
FRmcff,FansRMCFF,,2020-11-30
TheMighty1One,Jelani,,2020-11-30
Faviovaldemoro,Favio Valdemoro,Valdemoro,2020-11-30
_SerMadridista,SerMadridista,"Madrid, Comunidad de Madrid",2020-11-30
MoShaker13,Mo Shaker,sarnaga,2020-11-30
larrys_80,ian larryÂ´s,"Aguilar de Campoo, EspaÃ±a",2020-11-30
TheKitmanUK,TheKitman.co.uk,"Bristol, England",2020-11-30
Dani7Arias,Dani ğŸ¥âš“,De Jereeez,2020-11-30
adrianvk94,AdriÃ¡n Caballero,"Madrid, Comunidad de Madrid",2020-11-30
Owosarhm,Ice Sam ğŸŒ´,,2020-11-30
MichelGMen,Miguel ğŸ‡ªğŸ‡¸,,2020-11-30
kaakiretta,ğŸ‘€,slums of palacole,2020-11-30
pablocbc,Pablo,,2020-11-30
Juanito63000,Hala Madrid ğŸ‡ªğŸ‡¦ Allez L'OM ğŸ‡¨ğŸ‡µ,"Madrid, Comunidad de Madrid",2020-11-30
Bmg_29,BÉ›a â™¥,~ VÉ¨Õ¼aÊ€Ã²s tÊ€Ö…ssÉ›t É–É› Ä‹É›ÊŸ ~,2020-11-30
JulioTFP,Julio J. SÃ¡nchez Barreda,Madrid,2020-11-30
checariniONFIRE,CÃ©sar GutiÃ©rrez,Cantabria,2020-11-30
lee_rko,Larissa ğŸŒªï¸,Brasil,2020-11-30
Berta15,Berta,,2020-11-30
FutFemFantasy,FutFem Fantasy,,2020-11-30
iEmanWm,EM,,2020-11-30
NaniKeys,Diana HernÃ¡ndez,"Madrid, Spain",2020-11-30
berocer,Bea. UnaDiNoi ó¾“«,Noia. Galicia. EspaÃ±a,2020-11-30
aripov_sarvar,Aripov Sarvar ğŸ‡ºğŸ‡¿ğŸ‡ºğŸ‡¿ğŸ‡ºğŸ‡¿,Uzbekistan ğŸ‡ºğŸ‡¿,2020-11-30
GradaRMCFOfi,Real Madrid C.F.,EspaÃ±a,2020-11-30
SusanaTRuiz,ğŸ€Susana ğŸ€ğŸ¦‹ğŸ’«,"AlcalÃ¡ de Henares, Madrid ",2020-11-30
Meeerlm,MarÃ­a,,2020-11-30
fdezj_jose88,ğŸ’¥Jose FernÃ¡ndezğŸ’¥,,2020-11-30
drunkjaguar,Alessandra,,2020-11-30
guimsle,Guim's ğŸğŸ¦,"ThÃ©ding, Moselle",2020-11-30
Seddnv,Manu,Spain,2020-11-30
Jooabe21,Ã˜,,2020-11-30
91fadl_abaas,91fadl_abaas,,2020-11-30
GloberTorpess,Mr. X â”,,2020-11-30
helen7RM,Siempre Real 3ï¸âƒ£4ï¸âƒ£ğŸ†,EspaÃ±a,2020-11-30
WalterK93222831,Walter Kovacs,,2020-11-30
ZZTOP__,calmao,Islas CaimÃ¡n,2020-11-30
juanpfrutos,Juanpa,"Boadilla del Monte, EspaÃ±a",2020-11-30
FloresFemFut,FloresFUTFEM,,2020-11-30
Tatiana_re6,T.,PerÃº,2020-11-30
Futbolero233,Futbolero23,,2020-11-30
lolo73mgg,ğŸ‡ªğŸ‡¸Madridista puroğŸ‡ªğŸ‡¸,"Yecla, EspaÃ±a",2020-11-30
Estherrg7,7âƒ£eStHeRâš½ï¸ğŸ¶ğŸ’œ,Madrid,2020-11-30
RGLopez8,â­â™£â™¦LÃ³pezâ„¢â™¦â™£â­,EspaÃ±a,2020-11-30
lumma91,Luma ğŸŒ§ğŸŒ¿,,2020-11-30
zZRMCF8602,Elnota,Chernobyl,2020-11-30
bictris,Beatriz Aguilera,Wentworth Correctional Centre,2020-11-30
nikicavalli,R.,Al este de Madrid.,2020-11-30
Sergio_RMCF07,Sergio7_RMCFâš½ï¸,"Mislata, EspaÃ±a",2020-11-30
luciaayumi_RMCF,Lucia Ayumi ğŸ’šğŸ‡ªğŸ‡¸ğŸ‡¯ğŸ‡µ,"Santander, EspaÃ±a",2020-11-30
realmadridfem,Real Madrid C.F.,Ciudad Real Madrid,2020-11-30
Rey_Kiki_,Rey Kiki,London,2020-11-30
Wise_Prediction,Wise Prediction,Sweden,2020-11-30
itzhenryflair,Henryflair,worldwide,2020-11-30
MBetKenya,M-Bet Plus,Kenya,2020-11-30
mark_osifo,ï£«dbigmark2ï£«Â®,Life!!!,2020-11-30
Big5Casino,Big5 Casino,,2020-11-30
StatisticSports,StatisticSports,,2020-11-30
OnMadridista,OnMadridista,,2020-11-30
OnMadridista,OnMadridista,,2020-11-30
OnMadridista,OnMadridista,,2020-11-30
AlexTOSKOVIC,Alex TOSKOVIC,"Kraljevo, Serbia MADRID, Spain",2020-11-30
easymarkets,easyMarkets,Worldwide,2020-11-30
LiliBet_Global,LiliBet,,2020-11-30
MadridRooter,Real Madrid Rooter,,2020-11-30
habibmohammed09,HABIB A.MOHAMMED,Ghana,2020-11-30
danieljaph1,ngugiğŸ‡¹ğŸ‡¿,kitonga,2020-11-30
itzhenryflair,Henryflair,worldwide,2020-11-30
Route1futbol,RouteOneFootball,,2020-11-30
AzrOrganization,AZR Organization,,2020-11-30
Gabbymartial14,Gabby Martial@14,,2020-11-30
GoonersGuide,Paul Kulhavy,On the Net,2020-11-30
99REALities_COM,99REALities.com,,2020-11-30
MartimFRR,Martim Ferreira,London,2020-11-30
footballespana_,footballespana,,2020-11-30
footballitalia,footballitalia,,2020-11-30
AO_Sports,AhramOnlineSports,"Cairo, Egypt",2020-11-30
cristinacalgary,cristina velasco,"HuÃ©rcal de AlmerÃ­a,AlmerÃ­a.",2020-11-30
alanjacobtbk,á´€ÊŸá´€É´ sá´‡Ê€,,2020-11-30
TheKitmanUK,TheKitman.co.uk,"Bristol, England",2020-11-30
CredibleStore,Credible Jersey Store ğŸ¬ âšª,"Lagos, Nigeria",2020-11-30
goalooin_live,GoalooIN,India,2020-11-30
jerseum,JERSEUM,,2020-11-30
TipsFlows,TipsFlow,,2020-11-30
saintkeys2,CHINEDU,Nigeria,2020-11-30
FreeBetTips,Betstatz Football Predictions,Europe,2020-11-30
Sporturo,Tim Williams,"Goostrey, Cheshire, England",2020-11-30
footywatching,Sports,,2020-11-30
MadridRooter,Real Madrid Rooter,,2020-11-30
Outlookindia,Outlook Magazine,"New Delhi, India",2020-11-30
TrevorPapi,Trevor Papi Mahasela,Musina |Polokwane |Middelburg,2020-11-30
CuongQuyet5,Cuong Quyet,japan,2020-11-30
GamesBoner,Games Boner,,2020-11-30
ProjectX_iOS,Project Hyrax for Mobile Devices,,2020-11-30
playpongis,Pongis,Japan,2020-11-30
Milestemplaris,HvdD,,2020-11-30
WeTlkFootball,We Talk Football,Canada,2020-11-30
OnMadridista,OnMadridista,,2020-11-30
bola_tribun,BOLA LIVE,,2020-11-30
PrRupertsTower,Prince Ruperts Tower,Liverpool,2020-11-30
twelfthman_ofcl,Twelfth Man Official,India,2020-11-30
goaloong,Goaloong.net,,2020-11-30
PSG24hours,PSG en Direct ğŸŒ,Parc des Princes,2020-11-30
mykhelcom,myKhel.com,Bengaluru,2020-11-30
AbbasMSaidu1,Abbas Muhammad Saidu,"Potiskum, Nigeria",2020-11-30
kwasiarthur6,Jordan,United States,2020-11-30
Route1futbol,RouteOneFootball,,2020-11-30
CinnamonCorazon,ğŸ–¤corazÃ³n de cinnamon ğŸ´,ğŸŒ‘on the horizonğŸŒ‘,2020-11-30
pods_sports,90minute Stats,,2020-11-30
KhelNowWF,Khel Now World Football,"New Delhi, India",2020-11-30
iamvarunnair,Varun Nair,,2020-11-30
Outlookindia,Outlook Magazine,"New Delhi, India",2020-11-30
Axeeeeeell,Piranha,"Twitterland, Madrid",2020-11-30
FootTheBall,FootTheBall,Locker Room,2020-11-30
SyrianskyS,SyrianSky Secret,,2020-11-30
Moamenaly7,Moamen,"Houston , TX",2020-11-30
StevenNgKL,Steven Ng,Melaka,2020-11-30
interworldwide_,Inter Worldwide,,2020-11-30
OMOXGUCCI,emon â˜…,,2020-11-30
sportsultima,sportsultima.com,UNITED KINGDOM,2020-11-30
CoreLiverpool,Liverpool Core,,2020-11-30
ImmanuelPaulJo1,Immanuel Paul Joy,"London, England",2020-11-30
AdlimSinulingga,Adlim Sinulingga,,2020-11-30
LrnzoDanielRoc,L,,2020-11-30
TalkBasket,TalkBasket,Basketball World,2020-11-30
TalkBasket,TalkBasket,Basketball World,2020-11-30
umodhe,UDAYAN MODHE,India,2020-11-30
outfluent,Outfluent,,2020-11-30
winecatman,Catman ğŸ”‘âš¡ğŸ‡,Terra (for now),2020-11-30
darinho102,darinho1001,,2020-11-30
plongo13,Patrick Longo,"Weldon Spring Heights, MO",2020-11-30
akobirr1,Kabir,,2020-11-30
fazihasi,ğŸŒ¸,,2020-11-30
PSG24hours,PSG en Direct ğŸŒ,Parc des Princes,2020-11-30
masood_619_,Masood Mirza,Pakistan,2020-11-30
christobinsings,Chris.Tobin,Unknown,2020-11-30
Intertops,Intertops,Antigua,2020-11-30
betcornernews,betcornernews,Î•Î»Î»Î¬Ï‚,2020-11-30
chrisalucard,Christos Harpidis,"Î’Î¿ÏÎ»Î±, Î•Î»Î»Î¬Ï‚",2020-11-30
yigitdemir24,Yigit Demir,Ä°stanbul ,2020-11-30
angels_baro,Ã€ngels BarÃ³,"Manresa, Espanya",2020-11-30
Ezedelbueno,Ezequiel del Bueno,La Plata,2020-11-30
RadioManresa,RÃ dio Manresa,,2020-11-30
LopezNorman44,Norman LÃ³pez,"Manresa, Catalunya",2020-11-30
RadioManresa,RÃ dio Manresa,,2020-11-30
LopezNorman44,Norman LÃ³pez,"Manresa, Catalunya",2020-11-30
FootyZoneNet,FootyZone.net,,2020-11-30
nathanb16097223,NathanBarry,,2020-11-30
MalabaFCB,The Da Vinci Code,"Bulawayo, Mthwakazi",2020-11-30
Axeeeeeell,Piranha,"Twitterland, Madrid",2020-11-30
VSF_Shirts,Vintage Sports Fashion,,2020-11-30
angel_rm13,Ãngel.,EspaÃ±a.,2020-11-30
MemorabiliaMal,Mal Winkles Football Memorabilia,AndalucÃ­a ğŸ‡ªğŸ‡¸,2020-11-30
carlesjodar,Carles JÃ³dar Jerez,Visc i treballo a Manresa,2020-11-30
TheKitmanUK,TheKitman.co.uk,"Bristol, England",2020-11-30
aklima88481887,aklima,,2020-11-30
aklima88481887,aklima,,2020-11-30
aklima88481887,aklima,,2020-11-30
7852_ali,amir,,2020-11-30
akrivi_andr,Î±ÎºÏÎ¹Î²Î®,,2020-11-30
LopezNorman44,Norman LÃ³pez,"Manresa, Catalunya",2020-11-30
PodcastVerbal,Verbal Reasoning Podcast,United Kingdom,2020-11-30
D0MPIT0,DOMPITO,Ciudad AutÃ³noma de Buenos Aire,2020-11-30
amiramounir87,Mira Abo Traika,,2020-11-30
amiramounir87,Mira Abo Traika,,2020-11-30
kham10010,KH,,2020-11-30
dineaddict,saladin,,2020-11-30
NycJuventus,Juventus Fans NYC,,2020-11-30
NH_SHAPIRO,Neil Shapiro,Islip New York,2020-11-30
NH_SHAPIRO,Neil Shapiro,Islip New York,2020-11-30
PSG24hours,PSG en Direct ğŸŒ,Parc des Princes,2020-11-30
NH_SHAPIRO,Neil Shapiro,Islip New York,2020-11-30
NEILSHOTDEALS,NEILSHOTDEALS,Islip New York,2020-11-30
neil_faragher,Neil,Isle of Man,2020-11-30
HusaynSalman,Salman Husayn,"Accra, Ghana",2020-11-30
NimaTavRood,Nima Tavallaey Roodsari,Gothenburg - Milano,2020-11-30
LleraAcademy,Miguel Llera Academy,"Sheffield, England",2020-11-30
SportSkillBall,LleraSportSkillBallâš½,"Sheffield, England",2020-11-30
Migue_Llera,Miguel Llera ğŸ‘‰ Walsall FC Academy Manager 19-20,"Sheffield, England",2020-11-30
Jubilan67433521,Jubilant,,2020-11-30
ParmeshSriv,Parmeshwar Srivastava,"Mumbai, India",2020-11-30
OnMadridista,OnMadridista,,2020-11-30
InterClubIndia,Inter Club India ğŸ‡®ğŸ‡³,India,2020-11-30
jomamaji,Jose M ğŸ‡ªğŸ‡¸ğŸ‡©ğŸ‡ªğŸ‡ªğŸ‡º,EspaÃ±a,2020-11-30
PrRupertsTower,Prince Ruperts Tower,Liverpool,2020-11-30
kr4vzz,"Francisco ""Kr4vzz"" Craveiro","Porto, Portugal",2020-11-30
Amitinho_RM,Amitinho_Madridista â™ŸğŸ–¤ğŸ”,,2020-11-30
evandwizra,Evan Dwizra,Indonesia,2020-11-30
adietgembuLz,Bocah Meazza,Indonesia,2020-11-30
LiestionoN,Liestiono Salomo Nasi,,2020-11-30
masTom___,Tomy Hutomo,Bandung,2020-11-30
asyzauri,Sofyan Asyzauri,Surabaya,2020-11-30
cg__97,ğŸ˜,,2020-11-30
dibuatmainan,Dodo,,2020-11-30
InterClubLondon,Inter Club London,"London, England",2020-11-30
EmpuLigaFantasi,JuBir Kesebelasan Amatir,Indonesia,2020-11-30
ItaFootPod,The Italian Football Podcast,Planet Calcio,2020-11-30
Skrizovic,Skrizovic,"Milan, Lombardy",2020-11-30
InterWhatsup,Inter Fans,,2020-11-30
FCInterJoe,Joe ğŸ’™ğŸ–¤ğŸ‡µğŸ‡¸,"Chicago, IL",2020-11-30
InterStats,Inter Stats,Worldwide,2020-11-30
SempreIntercom,SempreInter,Worldwide,2020-11-30
a7madabul,Ahmad Abul,Kuwait,2020-11-30
SantonsArmy,The Z Pack,"Cape Town, South Africa",2020-11-30
Guizasamy89,Guizasamy,,2020-11-30
NimaTavRood,Nima Tavallaey Roodsari,Gothenburg - Milano,2020-11-30
BettingStack,Betting Stack,,2020-11-30
Route1futbol,RouteOneFootball,,2020-11-30
Jerseynet2,Jersey_net,Uganda,2020-11-30
amitde24,Amit Bhuyan,INDIA,2020-11-30
amitde24,Amit Bhuyan,INDIA,2020-11-30
amitde24,Amit Bhuyan,INDIA,2020-11-30
KhaledAlhamidi,Khalid Al-Hamidi,"Riyadh, Saudi Arabia",2020-11-30
_bootball,Bootball,In Europe at different time coordinates,2020-11-30
123HalaMadrid_,Real Madrid fp,United Arab Emirates,2020-11-30
JuulSejr,Sejr Lund Juul,"Copenhagen, Denmark",2020-11-30
tetify,ğŸ’¯ donald tim korkmazğŸ­ğŸ‘”ğŸ’ªğŸŒŸ,Turkey,2020-11-30
imsirSR,SR,India,2020-11-30
PSG24hours,PSG en Direct ğŸŒ,Parc des Princes,2020-11-30
Route1futbol,RouteOneFootball,,2020-11-30
0109prajesh,Prajesh shrestha,"Kathmandu,Nepal",2020-11-30
RM4Albanian,RM4Albanian,,2020-11-30
Amitinho_RM,Amitinho_Madridista â™ŸğŸ–¤ğŸ”,,2020-11-30
SUHAIBIQBAL12,PEERZADA SUHAIB,..    .. ,2020-11-30
Amitinho_RM,Amitinho_Madridista â™ŸğŸ–¤ğŸ”,,2020-11-30
Amitinho_RM,Amitinho_Madridista â™ŸğŸ–¤ğŸ”,,2020-11-30
Amitinho_RM,Amitinho_Madridista â™ŸğŸ–¤ğŸ”,,2020-11-30
Route1futbol,RouteOneFootball,,2020-11-30
juuju001,MJ âœï¸,Ghana,2020-11-30
MagGuardian,GuardianMag,,2020-11-30
3kisapodcast,3 KÄ±sa,Turkey,2020-11-30
OnMadridista,OnMadridista,,2020-11-30
Amitinho_RM,Amitinho_Madridista â™ŸğŸ–¤ğŸ”,,2020-11-30
168zPRO,168zPRO,,2020-11-30
FreeWhistle,Green Whistle Tips,,2020-11-30
GreenWhistle,Green Whistle Tips,Worldwide,2020-11-30
Amitinho_RM,Amitinho_Madridista â™ŸğŸ–¤ğŸ”,,2020-11-30
RealMadridUnof1,Real Madrid Unofficial,,2020-11-30
TiwariKh,@TIWARIKRISHNAHARI1,,2020-11-30
Amitinho_RM,Amitinho_Madridista â™ŸğŸ–¤ğŸ”,,2020-11-30
Outlookindia,Outlook Magazine,"New Delhi, India",2020-11-30
RealMadridUnof1,Real Madrid Unofficial,,2020-11-30
DannFUT_,DannFUT,Czech Republic,2020-11-30
BeautifulGame_1,TheBeautifulGame,Planet Togger,2020-11-30
Amitinho_RM,Amitinho_Madridista â™ŸğŸ–¤ğŸ”,,2020-11-30
OutdoorSportCha,OutdoorSportChannelÂ®,"Doncaster, United Kingdom",2020-11-30
OutdoorSportCha,OutdoorSportChannelÂ®,"Doncaster, United Kingdom",2020-11-30
B1o2r9h,Susan__bitcoinğŸ‡±ğŸ‡·ğŸ‡±ğŸ‡·,,2020-11-30
OutdoorSportCha,OutdoorSportChannelÂ®,"Doncaster, United Kingdom",2020-11-30
OnMadridista,OnMadridista,,2020-11-30
amitde24,Amit Bhuyan,INDIA,2020-11-30
Isah__ahmad,BaBaSoNğŸ´â€â˜ ï¸â˜ ï¸,"Kaduna, Nigeria",2020-11-30
FootballaxisC,footballaxis.com,,2020-11-30
greymind43,XtraTime,Kolkata,2020-11-30
Xeric_Sports,XERIC Sports Management,USA,2020-11-30
Ajit_Matrrixx,MATRRIXXÂ® CRICKET,"Meerut, India",2020-11-30
imsuleman,suleman  ahmad,India,2020-11-30
Gillyseps,ğŸ”¥ğŸ‡¸ ğŸ‡® ğŸ‡· _ğŸ‡¬ ğŸ‡® ğŸ‡± ğŸ‡± ğŸ‡¾ğŸ‡¬ğŸ‡­,Accra(Ghana),2020-11-30
digiMdu,M'du ğŸ‡¿ğŸ‡¦,South Africa,2020-11-30
Amitinho_RM,Amitinho_Madridista â™ŸğŸ–¤ğŸ”,,2020-11-30
amitde24,Amit Bhuyan,INDIA,2020-11-30
Amitinho_RM,Amitinho_Madridista â™ŸğŸ–¤ğŸ”,,2020-11-30
Axeeeeeell,Piranha,"Twitterland, Madrid",2020-11-30
Amitinho_RM,Amitinho_Madridista â™ŸğŸ–¤ğŸ”,,2020-11-30
Jueline6,JuelineCriptos y mÃ¡s,,2020-11-30
AjitMenon_Real,Ajitt MenonnğŸ‡®ğŸ‡³,India,2020-11-30
Steve1Gamer,RealMadridFanClub,madrid,2020-11-30
AjitMenon_Real,Ajitt MenonnğŸ‡®ğŸ‡³,India,2020-11-30
mysporttoday,mysporttoday,iraq,2020-11-30
molanorozi,soheil molanorozi,,2020-11-30
Rethaaa_M,Rethaaa M,"North West, South Africa",2020-11-30
0109prajesh,Prajesh shrestha,"Kathmandu,Nepal",2020-11-30
Sports_NDTV,NDTV Sports,"New Delhi, India",2020-11-30
moochz3_offical,lil barncle head,,2020-11-30
6dSporting,SPORTING 6D,,2020-11-30
Rita86301613,Rita,,2020-11-30
SUHAIBIQBAL12,PEERZADA SUHAIB,..    .. ,2020-11-30
WensenMateo,Wensen Mateo â„¢ï¸,Honduras,2020-11-30
AjitMenon_Real,Ajitt MenonnğŸ‡®ğŸ‡³,India,2020-11-30
michyssm,Michelle S Soqui M,hermosillo,2020-11-30
MadridTamil,Real Madrid à®µà®¿à®šà®¿à®±à®¿à®•à®³à¯,"à¤¤à¤®à¤¿à¤²à¤¨à¤¾à¤¡à¥, à¤­à¤¾à¤°à¤¤",2020-11-30
TurdFer01451021,Turd Ferguson,,2020-11-30
akphies,Seun,"Lagos, Nigeria",2020-11-30
manuel_jesus17,Manuel JesÃºs,Benalup-Sevilla-Pavia,2020-11-30
_bootball,Bootball,In Europe at different time coordinates,2020-11-30
RMCostel,MadridistaCostelğŸ‡·ğŸ‡´,"Phoenix, AZ",2020-11-30
SamSportsTalk95,Samuel Wright,"Leeds, England",2020-11-30
LaurenB65822874,Lauren Bradbury,,2020-11-30
adilson284790,ADILSON284790,UBERLANDIA-MBRASIL,2020-11-30
DJCOOL971,Hunt Youri,sea sand sun sxm,2020-11-30
Kareem84184062,Kareem,,2020-11-30
cieloazulrosado,ğŸŒº XX XS ğŸŒº,Amazing Mother Earth ğŸŒ ,2020-11-30
hudaaakw,huda ğŸ‡°ğŸ‡¼,Kuwait - Camp Nou â¤ï¸,2020-11-30
sammyjayent_,Sammyjay,"Uyo, Nigeria",2020-11-30
sammyjayent_,Sammyjay,"Uyo, Nigeria",2020-11-30
sammyjayent_,Sammyjay,"Uyo, Nigeria",2020-11-30
sammyjayent_,Sammyjay,"Uyo, Nigeria",2020-11-30
sammyjayent_,Sammyjay,"Uyo, Nigeria",2020-11-30
Amitinho_RM,Amitinho_Madridista â™ŸğŸ–¤ğŸ”,,2020-11-30
SiulOczoro989,Siul OczoroğŸµ ğŸ,,2020-11-30
Amitinho_RM,Amitinho_Madridista â™ŸğŸ–¤ğŸ”,,2020-11-30
Amitinho_RM,Amitinho_Madridista â™ŸğŸ–¤ğŸ”,,2020-11-30
thainamo,Thai,,2020-11-30
VIII_VI_MMX,LOURÃ‰NT,ğŸ‡¨ğŸ‡­,2020-11-30
PivotTirador,Pivot,Arg,2020-11-30
vndsgn,VN Design,"Belgrade, Serbia",2020-11-30
RealMadridHoy,Real Madrid Hoy,Madrid,2020-11-30
betcornernews,betcornernews,Î•Î»Î»Î¬Ï‚,2020-11-30
chrisalucard,Christos Harpidis,"Î’Î¿ÏÎ»Î±, Î•Î»Î»Î¬Ï‚",2020-11-30
matty_vanpersie,Matteo Andreani,"Osimo, Italy",2020-11-30
matty_vanpersie,Matteo Andreani,"Osimo, Italy",2020-11-30
Paulie_WT,Pavlos Laguretos,,2020-11-30
OnMadridista,OnMadridista,,2020-11-30
365Scores,365Scores,,2020-11-30
kwasiarthur6,Jordan,United States,2020-11-30
Route1futbol,RouteOneFootball,,2020-11-30
yusuftahaaktoy,Yusuf,,2020-11-30
statesideabroad,Stateside Abroad,USA,2020-11-30
Podda33,steve pearson,Yorkshire,2020-11-30
kwasiarthur6,Jordan,United States,2020-11-30
Route1futbol,RouteOneFootball,,2020-11-30
little_crazy92,FrÄƒsÃ®neanu Vasile,,2020-11-30
iEmanWm,EM,,2020-11-30
123HalaMadrid_,Real Madrid fp,United Arab Emirates,2020-11-30
ianramsay75,Ian Ramsay,"Perth, Scotland",2020-11-30
DspCondom,Dsp_Condom,"Tema, Ghana",2020-11-30
Bams96,'O' Gentle,In your mind,2020-11-30
RealMadrid9ja,RealMadrid 9ja,,2020-11-30
theAsianBlue,The Asian Blue ğŸ’™,Opinions Are My Own,2020-11-30
OnMadridista,OnMadridista,,2020-11-30
wazza_ashurst,Warren Ashurst,,2020-11-30
jonnyc2cmma,jonathan velazquez,,2020-11-30
silvioluiz,Silvio Luiz,"SÃ£o Paulo, Brasil",2020-11-30
OldFootball11,OldFootballPhotos,,2020-11-30
jacobmarvedan,Jacob Daniel Marvelous,"Lagos, Nigeria",2020-11-30
chaplinez70,Charles Anazodo,"lagos,Nigeria",2020-11-30
Gabbymartial14,Gabby Martial@14,,2020-11-30
icebergcudi,Kwabena Owusu,Paradise,2020-11-30
sportz_hub,SportzHub,,2020-11-30
English_AS,AS English,"Madrid, EspaÃ±a",2020-11-30
99REALities_COM,99REALities.com,,2020-11-30
FFootballShirts,FFSFootballShirts,"Birmingham, England",2020-11-30
SoccerScoop2,Soccer Scoop,,2020-11-30
mtmfutbolpod,ManchestertoMadrid,United States,2020-11-30
BARZAMAN,BARÃ‡AMAN,,2020-11-30
every_praise,Praise Every Football Team Bot,,2020-11-30
pods_sports,90minute Stats,,2020-11-30
lionheart8279,Marcus MÃ¼ller ğŸ‡ªğŸ‡º,,2020-11-30
marvinxp3,Marvin,,2020-11-30
TMuk_news,Transfermarkt.co.uk,,2020-11-30
TMusa_news,Transfermarkt.us,Concacaf,2020-11-30
SportMobApp,SportMob,"Dubai, United Arab Emirates â¤",2020-11-30
ManuelVeth,Manuel Veth,Victoria ğŸ‡¨ğŸ‡¦ / MÃ¼nchen ğŸ‡©ğŸ‡ª,2020-11-30
Rishabh32838752,Rishabh,,2020-11-30
MarcRhayem,BenzeMarc 1ï¸âƒ£3ï¸âƒ£ 3ï¸âƒ£4ï¸âƒ£ ğŸ†,,2020-11-30
OnMadridista,OnMadridista,,2020-11-30
ParmeshSriv,Parmeshwar Srivastava,"Mumbai, India",2020-11-30
DerAustor,Austor - FIFA Prediction & More ğŸ…™,Instagram: austor_official,2020-11-30
InterClubIndia,Inter Club India ğŸ‡®ğŸ‡³,India,2020-11-30
rohan35941093,Harcup,,2020-11-30
Haddad8Bilal,bilalhd91,,2020-11-30
serfa2001,Sergio Maciel,,2020-11-30
mark_osifo,ï£«dbigmark2ï£«Â®,Life!!!,2020-11-30
footballitalia,footballitalia,,2020-11-30
ainunnajib3,NAJIB,TO THE STARS ğŸŒ ,2020-11-30
_Thirunarayan1,ThiruNarayan - à¤¨à¤¾à¤°à¤¾à¤¯à¤£ ğŸ’¯â—€ï¸ğŸ“²ğŸ”™ğŸ†“,à¤œà¤®à¥à¤¬à¥‚à¤¦à¥à¤µà¥€à¤ªà¥‡ - à¤…à¤–à¤‚à¤¡ à¤­à¤¾à¤°à¤¤à¤µà¤°à¥à¤· ,2020-11-30
FootyLegend_,Footy Legend VIP Hospitality,"Barcelona, Spain",2020-11-30
DelcidRM7,Thankful ğŸ…±ï¸ristian ğŸ¦ƒ,Death Star ,2020-11-30
elitesportings1,Elite Sporting Shirts,27 North Park TS233SU,2020-11-30
alkassdigital,Alkass Digital,"Doha, Qatar",2020-11-30
Axeeeeeell,Piranha,"Twitterland, Madrid",2020-11-30
Dale_OUFC,Dale Ventham ğŸ–¥,"Oxford, England",2020-11-30
imucklow90,Liam Mucklow,"Birmingham, England",2020-11-30
LastWordFC,Last Word On Football,World,2020-11-30
AjitMenon_Real,Ajitt MenonnğŸ‡®ğŸ‡³,India,2020-11-30
Route1futbol,RouteOneFootball,,2020-11-30
uberfurn,Uberfurn,,2020-11-30
ApplythePeppa,@jav.uzt,,2020-11-30
365Scores,365Scores,,2020-11-30
SportsPeteO,Pete O'Rourke,,2020-11-30
Magdi99170989,Magdi,,2020-11-30
pods_sports,90minute Stats,,2020-11-30
Mayank_super,MAYANK SINGH Â®â„¢,India,2020-11-30
newsfreakk,NewsFreak,,2020-11-30
hatchhatchwho,peter hall ğŸ´ó §ó ¢ó ¥ó ®ó §ó ¿,"North West, England",2020-11-30
timesofindia,The Times Of India,New Delhi,2020-11-30
irejdoc1897,IreneğŸ‡®ğŸ‡¹ğŸ¤ğŸ–¤-ğŸ’™â¤ï¸ #STRON9ER #L10 #RAFA2ï¸âƒ£0ï¸âƒ£ğŸ‘‘,juventus stadium ,2020-11-30
MeMulloth,Arun Mulloth,"Kochi,Kerala",2020-11-30
IMechanisms,InjuryMechanisms,,2020-11-30
beINSPORTSUSA,beIN SPORTS USA,United States,2020-11-30
Route1futbol,RouteOneFootball,,2020-11-30
easyodds,Easyodds.com,"Leeds, England",2020-11-30
marc_cart,marcela mora y araujoâ˜®ï¸ğŸ’š,"Buenos Aires, Argentina",2020-11-30
GyasiEkourba,EKOURBA-GYASI @ SPORTS @touchlyne.com,,2020-11-30
toisports,TOI Sports,"New Delhi, India",2020-11-30
parisinisto,â˜† Diario Parisino â˜†,"Paris, France",2020-11-30
RaS0o8,So. Redondo,,2020-11-30
shukriyan,ShuKriyan Ahamed,,2020-11-30
EWNsport,EWN Sport,,2020-11-30
Route1futbol,RouteOneFootball,,2020-11-30
pushpendrainsa,Pushpendra Insan,"aligarh,uttar pradesh",2020-11-30
AnneShly,Anne Shirley,,2020-11-30
kwasiarthur6,Jordan,United States,2020-11-30
Route1futbol,RouteOneFootball,,2020-11-30
Hamzabelc,Hamza,KÃ©nitra,2020-11-30
Syahrul70530619,Syahrul Fadillah,,2020-11-30
kwasiarthur6,Jordan,United States,2020-11-30
golgo13jls,Agent Alonzo Mosely,"Albuquerque, NM",2020-11-30
Route1futbol,RouteOneFootball,,2020-11-30
footybreed,Footy Breed,,2020-11-30
socapatriots,Soccer Patriots,,2020-11-30
kwasiarthur6,Jordan,United States,2020-11-30
Route1futbol,RouteOneFootball,,2020-11-30
AzrOrganization,AZR Organization,,2020-11-30
English_AS,AS English,"Madrid, EspaÃ±a",2020-11-30
SemraHunter,Semra Hunter,Worldwide,2020-11-30
acab4422,.,,2020-11-30
Varelahf,ğŸ‡¨ğŸ‡´,"London, England",2020-11-30
Roberto1474,JosÃ© Roberto,GRANADA,2020-11-30
ezekielboone33,ezekielboone33,,2020-11-30
freemusiccompi1,freemusiccompilationFMC,,2020-11-30
sebastianfitze2,sebastianfitzekEPJ,,2020-11-30
MatthewreillyE,matthewreillyEP,,2020-11-30
19OM05,19OM05,,2020-11-30
SportsPeteO,Pete O'Rourke,,2020-11-30
MohaleMphow,Mphow Mohale,,2020-11-30
betcornernews,betcornernews,Î•Î»Î»Î¬Ï‚,2020-11-30
chrisalucard,Christos Harpidis,"Î’Î¿ÏÎ»Î±, Î•Î»Î»Î¬Ï‚",2020-11-30
betcornernews,betcornernews,Î•Î»Î»Î¬Ï‚,2020-11-30
chrisalucard,Christos Harpidis,"Î’Î¿ÏÎ»Î±, Î•Î»Î»Î¬Ï‚",2020-11-30
01amide,OlamideğŸ‡³ğŸ‡¬,Twitter,2020-11-30
Youssef_Kabbary,Youssef,"Alexandria, Egypt",2020-11-30
Amofootballnews,Amofootball âš½,ğŸŒ ğŸŒğŸŒ,2020-11-30
KyomuTadeo,tadz,,2020-11-30
footballitalia,footballitalia,,2020-11-30
livescore,LiveScore,URL,2020-11-30
Soccerbets_365,Soccerbets365,Internet,2020-11-30
Magdi99170989,Magdi,,2020-11-30
OnMadridista,OnMadridista,,2020-11-30
Yoihenbach13,Yoihenba Chingtham,,2020-11-30
ParmeshSriv,Parmeshwar Srivastava,"Mumbai, India",2020-11-30
ParmeshSriv,Parmeshwar Srivastava,"Mumbai, India",2020-11-30
InterClubIndia,Inter Club India ğŸ‡®ğŸ‡³,India,2020-11-30
footballitalia,footballitalia,,2020-11-30
OfficialpageA2z,a2z_officialpage,,2020-11-30
densucre,owusuDENNIS,"Ghana, Kumasi - Agric",2020-11-30
ysairam777,Sairam Yerramsetty,"Hyderabad, India",2020-11-30
FootballCVLTURE,Futbol Agent,United Kingdom,2020-11-30
FootTheBall,FootTheBall,Locker Room,2020-11-30
InterClubIndia,Inter Club India ğŸ‡®ğŸ‡³,India,2020-11-30
OnMadridista,OnMadridista,,2020-11-30
xrgifs,rahul (pogback ğŸ”¥),India,2020-11-30
365Scores,365Scores,,2020-11-30
ysairam777,Sairam Yerramsetty,"Hyderabad, India",2020-11-30
PSG24hours,PSG en Direct ğŸŒ,Parc des Princes,2020-11-30
dna,DNA,India,2020-11-30
mykhelcom,myKhel.com,Bengaluru,2020-11-30
RealGoalooNG,GOALOONG.NET,Nigeria,2020-11-30
Axeeeeeell,Piranha,"Twitterland, Madrid",2020-11-30
OutdoorSportCha,OutdoorSportChannelÂ®,"Doncaster, United Kingdom",2020-11-30
AstoschC,Astosch Coin,,2020-11-30
sports_breeze,Sports Breeze,,2020-11-30
FootTheBall,FootTheBall,Locker Room,2020-11-30
AjitMenon_Real,Ajitt MenonnğŸ‡®ğŸ‡³,India,2020-11-30
AjitMenon_Real,Ajitt MenonnğŸ‡®ğŸ‡³,India,2020-11-30
GoalooSports,Goaloo,å°åº¦å°¼è¥¿äºš,2020-11-30
FootyZoneNet,FootyZone.net,,2020-11-30
chinztopbinz,chinztopbinz,,2020-11-30
kanzulahmed,Usthaz KanzulAhmed,Srilanka,2020-11-30
NH_SHAPIRO,Neil Shapiro,Islip New York,2020-11-30
amiraakhaled,treadlightly Â³â´,221B Baker St,2020-11-30
dadelsam,Sam,,2020-11-30
la_copa1,La Copa,"Guadalajara, Jalisco",2020-11-30
xtinap1,Kris ğŸ˜˜,she/her. blm,2020-11-30
fmtoday,Free Malaysia Today,Malaysia,2020-11-30
PlaneSpotIsCool,PlaneSpottingIsCool,Worldwide,2020-11-30
brgsstm,PitotTube,,2020-11-30
joelat___,Joel Vogt,"Allschwil, Schweiz",2020-11-30
EgyptTodayMag,Egypt Today Magazine,Egypt,2020-11-30
MTDesignsOK,Mate Designs,,2020-11-30
fd_mardoqueu,Mardoqueu Targino,"Rio de Janeiro, Brasil",2020-11-30
armleyartist,Brent Sheldon,"Leeds, England",2020-11-30
tiempomuerto3,Tiempo Muerto ğŸ€,EspaÃ±a,2020-11-30
OnMadridista,OnMadridista,,2020-11-30
gorkabeitia,Gorka Beitia,Gasteiz,2020-11-30
Footballcom69,Footballcom,,2020-11-30
kalvinmdy,Tiakola FC ğŸ•ºğŸ¾ğŸ•ºğŸ¾,,2020-11-30
AYO_FAD,Mr Gumpâšª,Ibadan,2020-11-30
MagGuardian,GuardianMag,,2020-11-30
mitchelgreen34,Mitchel Green,,2020-11-30
msocanalytics,Michigan Soccer Analytics Society,"Ann Arbor, MI",2020-11-30
HelingtoNoids,Helingto Noids,,2020-11-30
king_miffy,EBUKA ğŸ‡³ğŸ‡¬ğŸ‡³ğŸ‡¬,,2020-11-30
breogan137,sant@,"murcia , espaÃ±a ğŸ‡»ğŸ‡ªğŸ‡ªğŸ‡¸",2020-11-30
FMAT997,FM MADRID,,2020-11-30
FMAT997,FM MADRID,,2020-11-30
Footy_Light,FootyLight,,2020-11-30
GiftCards21,Gift Cards Giveaway,united states,2020-11-30
jayjay_wealth,Jayjay,,2020-11-30
beckyfrancis673,Becky Oluwatomi ğŸ’‹â¤â¤â¤,,2020-11-30
Jos_Facebook,JosÃ© T.,,2020-11-30
analyticsLaLiga,Charlie Tuley,,2020-11-30
OBarth_official,Okechukwu Michael Barth ğŸƒ ğŸ¥‡,"Abeokuta, Nigeria",2020-11-30
kenz_dream,Ğºen4ÑÑ”Î±â„“,,2020-11-30
winter_tetteh,Winter MarlisğŸ‡¬ğŸ‡­ğŸ‡¬ ğŸ‡­,"Greater Accra,",2020-11-30
RaygetsToosweet,The Toosweet GuyğŸ‡¬ğŸ‡­ğŸğŸ—¯ï¸,"Accra, Ghana",2020-11-30
kulsoulbeat,kulsoul,"Lagos, Nigeria",2020-11-30
Jos_Facebook,JosÃ© T.,,2020-11-30
ToksAdika,Red Cap Chief of Lagos.,"Ojo, Nigeria",2020-11-30
Mondaylee,Sir MondayleeÂ®ğŸ”´âšª,Exactly where God wants me,2020-11-30
RanineJaafar,ranine_jaafar,,2020-11-30
The_Busayor,Busayo,Lagos,2020-11-30
ListAwe12,ListAwe!,,2020-11-30
_Rosse_Mary_,Rosse Mary,,2020-11-30
_Rosse_Mary_,Rosse Mary,,2020-11-30
marianxwalls,Marianâ™¡'êœ± Lucy âŠ¬,ğ˜›ğ˜³ğ˜¦ğ˜¯ğ˜¤ğ˜©,2020-11-30
eguskialde369,Piluka,,2020-11-30
onefinalheist,Princess Die,USA,2020-11-30
Jos_Facebook,JosÃ© T.,,2020-11-30
clubshopprints,Club Shop Prints,,2020-11-30
swagafiedkicks,Swagafied,,2020-11-30
swagafiedkicks,Swagafied,,2020-11-30
victorytipss,VictoryTips,"Lagos, Nigeria",2020-11-30
TipsterNoMan,No Man,,2020-11-30
Wilson_TrendiT,Iam_Wilsonâš¡ let's talk Tech,Ghana,2020-11-30
_kofibentum,Alidu & His ğŸ,Africa,2020-11-30
News18Sports,News18 Sports,India,2020-11-30
feltonfernet,delfi lvs tom -39,,2020-11-30
Kwasigazy,Rashford,"Accra, Ghana",2020-11-30
OmzBk,OMZ BK,"London, England",2020-11-30
JahelRocio,Jahel Rodriguez,,2020-11-30
ubywills,Wilson_richy on IG,"Wokingham, England",2020-11-30
Jose95276940,Jose,Oruro,2020-11-30
officialkhris1,Swag,,2020-11-30
Sports_NDTV,NDTV Sports,"New Delhi, India",2020-11-30
betcornernews,betcornernews,Î•Î»Î»Î¬Ï‚,2020-11-30
CheriaNadin,NadinCheria,"ĞœĞ¾ÑĞºĞ²Ğ°, Ğ Ğ¾ÑÑĞ¸Ñ",2020-11-30
chrisalucard,Christos Harpidis,"Î’Î¿ÏÎ»Î±, Î•Î»Î»Î¬Ï‚",2020-11-30
firstpost,Firstpost,"Mumbai, India",2020-11-30
FirstpostSports,Firstpost Sports,India,2020-11-30
AO_Sports,AhramOnlineSports,"Cairo, Egypt",2020-11-30
pepefut74,Olympique des Meilleurs,haute savoie,2020-11-30
fotbul24,Fotbul24,"London, UK",2020-11-30
Maraazcom,Maraaz.Com,Global,2020-11-30
FootyFinds1,Footy Finds,On a Pitch,2020-11-30
JAtkinson0911,Jamie Atkinson,"England, United Kingdom",2020-11-30
wutyatalkinabt,Shafqat Mahmood Stan Acc ğŸ˜”ğŸ‘ğŸ¼,"Lahore, Pakistan",2020-11-30
OnMadridista,OnMadridista,,2020-11-30
hijodescartes,FranciscoğŸ¦Š,Tatooine,2020-11-30
Axeeeeeell,Piranha,"Twitterland, Madrid",2020-11-30
NatSportUAE,The National Sport,"Abu Dhabi, UAE",2020-11-30
RabbichairmanC,Rabbi,,2020-11-30
jaibisht1999,IG | _._whitestorm_._,"Noida, India",2020-11-30
04Triggha,Onyi Trigghaz Mekzy ğŸ¥âœ¨,"Portharcourt, Nigeria",2020-11-30
LELEVE_,L'Ã‰LÃˆVE,Gondouana City ,2020-11-30
Ayo_einstein,DAYGEE ğŸ‡³ğŸ‡¬ ğŸ’­,,2020-11-30
leonstav,Leon Stavrinakis ğŸ‡ºğŸ‡¸,"Charleston, SC",2020-11-30
Spoiltteenager,Pedri Culer,"Udaipur,Rajasthan",2020-11-30
ripavi4,$â„˜@â„“Â³â´ #marianoSZN,à¥¤à¥¤ à¤¶à¥à¤°à¥€ à¤°à¤¾à¤® à¤œà¤¨à¥à¤®à¤­à¥‚à¤®à¤¿ à¥¤à¥¤,2020-11-30
vgcancino,Guillermo Cancino,"Regina, Saskatchewan",2020-11-30
Outlookindia,Outlook Magazine,"New Delhi, India",2020-11-30
kumaramritansh5,Shuâ„¢ Maikoâ„¢ ğŸ‘‘ (ã‚¸ãƒ£ã‚¬ã‚¤ãƒ¢ã¡ã‚ƒã¾),JKT/BKK ğŸŒ‰,2020-11-30
kwasiarthur6,Jordan,United States,2020-11-30
Route1futbol,RouteOneFootball,,2020-11-30
Owaisadiq__10,Owais Sadiq,Bahrain,2020-11-30
AjitMenon_Real,Ajitt MenonnğŸ‡®ğŸ‡³,India,2020-11-30
natbnyc,Natalia Baranovskaya,"New York, NY",2020-11-30
anirpaul,Anirban Paul,"Kolkata, India",2020-11-30
HustlersCkerk,HUSTLER Nation ğŸ‡°ğŸ‡ªğŸ†”,,2020-11-30
Sports4cusGroup,SportsFocusGroup,,2020-11-30
santanOTF,santan.sasoğŸ’œâ˜”,Raftel,2020-11-30
leonstav,Leon Stavrinakis ğŸ‡ºğŸ‡¸,"Charleston, SC",2020-11-30
IfaleagueIbadan,Ibadan Football Association,"Ibadan, Oyo State, Nigeria",2020-11-30
5mmshy,Abdullah,"Ø­Ø§Ø¦Ù„, Ø§Ù„Ù…Ù…Ù„ÙƒØ© Ø§Ù„Ø¹Ø±Ø¨ÙŠØ© Ø§Ù„Ø³Ø¹ÙˆØ¯ÙŠØ©",2020-11-30
ahmedalishah45,Syed Ali,,2020-11-30
Kabir17_,Hmm Achha Theek hai.,,2020-11-30
Kapil_David12,kapil David,ğŸ‡®ğŸ‡³,2020-11-30
monis1320,monis liyaqat,"Shupiyan, Jammu And Kashmir",2020-11-30
IliyasuAli10,HalaMadrid gh,"Accra, Ghana",2020-11-30
bodaly12,ğŸ˜ bOdALY ğŸ¦,Somewhere,2020-11-30
Mabuza_G13,G. BEST,Pluto,2020-11-30
RMFNepal,Real Madrid Fans;Nepal ğŸ‡³ğŸ‡µ,Nepal,2020-11-30
IliyasuAli10,HalaMadrid gh,"Accra, Ghana",2020-11-30
AlexTOSKOVIC,Alex TOSKOVIC,"Kraljevo, Serbia MADRID, Spain",2020-11-30
sebastiansantag,Sebastian Santacruz A.,,2020-11-30
Sportshere2,Sportshere,,2020-11-30
Architect_Gopal,Architect | TEAM RUBINA DILAIK FC â™¥ï¸| BB14 |,,2020-11-30
ziggsss,Ziggs,"Grand Casablanca, Morocco",2020-11-30
theLamso,LAMINE,,2020-11-30
idam_okechukwu,#EndSwat,"Lagos, Nigeria",2020-11-30
KingsOfEuropa,Reyes de Europa!,,2020-11-30
ElPepe1717,Pedro Gonzalez,,2020-11-30
ahmedalishah45,Syed Ali,,2020-11-30
Kabir17_,Hmm Achha Theek hai.,,2020-11-30
Kabir17_,Hmm Achha Theek hai.,,2020-11-30
leonstav,Leon Stavrinakis ğŸ‡ºğŸ‡¸,"Charleston, SC",2020-11-30
agupatrick01,Patrick,In Your House ,2020-11-30
SalehMadridista,Saleh Madridista,Estadio Santiago BernabÃ©u,2020-11-30
Virhdez7,Vir Hdez,Roales (Zamora),2020-11-30
leonstav,Leon Stavrinakis ğŸ‡ºğŸ‡¸,"Charleston, SC",2020-11-30
HustlersCkerk,HUSTLER Nation ğŸ‡°ğŸ‡ªğŸ†”,,2020-11-30
pablourdiciain,PabloUrdiciainUrzaiz,,2020-11-30
