tonicesteve,Toni C.,Barcelona,2020-11-28
rinhello,Alessio MumboJumbo,Barcelona,2020-11-28
BetInAsia,BetInAsia,,2020-11-28
soniapereda,ã€½ï¸iss S.âœ¨,"Barcelona, Catalonia",2020-11-28
MaresmeLV,Maresme LV,El Maresme,2020-11-28
tmuguwe,"Tafadzwa Muguwe, MD","Boston, MA",2020-11-28
Glo0305,Glo,,2020-11-28
AppleRTweet,AppleRetweetBot,From the Cloud,2020-11-28
UweMuegge,Uwe Muegge,"Mountain View, CA",2020-11-28
MisuMisuRecords,Misu Misu Records,"Marbella, EspaÃ±a",2020-11-28
SensationApartm,Sensation Apartments,Barcelona,2020-11-28
ashit5,ashit,,2020-11-28
NomadicBrits,Look at our World,Currently in the UK,2020-11-28
RaverCrypto,Crypto_Raver,,2020-11-28
MoAtta19,Mo Atta,,2020-11-28
pods_sports,90minute Stats,,2020-11-28
Maitre_Dapo,Ola,Lagos,2020-11-28
maitre_derek,Emperor,,2020-11-28
maitre_emperor,Brownskingirl,"Lagos, Nigeria",2020-11-28
oniasooke,The Royal Asooke,"Lagos, Nigeria",2020-11-28
predictionlg,Prediction League,"Lagos, Nigeria",2020-11-28
Bolt_Global,BOLT âš¡ï¸,Global,2020-11-28
JorgePratscher,JorgeBravoPratscher,"Barcelona, Spain",2020-11-28
Interwetten_ng,Interwetten.ng,,2020-11-28
ice_yoi,â„ï¸ğŸ’ICEâ›¸ï¸ADOLESCENCEâ€¢ãƒ¦ãƒ¼ãƒª!!! on ICEâ€¢ğŸ¥‡â„ï¸â›¸ï¸ğŸ’™ğŸ’œ,the beautiful crackhouse,2020-11-28
HfutbolW,#ENDASUUSTRIKE | Hfutbol World,,2020-11-28
coky_find,Find to my coky,æ—¥æœ¬,2020-11-28
Konducta4LFE,John Cancilla84ğŸŒ¹,"Lascari, Sicily",2020-11-28
Konducta4LFE,John Cancilla84ğŸŒ¹,"Lascari, Sicily",2020-11-28
Outlookindia,Outlook Magazine,"New Delhi, India",2020-11-28
BobbyPrica,ğŸ‡¨ğŸ‡¦~Bobby P~ğŸ‡­ğŸ‡· COYS!!!!! HABS!!!!!! Moonshiners,"43.223158,-79.770233",2020-11-28
Garacod,world peace,,2020-11-28
studioshuko,studioshuko,"Barcelona, Spain",2020-11-28
GFoodieFriends,#GlobalFoodieFriends,Worldwide,2020-11-28
coky_find,Find to my coky,æ—¥æœ¬,2020-11-28
jobely,Jobely.com,USA,2020-11-28
bigezdaddy2017,Alfred Moesker - CASH stakepool,"Barcelona, Spain",2020-11-28
miss_olive47,olive47,L.A.  London  Atlanta  L.A.,2020-11-28
alict0421,President Elect AliCat,New York City,2020-11-28
Vakapiupiu,Niel Delmar,MediterrÃ nia Pirineus,2020-11-28
miguelecabrera,Miguel.Cabrera,"Madrid, Spain",2020-11-28
pgdiaz_,P. G. DÃ­az,,2020-11-28
SacredReich,Sacred Reich,Phoenix AZ,2020-11-28
sahai2310,Sarthak Sahai,"Moscow, Russia",2020-11-28
News18Sports,News18 Sports,India,2020-11-28
rohan35941093,Harcup,,2020-11-28
escoda_a,Anna Escoda,,2020-11-28
traveloliver,Oliver B,"Lichfield, England",2020-11-28
MisuMisuRecords,Misu Misu Records,"Marbella, EspaÃ±a",2020-11-28
onecoworkbcn,OneCoWork,"Barcelona, Spain",2020-11-28
Chaladcl,Chala.dcl,,2020-11-28
TravelDudes,Melvin,Citizen of the world,2020-11-28
arbeitsplatz_EU,German Jobs Abroad,Germany,2020-11-28
EUinmyRegion,EUinmyRegion,Brussels,2020-11-28
langtrainers,Language Trainers,Worldwide,2020-11-28
joyphukan,Joydeep Phukan,India,2020-11-28
ElisavaBCN,ELISAVA,Barcelona,2020-11-28
Chaladcl,Chala.dcl,,2020-11-28
tmj_spn_jobs,TMJ-SPN Jobs,Spain,2020-11-28
baalter,Betty Ann,USA,2020-11-28
PatriotPirate74,ğŸ‡ºğŸ‡¸ PatriotPirate74 ğŸ´â€â˜ ,"Oklahoma, USA #IFBPğŸ‡ºğŸ‡¸",2020-11-28
BeMateCom,Be Mate,,2020-11-28
january_diaries,januarydiaries,"London, England",2020-11-28
XavierRomeraC,Javier Romera,Tordera. Catalunya,2020-11-28
coky_find,Find to my coky,æ—¥æœ¬,2020-11-28
LvNistelrooij,Lambert Van Nistelrooij,"Noord-Brabant, Nederland",2020-11-28
JuliaGuillamon,JuliÃ  Guillamon,,2020-11-28
_whatthesport,What The Sport,London,2020-11-28
BeyondBCN,Pere Alzina,Barcelona,2020-11-28
Werder_RT,Werder RT,Bremen,2020-11-28
AlexCimaMusic,Alex Cima,,2020-11-28
CharlieWGordon,Charlie Gordon,"London, United Kingdom",2020-11-28
SergioCarvalhos,Sergio Carvalho,Madrid,2020-11-28
easyodds,Easyodds.com,"Leeds, England",2020-11-28
Biosensors_IBEC,Biosensors For Bioengineering,"Barcelona, Spain",2020-11-28
SiteSurebets,SureBets,,2020-11-28
JordinaBT,Jordina Balaguer Trias,,2020-11-28
abooker17,Adam Booker,"Richmond, VA",2020-11-28
Rank_Report,Rank and Report Football,,2020-11-28
coky_find,Find to my coky,æ—¥æœ¬,2020-11-28
ascameorg,ASCAME ğŸŒ,Barcelona,2020-11-28
BetIbc1,BET-IBC,"Willemstad, Curacao",2020-11-28
xavidomingo,Xavier Domingo,"Alpicat, Espanya",2020-11-28
AnytimeFootball,Anytime Football,,2020-11-28
thesuitesBCN,thesuites Barcelona,"Barcelona, EspaÃ±a",2020-11-28
Leon_zeeee,pÑ”Ô€Ño zÑ”Ñ”â„¢,Nevada ,2020-11-28
miguelecabrera,Miguel.Cabrera,"Madrid, Spain",2020-11-28
livescore,LiveScore,URL,2020-11-28
jmballesteros88,JosÃ© MarÃ­a,EspaÃ±a,2020-11-28
paulbreenturner,Paul Breen-Turner,On board my Yacht ,2020-11-28
PistonHead1,Iconic Rides,,2020-11-28
mamartirenom,Marc ğŸ˜· Marti-Renom,"Barcelona, Catalonia",2020-11-28
jenkers_en,Jenkers News (ENG),San Francisco,2020-11-28
SpainInCanada,Spain in Canada,"Toronto, ON",2020-11-28
ilissanyc,Ilissa Miller,New York Metro Area,2020-11-28
ARTIFICIApro,ARTIFICIA,Barcelona / Internet,2020-11-28
jon_argos,Jon Argiropoulos,"Poughkeepsie, NY",2020-11-28
DECIX_US,DE-CIX North America,"NY, NJ, TX",2020-11-28
claudiogasgo,Claudio GÃ³mez ğŸ’š,,2020-11-28
archerenemy,President-Elect Archer Stevens-combat veteran,"Georgia, USAğŸ‡ºğŸ‡¸",2020-11-28
Letsgetwordy,Let's get wordy!Â®,"Bernalillo, NM",2020-11-28
karasjoan,Joanna KaraÅ›,"Warsaw, Poland",2020-11-28
DocOmbaso,Doc Ombaso(NYANG'WARA),,2020-11-28
krishworlds,B G KRISHNA,,2020-11-28
Burtytweets,Chris Burton,,2020-11-28
FinancialXpress,FinancialXpress,"New Delhi, India",2020-11-28
Spain_inUK,Spain in UK,London,2020-11-28
SpaininIreland,Spain in Ireland,Dublin,2020-11-28
coky_find,Find to my coky,æ—¥æœ¬,2020-11-28
StadDoha_en,Stad Doha,Qatar,2020-11-28
SportMobApp,SportMob,"Dubai, United Arab Emirates â¤",2020-11-28
stutenzee,Patrick vonStutenzee,London,2020-11-28
PunnyStories,Punny Stories,,2020-11-28
bot_innovation,Innovation Hub,,2020-11-28
densucre,owusuDENNIS,"Ghana, Kumasi - Agric",2020-11-28
Skallagrimson,Skallagrimson,"Buckhaven, Scotland",2020-11-28
AntonioFady,fady monir antonio,,2020-11-28
aiguaBCN,Moviment per l'Aigua PÃºblica i DemocrÃ tica,Barcelona,2020-11-28
FFootballShirts,FFSFootballShirts,"Birmingham, England",2020-11-28
Ashik1bd,Ashikur Rahman Ashik,"Khulna, Bangladesh",2020-11-28
plutocero,Pluto,Gaia,2020-11-28
BangbetNaija,Bangbet Nigeria,Nigeria,2020-11-28
EuropeanCooper1,European Cooperation Centre ECC,"Brussels, Belgium",2020-11-28
startuplenseu,Startup Europe Lens - EU policy at startup speed,Brussels + the rest of the EU,2020-11-28
adiogofleite,Diogo Leite,"Brussels, Belgium",2020-11-28
JasperrrrH,Jasper Havermans,"Brussel, BelgiÃ«",2020-11-28
EUeic,European Innovation Council,European Union,2020-11-28
Pelleg1Gabriell,Gabriell Pellegrini,"Tokyo and Nagoya, Japan",2020-11-28
ConstrumatBCN,BarcelonaBuildingC,Barcelona,2020-11-28
TundeGbedo,King TimBIG,"Lagos,Nigeria.",2020-11-28
theguiri1975,Oliver H,CLOT,2020-11-28
beebeejump,Beebeejump solar,"Ikeja, Nigeria",2020-11-28
SmartCityexpo,Smart City Expo,"Barcelona, Spain",2020-11-28
SmartCityexpo,Smart City Expo,"Barcelona, Spain",2020-11-28
romerovicente,Vicente Romero,,2020-11-28
gbrldvr,g,,2020-11-28
IKI190112,IamIzzy,London & Owerri,2020-11-28
Outlookindia,Outlook Magazine,"New Delhi, India",2020-11-28
SutanGhalib,Ghalib Muhammad,MALANG,2020-11-28
Easy_Mile,EasyMile,"Toulouse, Midi-PyrÃ©nÃ©es",2020-11-28
tjparfitt,Tim Parfitt,Barcelona & Madrid,2020-11-28
SpainMMG,Spain in English,Spain,2020-11-28
waleed_rf,waleed mehmood qari,Kashmir/Dubai,2020-11-28
ZhiroAiroZhiro,ZhiroAiro Zhiro,Vanadzor,2020-11-28
MeagenAdams,Meagen Adams,"Marshalltown, IA",2020-11-28
gulf_news,Gulf News,United Arab Emirates,2020-11-28
glee_sports,GleeSports,,2020-11-28
FutJunky,FutJunky,,2020-11-28
Sports_NDTV,NDTV Sports,"New Delhi, India",2020-11-28
devvibesbot,WebDevVibes,,2020-11-28
atipikabcn,Atipika Barcelona,Spain,2020-11-28
DevMicrocosm,Dev Microcosm,,2020-11-28
tecnoempleo,tecnoempleo.com,EspaÃ±a,2020-11-28
Burtytweets,Chris Burton,,2020-11-28
Burtytweets,Chris Burton,,2020-11-28
UNaLab_EU,UNaLab,,2020-11-28
EUkomissio,EU-komissio Suomessa,Helsinki,2020-11-28
WreckTalRaccoon,WreckTalRaccoon,United States,2020-11-28
lovefanfest,LOVE Fan Fest,Barcelona,2020-11-28
lugaz2500,Luis A.,"Washington, DC",2020-11-28
SportMobApp,SportMob,"Dubai, United Arab Emirates â¤",2020-11-28
AzrOrganization,AZR Organization,,2020-11-28
WreckTalRaccoon,WreckTalRaccoon,United States,2020-11-28
klubbingkidsbcn,KLUBBINGKIDS,#Barcelona,2020-11-28
VeeNexus,Lilian Salazar,Providence,2020-11-28
lovefanfest,LOVE Fan Fest,Barcelona,2020-11-28
Italtravel,Italtravel,Calle 106 # 54 - 15 Of 601,2020-11-28
SkillsearchJobs,SkillsearchGamesJobs,,2020-11-28
spain,Spain,EspaÃ±a,2020-11-28
tmj_spn_eng,TMJ-SPN Engin. Jobs,Spain,2020-11-28
SpainInIndia,SpaininIndia,,2020-11-28
mistakes30,Mohanad,,2020-11-28
WreckTalRaccoon,WreckTalRaccoon,United States,2020-11-28
ESPON_Programme,ESPON,Luxembourg,2020-11-28
philkhedarhi,irene loves rhiannon ãƒŸâ˜†,"blanca, ivana, aura | fan acc ",2020-11-28
alexisroig,Alexis Roig,BCN ğŸŒ ä¸Šæµ· ğŸŒ BOS ğŸŒ,2020-11-28
carlosgarridoHQ,Carlos Garrido ğŸ—º Adventure Traveler,,2020-11-28
sunilsharpe,Sunil Sharpe,Dublin,2020-11-28
lovefanfest,LOVE Fan Fest,Barcelona,2020-11-28
SARAKARNTHI1,SARAKARNTHI,"à¸à¸£à¸¸à¸‡à¹€à¸—à¸à¸¡à¸«à¸²à¸™à¸„à¸£, à¸›à¸£à¸°à¹€à¸—à¸¨à¹„à¸—à¸¢",2020-11-28
worddancer21,Farmer Denise ğŸ³ï¸â€ğŸŒˆ ğŸ¤“ğŸŒ¶ ğŸ¤¡ #â¤ï¸,Arizona,2020-11-28
gay_weekender,TheBigGayWeekender,,2020-11-28
fleurhols,fleur hols,"Barcelona, Spain.",2020-11-28
BelfortCentre,Belfort Language centre,Barcelona,2020-11-28
ExpatExchange,Expat Exchange,United States,2020-11-28
cnGRujrE7WDuhAy,1899 Â©ï¸,,2020-11-28
butlersci,Butler Scientifics,Barcelona (Spain),2020-11-28
CataloniaBioHT,CataloniaBio & HealthTech,Barcelona,2020-11-28
SpeakeasyBCN,Speakeasy Spanish School,Barcelona - Spain,2020-11-28
K8duffs,Kate M,"New York, NY",2020-11-28
lovefanfest,LOVE Fan Fest,Barcelona,2020-11-28
NetworkEncore,ENCORE Network,,2020-11-28
Ocupacio_MdR,Ocupacio_MdR,Molins de Rei,2020-11-28
WreckTalRaccoon,WreckTalRaccoon,United States,2020-11-28
lovefanfest,LOVE Fan Fest,Barcelona,2020-11-28
365Scores,365Scores,,2020-11-28
cokeindecember,ğƒğ¢ğœğ¢ğğ¦ğ›ğ«ğ,,2020-11-28
EUClimateAction,EU Climate Action,"Brussels, Belgium",2020-11-28
amatluxury,Amat Luxury,Barcelona,2020-11-28
mcatanzaro,Michele Catanzaro,Barcelona,2020-11-28
JLSunW,Jia Liang Sun-Wang,"Barcelona, EspaÃ±a",2020-11-28
betcornernews,betcornernews,Î•Î»Î»Î¬Ï‚,2020-11-28
chrisalucard,Christos Harpidis,"Î’Î¿ÏÎ»Î±, Î•Î»Î»Î¬Ï‚",2020-11-28
EU_ENV,EU Environment,Brussels,2020-11-28
IBEI,Institut Barcelona d'Estudis Internacionals,Barcelona,2020-11-28
BcnFox,Pedro de la Vega,Barcelona,2020-11-28
arnomorisson,Arnault Morisson,Bern ; Switzerland,2020-11-28
danielillu,dani,"Barcelona, Spain",2020-11-28
zouave1915,Zouave,Warszawa po latach poza,2020-11-28
konshenz254,Ben KIRUI,Bomet,2020-11-28
civil_spanish,TheSpanishCivilWar,"Edinburgh, Scotland",2020-11-28
ChromDesign,ChromDesign,,2020-11-28
Freedom90265512,FreedomFighter,,2020-11-28
HelenGavaghan,Helen Gavaghan Unis Leeds 76-80 & Manchester 02-04,Global. Image:Broadcast by HG.,2020-11-28
nimbla,Nimbla,United Kingdom,2020-11-28
EUinmyRegion,EUinmyRegion,Brussels,2020-11-28
StatisticSports,StatisticSports,,2020-11-28
diffusereality,Diffuse Reality,,2020-11-28
AzrOrganization,AZR Organization,,2020-11-28
Leon_zeeee,pÑ”Ô€Ño zÑ”Ñ”â„¢,Nevada ,2020-11-28
livescore,LiveScore,URL,2020-11-28
emploi_abroad,Emploi Ã  l'Ã©tranger,France,2020-11-28
ESlanguagejobs,Europe Language Jobs- Job board for jobs abroad,Spain,2020-11-28
bcntechcity,Barcelona Tech City,Barcelona,2020-11-28
are_barca,WE ARE BARÃ‡A,"Abuja, Nigeria",2020-11-28
rogarciamusic,Rodrigo Garcia,"Barcelona, EspaÃ±a",2020-11-28
netbuzzafrica,Netbuzz Africa,Africa,2020-11-28
wconcerthall,World Concert Hall,"Barcelona, Catalonia",2020-11-28
Zephyr_Yachting,Zephyr Yachting,"Antibes, France",2020-11-28
MyExpatJob,MyExpatJob,Worldwide,2020-11-28
jpmakanaki,Jean-Pagal MAKANAKI,"GÃ©rone, Espagne",2020-11-28
footyniks,footyniks,,2020-11-28
wconcerthall,World Concert Hall,"Barcelona, Catalonia",2020-11-28
jordioriolserra,Jordi Oriol Serra,Catalunya / SuÃ¯ssa,2020-11-28
GreatWestHedge,Great West Hedge,"London, England",2020-11-28
Soccerbets_365,Soccerbets365,Internet,2020-11-28
eraser,Juan JosÃ© CalderÃ³n Amador,Sevilla,2020-11-28
Privatecarfree,Rosalind Readhead ğŸŒ,London,2020-11-28
Bici_Solidaria,Bicis Solidarias,EspaÃ±a,2020-11-28
jclapadula,Juan Cruz Lapadula,"Zurich, Switzerland",2020-11-28
eustartup,Startup Heatmap,Europe,2020-11-28
lime_link,Lime Link,,2020-11-28
lime_link,Lime Link,,2020-11-28
lime_link,Lime Link,,2020-11-28
lime_link,Lime Link,,2020-11-28
lime_link,Lime Link,,2020-11-28
indiebychoice,IndieByChoice.com,Ohio,2020-11-28
tamadicted,Otong N Roll,liverpool,2020-11-28
mtruizmaeso,M. Teresa Ruiz Maeso,,2020-11-28
Imma_BDN,Imma BDN ğŸ—ğŸ¤,,2020-11-28
Lexcrea1,Lexcrea,Barcelona,2020-11-28
SamazanM,Samazan Maryse,,2020-11-28
inspiracion_al2,InspiraciÃ³n al Cuadrado,"Madrid, Comunidad de Madrid",2020-11-28
OfficialpageA2z,a2z_officialpage,,2020-11-28
emploi_abroad,Emploi Ã  l'Ã©tranger,France,2020-11-28
ESlanguagejobs,Europe Language Jobs- Job board for jobs abroad,Spain,2020-11-28
nesvaxIL,Nesvax,"Nairobi, Kenya",2020-11-28
SandraS27874170,Sandra Smith,,2020-11-28
SandraS27874170,Sandra Smith,,2020-11-28
coky_find,Find to my coky,æ—¥æœ¬,2020-11-28
embedded_guys,wonderful_embedded_guy,,2020-11-28
AlexandraFree19,Alexandra Freeman,,2020-11-28
flytobcn,Barcelona Air Route (BCN),Barcelona,2020-11-28
AlexandraFree19,Alexandra Freeman,,2020-11-28
CataloniaBioHT,CataloniaBio & HealthTech,Barcelona,2020-11-28
EFootballRumors,EuroFootballRumours,,2020-11-28
cdamian,Christof Damian,Barcelona,2020-11-28
ArchitettaSte,Stefania Toso,"Asti, Italy ",2020-11-28
Artistic_3D,A R T I S T I C,,2020-11-28
codervj,Varun Choudhary,"Indore,Madhya Pradesh, India",2020-11-28
toudajew,MotionDesign,"Katowice, Polska",2020-11-28
JuanPabloMas,Juan-Pablo Mas ğŸ‡µğŸ‡·,"Santa Cruz, CA",2020-11-28
CataloniaBioHT,CataloniaBio & HealthTech,Barcelona,2020-11-28
EmbEspanaLibano,EspaÃ±a en LÃ­bano,LÃ­bano,2020-11-28
LizzieFuller19,Lizzie Fuller,,2020-11-28
LizzieFuller19,Lizzie Fuller,,2020-11-28
22betKe,22Bet Kenya,,2020-11-28
Wallspot_org,wallspot,,2020-11-28
TocHostels,Toc Hostels,EspaÃ±a,2020-11-28
ShanShui1946,Sandra Smith,Sussex,2020-11-28
ShanShui1946,Sandra Smith,Sussex,2020-11-28
BueSuluxsardi,Sandy Mac,Sussex,2020-11-28
threetenbcn,ThreeTen,"Barcelona, Spain",2020-11-28
sanshui596,sandra smith,Shan Shui,2020-11-28
CodeFlawCo,CodeFlaw,India,2020-11-28
CodeFlawCo,CodeFlaw,India,2020-11-28
devvibesbot,WebDevVibes,,2020-11-28
unicorntalents,unicorntalents,"Geneva, Switzerland",2020-11-28
BTA_tennis,BTA,Spain,2020-11-28
dansonkairu,danson kairu,NAIROBI KENYA,2020-11-28
365Scores,365Scores,,2020-11-28
CGTNSportsScene,CGTN Sports Scene,"åŒ—äº¬, ä¸­åäººæ°‘å…±å’Œå›½",2020-11-28
19Cc90,SpreadYourArmsWide,,2020-11-28
BueSuluxsardi,Sandy Mac,Sussex,2020-11-28
PSG24hours,PSG en Direct ğŸŒ,Parc des Princes,2020-11-28
BcnVIPtour,VIP BCN Tour Guides,"Av: Pau Casals, 38, 2Âº,5Âª, BCN",2020-11-28
mykhelcom,myKhel.com,Bengaluru,2020-11-28
XaviMitjavila,Xavier Mitjavila,Barcelona,2020-11-28
GussiDj,@GussiDj,"Barcelona, CataluÃ±a",2020-11-28
monicacurtorios,Monica,,2020-11-28
GussiDj,@GussiDj,"Barcelona, CataluÃ±a",2020-11-28
Sith_deity,SITH_DEITY,,2020-11-28
medinnovo,Marta-Gaia Zanchi,Europe,2020-11-28
GussiDj,@GussiDj,"Barcelona, CataluÃ±a",2020-11-28
GussiDj,@GussiDj,"Barcelona, CataluÃ±a",2020-11-28
mirrosslavovvna,ĞœĞ¸Ñ€Ğ¾ÑĞ»Ğ°Ğ²Ğ°,ĞšĞ¸ĞµĞ²,2020-11-28
GussiDj,@GussiDj,"Barcelona, CataluÃ±a",2020-11-28
adib_mahfuz,Adib Mahfuz,,2020-11-28
tribunkaltim,TribunKaltim.co,"Balikpapan, Indonesia",2020-11-28
TallerGingell,Taller Gingell Ceramics,"Barcelona, Spain",2020-11-28
RogerSendra,Roger Sendra,Barcelona,2020-11-28
InsideSportIND,InsideSport,"à¤¨à¤ˆ à¤¦à¤¿à¤²à¥à¤²à¥€, à¤­à¤¾à¤°à¤¤",2020-11-28
Gabriel66328939,Gabriel,,2020-11-28
wrmly,WP Multi-language,"New York, USA",2020-11-28
CensorBigTech,TheUltimateTweeter,"New York, NY",2020-11-28
vg_inc,Vinod Kumar Gupta,"West Bengal, India",2020-11-28
Niladri84736699,Niladri Shekhar Biswas,"West Bengal, India",2020-11-28
sanshui596,sandra smith,Shan Shui,2020-11-28
CGTNSports,CGTN Sports,"Beijing, China",2020-11-28
NatSportUAE,The National Sport,"Abu Dhabi, UAE",2020-11-28
timesofindia,The Times Of India,New Delhi,2020-11-28
toisports,TOI Sports,"New Delhi, India",2020-11-28
CGTNSports,CGTN Sports,"Beijing, China",2020-11-28
studioshuko,studioshuko,"Barcelona, Spain",2020-11-28
coky_find,Find to my coky,æ—¥æœ¬,2020-11-28
SmileyLeads,S. Smiley,,2020-11-28
Residro1,Residro,India,2020-11-28
FootTheBall,FootTheBall,Locker Room,2020-11-28
FootTheBall,FootTheBall,Locker Room,2020-11-28
HousingMys,Rumah untuk Semua - Housing Malaysia,,2020-11-28
GoalooSports,Goaloo,å°åº¦å°¼è¥¿äºš,2020-11-28
reallynicerecs,:brownstudy,"Detroit, MI",2020-11-28
HoovlerInd,"Hoovler Industries, Inc.","Seattle, WA",2020-11-28
wconcerthall,World Concert Hall,"Barcelona, Catalonia",2020-11-28
Sebasti05508371,Sebastian Ferrer,,2020-11-28
coky_find,Find to my coky,æ—¥æœ¬,2020-11-28
CGTNSportsScene,CGTN Sports Scene,"åŒ—äº¬, ä¸­åäººæ°‘å…±å’Œå›½",2020-11-28
Raffael51976800,Raffaella,,2020-11-28
rogersm,Roger Sen,Barcelona,2020-11-28
CatalanCulture,Catalan Culture,Catalan Areas,2020-11-28
kaskalzinn,Jon Kulpelut,,2020-11-28
dearestpark,Dearest.Park ğŸ‡¹ğŸ‡­ğŸ‡ªğŸ‡¸ğŸ‡¬ğŸ‡§,"Barcelona, EspaÃ±a",2020-11-28
Kublai88495815,Kublai,,2020-11-28
flavioedreira,Flavio Edreira,"Barcelona, EspaÃ±a",2020-11-28
EMERSONGBSC,Emerson G.B. Cafeteras y Molinos profesionales,La coruÃ±a,2020-11-28
perikoclariana1,Pere G.Clariana,"Barcelona, Catalunya.",2020-11-28
oiganitanmal,Nia,Badalona,2020-11-28
JcmorenoR23,JC,Barcelona-Madrid,2020-11-28
b_a_nights,Barcelona Alternative Nights,"Barcelona, CataluÃ±a",2020-11-28
mserarols,Marc,Barcelona,2020-11-28
LiberteJaen,Merlina Morgana #FreeAssange,"Barcelona, EspaÃ±a",2020-11-28
SandroBrizzola4,Sandro Brizzolara,"Roma, Lazio",2020-11-28
mktdiginews,Diario Marketing Dig,,2020-11-28
lisagoldapple,Lisa Goldappleâš¡,Barcelona 08 via London E8,2020-11-28
mundobarcarg,Mundo BarÃ§a - ARG ğŸ‡¦ğŸ‡·,Argentina,2020-11-28
macharoesink,Macha Roesink,The Netherlands,2020-11-28
swValencia,Startup Weekend Valencia,Valencia,2020-11-28
JoelBBCAN,Joel Lefevre,"British Columbia, Canada",2020-11-28
Kev_The_Kiwi,Kev The Kiwi ğŸ‡³ğŸ‡¿,Worldwide,2020-11-28
PaulHow82,Paul,"Manchester, England",2020-11-28
KissMeAgain99,TaylorğŸ’™,Canada ğŸ‡¨ğŸ‡¦,2020-11-28
OkwuoseAlexand1,ğŸ’¤onXy @zonzyxonzy on insta,,2020-11-28
ArmandPauls,Armand Pauls,"Barcelona, Catalunya ",2020-11-28
Boena88219254,.....â˜†ã€ŠVi*ki*ã€‹â˜†.....,,2020-11-28
FRANTPER,FRANTPER,"Barcelona, CataluÃ±a",2020-11-28
EMBT,Miralles Tagliabue EMBT,"Barcelona, Shanghai & Paris.",2020-11-28
Papryka5,Grandekuore,,2020-11-28
miss_olive47,olive47,L.A.  London  Atlanta  L.A.,2020-11-28
dmontserratnono,David de Montserrat,Girona (Republic of Catalonia),2020-11-28
CastanJaume,Jaume Castan,"KÃ¸benhavn, Danmark",2020-11-28
ElSoultani,Sultan El KAROKARO,Gikondo/Kigali/Rwanda,2020-11-28
TheLaVox,The LA Vox,"Los Angeles, CA",2020-11-28
reneromanosport,Râ‚¬[\]â‚¬ RâœªMA[\]âœª,"Los Angeles, CA",2020-11-28
Alex98442562,Alex,,2020-11-28
Tip_1x2,Tip 1x2,,2020-11-28
CataloniaBioHT,CataloniaBio & HealthTech,Barcelona,2020-11-28
Vale22046,Valeria,"Sicilia, Italia",2020-11-28
TravelExpanse,Travel Expanse,"Chicago, IL",2020-11-28
SputnikInt,Sputnik,,2020-11-28
MihaiHristea,Mihai Hristea,,2020-11-28
Hany_jean,Rocky D Antonio,Norway_Oslo,2020-11-28
breaknnews1,Break'n News,United States,2020-11-28
pods_sports,90minute Stats,,2020-11-28
AlexCimaMusic,Alex Cima,,2020-11-28
nsereko_baker,Nsereko Baker,"Kabale, Uganda",2020-11-28
Mboss45732084,Fairtrade,,2020-11-28
AnnShirry,Shirry ann,,2020-11-28
HuberMargarethe,Margaret Huber,Global,2020-11-28
RMCostel,MadridistaCostelğŸ‡·ğŸ‡´,"Phoenix, AZ",2020-11-28
N_mdawi,Nasser,,2020-11-28
RoFtbl,Romanian football,,2020-11-28
allaboutfcb,ğ˜¼ğ™¡ğ™¡ğ˜¼ğ™—ğ™¤ğ™ªğ™©ğ™ğ˜¾ğ˜½ğ™–ğ™§ğ™˜ğ™šğ™¡ğ™¤ğ™£ğ™–,,2020-11-28
AlePanfil,Alejandro Panfil,Buenos Aires,2020-11-28
guerradelsxxi,Guerra Total,EspaÃ±a,2020-11-28
trendsmetadata,data about data,,2020-11-28
_AlongeOmolola,HÃ©ctor D'AndrÃ© l'omo l'Ã¡ ti'lÃ¨ğŸ™…ğŸ˜ğŸ‡³ğŸ‡¬,,2020-11-28
somenathpaul_,S O M E N A T H,"West Bengal, ğŸ‡®ğŸ‡³",2020-11-28
TebbsTebbutt,Simon Tebbutt,"Loughborough, England",2020-11-28
allaboutfcb,ğ˜¼ğ™¡ğ™¡ğ˜¼ğ™—ğ™¤ğ™ªğ™©ğ™ğ˜¾ğ˜½ğ™–ğ™§ğ™˜ğ™šğ™¡ğ™¤ğ™£ğ™–,,2020-11-28
nsereko_baker,Nsereko Baker,"Kabale, Uganda",2020-11-28
DanButcher2,Dan Butcher,New York City,2020-11-28
_perzldn,Alejandro ğŸ‡­ğŸ‡³,"London, England",2020-11-28
allaboutfcb,ğ˜¼ğ™¡ğ™¡ğ˜¼ğ™—ğ™¤ğ™ªğ™©ğ™ğ˜¾ğ˜½ğ™–ğ™§ğ™˜ğ™šğ™¡ğ™¤ğ™£ğ™–,,2020-11-28
elliotdeejay,Elliot,"Barcelona, Catalonia, Spain",2020-11-28
fmtoday,Free Malaysia Today,Malaysia,2020-11-28
CorkDC,Cork Wine Bar and Market,"1805 14th Street, NW",2020-11-28
Dan_Fuller1,DanF,,2020-11-28
KhalidAwatty,âœŒğŸ½ Let's go,SD,2020-11-28
ThatPepes,ThatPepe,"Guadalajara, Jalisco",2020-11-28
RMabawa,Someone's Son â˜¯,"Johannesburg, South Africa",2020-11-28
nsereko_baker,Nsereko Baker,"Kabale, Uganda",2020-11-28
vgcancino,Guillermo Cancino,"Regina, Saskatchewan",2020-11-28
cottila,David Cottila,"Tallinn, Estonia",2020-11-28
Mia_Di_,miadi,SF - NY,2020-11-28
Abdl_al_Qadir,Abbaty,"Bauchi, Nigeria",2020-11-28
quadriinvention,Togetherness,Lagos,2020-11-28
fan_stands,The Fan Stands,"Karachi, Pakistan",2020-11-28
quadriinvention,Togetherness,Lagos,2020-11-28
itsTundexyfied,GODfident Citizen ğŸ¤—,somewhere on earth,2020-11-28
abhiL22,Abhishek Lakhotra,,2020-11-28
Toluvictor5,Toluvictor,,2020-11-28
deadsh0tt17,Sheikh Noor,"Raipur, India",2020-11-28
Vazquez_Pollo10,FiDe âš½,,2020-11-28
deadsh0tt17,Sheikh Noor,"Raipur, India",2020-11-28
Toluvictor5,Toluvictor,,2020-11-28
CouncilLogic,Council estate logic,Cul de sac,2020-11-28
Dotun_T,Tunde ednut,Robin hood,2020-11-28
BretstaFesta,Bretsta1876,Stakeford ,2020-11-28
izito10,Blogueur ğŸ’»ğŸ“±,,2020-11-28
joka187899,Joka187899,,2020-11-28
madridista_momi,Murtaza,Faisalabad,2020-11-28
SynthwaveBot,á”•Yá‘Tá•¼á—¯á—©á¯E á—·OT,,2020-11-28
MadridChoudhary,Real Madrid Choudhary,"Community of Madrid, Spain",2020-11-28
AndrewLeonard75,Andrew Leonard,Southcoast UK,2020-11-28
theLadphoenix,phoenix ğŸ¦…,"Lagos, Nigeria",2020-11-28
AliKahaei,Ali Kahaei,"Helsinki, Finland",2020-11-28
GrangersRecruit,Hassan Salihuâ„¢ï¸,Nigeria,2020-11-28
playpongis,Pongis,Japan,2020-11-28
farhanbutt150,Farhan Butt ğŸ‡µğŸ‡°,"Sialkot, Pakistan",2020-11-28
OPohibko,Oleksandr PohibkoğŸ‡ºğŸ‡¦ğŸ“—ğŸš´â€â™‚ï¸ğŸ¶,Ukraine,2020-11-28
N15ranjanS,Niranjan S,"Kerala, India",2020-11-28
fishycatmuncher,fishycatmuncher,,2020-11-28
WeeFatShug,WeeFatShug,Dreech Na'drookit,2020-11-28
ArvindS00566505,Arvind Sharma,,2020-11-28
NhyirabaNanaKo3,Nhyiraba Nana Kofi,"Accra, Ghana",2020-11-28
GiantsNYY311,Carlos,Earth,2020-11-28
BachelorLegend,Kabindra Koirala,Kathmandu,2020-11-28
FootyZoneNet,FootyZone.net,,2020-11-28
Animntikwameke1,Animntikwamekenneth000@gmail.com,,2020-11-28
amiable_ayo,SALAMI AYOMIDE DANIELğŸ’¡,"Ibadan, Nigeria",2020-11-28
JoshuaDavidLee1,Joshua David Lee,"Charlotte, NC",2020-11-28
iHady_,ğ•³ğ–†ğ–‰ğ– ğ•²ğ–ğ–†ğ–“ğ–‰ğ–”ğ–šğ–—,Bekaa - Lebanon ,2020-11-28
thesubasj7,à¤¸à¥à¤µà¤¾à¤¸ à¤—à¥Œà¤²à¥€,"Kathmandu, Nepal",2020-11-28
TheresaRyley,Theresa Ryley,Aberystwyth,2020-11-28
footballtodayke,Football Today Show,,2020-11-28
SoccerScoop2,Soccer Scoop,,2020-11-28
donohoe_kevin,Kevin Donohoe,Derry city,2020-11-28
mejja_mwangi,Mejja wa GITUGI,"Nairobi, Kenya",2020-11-28
1MrHarding,IG - @IAMMRHARDING,"ÃœT: 53.438425,-2.215451",2020-11-28
Madhavghimire94,Madhav Ghimire,Nepal,2020-11-28
emmz_emmanuel,emmanuel emmz smith,"Moscow, Russia",2020-11-28
CanadaVijay,Canadian ThalapathyğŸ,Canada,2020-11-28
thesubasj7,à¤¸à¥à¤µà¤¾à¤¸ à¤—à¥Œà¤²à¥€,"Kathmandu, Nepal",2020-11-28
ArvindS00566505,Arvind Sharma,,2020-11-28
Sportshere2,Sportshere,,2020-11-28
Hany_jean,Rocky D Antonio,Norway_Oslo,2020-11-28
IamAhmedTariq,ã€‹~Mematic Study ã‚·âš˜ã‚·âš˜,"Islamabad, Pakistan",2020-11-28
iz4ckchan_,Repulse,,2020-11-28
srodfathulla,Srod Fathulla,"Almere, The Netherlands",2020-11-28
Adhiitt07,Adhiitt,,2020-11-28
Monil_10,Monil Modi,"Bharuch, India",2020-11-28
mundobarcarg,Mundo BarÃ§a - ARG ğŸ‡¦ğŸ‡·,Argentina,2020-11-28
Vihaan_3,Vihaan,Mumbai,2020-11-28
HodzaEmir,Emir Hodzic,Tokyo - Helsinki,2020-11-28
Adjivic,Eric Eli Adzie,HO,2020-11-28
patrickezemba,patrick ezemba,,2020-11-28
tonyjustin,Antony Vivek Justin,,2020-11-28
FtmFuttrading,Ftm_futtrading,,2020-11-28
valonmehmedovic,Lonie,,2020-11-28
Subhaji13201526,Subhajit Nandi,Kolkata,2020-11-28
HfutbolW,#ENDASUUSTRIKE | Hfutbol World,,2020-11-28
Adjivic,Eric Eli Adzie,HO,2020-11-28
enyohere,Zee,,2020-11-28
furher_hitler,guadalupe mendozza,nairobi kenya,2020-11-28
Hany_jean,Rocky D Antonio,Norway_Oslo,2020-11-28
Akki78748284,Akki â™ ï¸,"Tardeo, Mumbai",2020-11-28
thesubasj7,à¤¸à¥à¤µà¤¾à¤¸ à¤—à¥Œà¤²à¥€,"Kathmandu, Nepal",2020-11-28
alex_monson_777,alex monson,,2020-11-28
chriscomben,The English Klose,Surrey - fanar fanar,2020-11-28
GolAlerta,Alerta Gol,"Coya, Chile",2020-11-28
hamzaniaz_143,HAMZA NIAZ,"Islamabad, Pakistan",2020-11-28
Khangwi_ino,venda_Rockstar, Joburg ,2020-11-28
sean_siege,Siege Is Sean,,2020-11-28
techyfarhan,Farhan Khan,"Rajnandgaon, India",2020-11-28
BumperGraham,Graham Hunter,La Liga and La Roja,2020-11-28
ajaxforeverever,Ajacied in de VS âŒâŒâŒ,United States,2020-11-28
SiphiweGtz10,IG: General_10 â¤ï¸,Some where around the world,2020-11-28
b_a_nights,Barcelona Alternative Nights,"Barcelona, CataluÃ±a",2020-11-28
rt_Premier,#premierleague,North london - coyg,2020-11-28
sebastiansantag,Sebastian Santacruz A.,,2020-11-28
rbits,rbits,,2020-11-28
sodiqdemo,sodiqdemo,Everywhere,2020-11-28
MrSigane,Abdullahi Abdirahman Ali(SIGANE),Uganda-Kampala,2020-11-28
GiantsNYY311,Carlos,Earth,2020-11-28
Cashiodedemure,CHB_ğŸ’,Twitter Streets,2020-11-28
CliffNyeusi,Cliff Nyeusi Manchester United ğŸ›‘âš½,Heaven,2020-11-28
cricket_blood44,Thomas Shelby OBE,,2020-11-28
mnaufalas,á®á®¥á®”á®ªá®“ á®á®”á®¤,"Sukabumi, INDONESIA",2020-11-28
kingfive2,kingfaisalGH,United States,2020-11-28
Mpho_KO,MpHo14,"Johannesburg, South Africa",2020-11-28
LovneshB,Lovnesh,Switzerland,2020-11-28
CliffNyeusi,Cliff Nyeusi Manchester United ğŸ›‘âš½,Heaven,2020-11-28
AbbasAbubakar98,aÊ€Ğ¼in,"Bauchi, Nigeria",2020-11-28
EsmailAzari1,Esmail Azari,,2020-11-28
livescore,LiveScore,URL,2020-11-28
JoeSports11,JoeSportsÂ®,// We are Everywhere //,2020-11-28
Ashgon23,Aksshat Goel (from ğŸ ),India,2020-11-28
rt_Premier,#premierleague,North london - coyg,2020-11-28
woli2017,(# 214 bei BÃ¶hmermann) gab.ai/woli2017,,2020-11-28
rt_Premier,#premierleague,North london - coyg,2020-11-28
MuzomhleM,Bhambatha,Pretoria /Durban  SA.,2020-11-28
rt_Premier,#premierleague,North london - coyg,2020-11-28
rt_Premier,#premierleague,North london - coyg,2020-11-28
elliotdeejay,Elliot,"Barcelona, Catalonia, Spain",2020-11-28
Khangwi_ino,venda_Rockstar, Joburg ,2020-11-28
rt_Premier,#premierleague,North london - coyg,2020-11-28
rt_Premier,#premierleague,North london - coyg,2020-11-28
rt_Premier,#premierleague,North london - coyg,2020-11-28
Teslima2000,"Chijoke, murdered by CSP Nwafor #Endsars","Akure, Nigeria",2020-11-28
rt_Premier,#premierleague,North london - coyg,2020-11-28
rt_Premier,#premierleague,North london - coyg,2020-11-28
matinbromand,Matin Bromand,Waterloo,2020-11-28
rt_Premier,#premierleague,North london - coyg,2020-11-28
sheriannekay,Out of Office Travel Blog,"San Diego, CA",2020-11-28
gravydinner1,GravyDinner,Parler: @GravyDinner,2020-11-28
rt_Premier,#premierleague,North london - coyg,2020-11-28
iotforall,IoT For All,United States,2020-11-28
rt_Premier,#premierleague,North london - coyg,2020-11-28
deportesWRADIO,W Deportes,Tlalpan 3000,2020-11-28
Deadlywolf007,Rushan khan,,2020-11-28
rt_Premier,#premierleague,North london - coyg,2020-11-28
rt_Premier,#premierleague,North london - coyg,2020-11-28
rt_Premier,#premierleague,North london - coyg,2020-11-28
steve22England,Steve England,"New York, England",2020-11-28
UnderYourTree,Barbara B,"Ryde, Isle of Wight",2020-11-28
Deadlywolf007,Rushan khan,,2020-11-28
rt_Premier,#premierleague,North london - coyg,2020-11-28
rt_Premier,#premierleague,North london - coyg,2020-11-28
Troyboateng,T r o y ğŸ‘¨ğŸ¾â€ğŸ’»,Ghana,2020-11-28
8sSJQR7PMxoXc8I,Ø¢Ø±Ø§Ú¯ÙˆØ±Ù† Ù¾Ø³Ø± Ø¢Ø±Ø§ØªÙˆØ±Ù†,,2020-11-28
ThierryDuchemin,Thierry Duchemin,"ParÃ­s, Francia",2020-11-28
N15ranjanS,Niranjan S,"Kerala, India",2020-11-28
ElamoNab,ELRAMO,,2020-11-28
steve22England,Steve England,"New York, England",2020-11-28
Livfooty1,Livfooty,,2020-11-28
Kwesi_Oteng1,#HommieğŸ­âš¡ï¸,"Tema, Ghana /west Africa ",2020-11-28
rt_Premier,#premierleague,North london - coyg,2020-11-28
Troyboateng,T r o y ğŸ‘¨ğŸ¾â€ğŸ’»,Ghana,2020-11-28
witty_futty,Witty Futty,,2020-11-28
man_ball7,ManBall,,2020-11-28
wittyfutty,WittyFuttyâš½ï¸,,2020-11-28
proftehartem1,Ğ˜Ğ²Ğ°Ğ½Ñ‡ĞµĞ½ĞºĞ¾ ĞÑ€Ñ‚Ñ‘Ğ¼,"ĞšÑƒÑ€ÑĞºĞ°Ñ Ğ¾Ğ±Ğ»Ğ°ÑÑ‚ÑŒ, Ğ Ğ¾ÑÑĞ¸Ñ",2020-11-28
champion_footy,ChampionFooty,,2020-11-28
rt_Premier,#premierleague,North london - coyg,2020-11-28
Pandoras_ask,Pandoras ask,,2020-11-28
rt_Premier,#premierleague,North london - coyg,2020-11-28
HertzJulius,Crystal Julius Jude,"Kampala, Uganda",2020-11-28
LebogangSeale,Persona non grata,Johannesburg - Tzaneen ,2020-11-28
AlineOzturk3,AlineO ğŸ‡§ğŸ‡· Gulag Inmate 20.253 US/GER,"SÃ£o Paulo, Brasil",2020-11-28
TheTheGrinch7,FalconCrest,Mount Crumpit,2020-11-28
NeeNawtogirls,what concerns me,,2020-11-28
rt_Premier,#premierleague,North london - coyg,2020-11-28
Troyboateng,T r o y ğŸ‘¨ğŸ¾â€ğŸ’»,Ghana,2020-11-28
ToniQuedd,Tom,,2020-11-28
Halwitter,Sumit Haldar (New Account),,2020-11-28
ShSalahedin,Sherif Salah,"Dubai, United Arab Emirates",2020-11-28
13Gren13,ĞœĞ¸Ñ…Ğ°Ğ¸Ğ»,,2020-11-28
Turandot2016,Silver Wheel ğŸ‡¬ğŸ‡§ ğŸ´ó §ó ¢ó ¥ó ®ó §ó ¿,South West England,2020-11-28
ShSalahedin,Sherif Salah,"Dubai, United Arab Emirates",2020-11-28
antov2401,antonellav,,2020-11-28
IamSagorSrk,Nahidul Islam Sagor Srk,FOLLOWS YOU,2020-11-28
KingOfUyo,KingOfUyoğŸ“¸ğŸ’¡ğŸ‘¿,Nigeria,2020-11-28
yardyutee,â˜ƒï¸Janobarzâ¶ğ“…“ R.Barz/Rebel6ixx fan act.ğŸ•¯ğŸ•Š CleoÂ®ï¸,"Laba L.F Choiseul, Saint Lucia",2020-11-28
innovarkitect,innovarquitectura,,2020-11-28
DoblasReyes,Francisco J. Doblas-Reyes,,2020-11-28
innovarkitect,innovarquitectura,,2020-11-28
RoyalLucian,ğŸ‡±ğŸ‡¨TriniLucian,"Pearland, TX",2020-11-28
innovarkitect,innovarquitectura,,2020-11-28
innovarkitect,innovarquitectura,,2020-11-28
innovarkitect,innovarquitectura,,2020-11-28
innovarkitect,innovarquitectura,,2020-11-28
innovarkitect,innovarquitectura,,2020-11-28
STradingPost1,STradingPost,The North,2020-11-28
innovarkitect,innovarquitectura,,2020-11-28
innovarkitect,innovarquitectura,,2020-11-28
innovarkitect,innovarquitectura,,2020-11-28
innovarkitect,innovarquitectura,,2020-11-28
innovarkitect,innovarquitectura,,2020-11-28
Clairol52,Claire Huntley Illustration,"London, England",2020-11-28
katerpac,2pac's white son,,2020-11-28
jonr7007,Jonathan Rodrigues ğŸœ,"Boston, MA",2020-11-28
kute_abhijeet,Abhijeet Kute,,2020-11-28
4ver_madridista,papa PEREZ,,2020-11-28
Adasity_,~,,2020-11-28
hxfnr,plakajot,Durres,2020-11-28
Saym3s,SiRliM ğŸ¦,Maldives,2020-11-28
Gibsonsparta1,Gibsonkk,,2020-11-28
mselayan,Elayan,Earth-Sol-Orion Arm-Milky Way,2020-11-28
JJasuja,Jayant Jasuja,Jabalpur,2020-11-28
OmarianoOmari,Omariano Omari,Nairobi,2020-11-28
FarEasterner,Andrey Davydov,,2020-11-28
Is_Mise_Madra,Is_Mise_Madra,Chilling on a skyscraper!,2020-11-28
StarSpreads_Bet,Star Spreads,"Dublin, Ireland",2020-11-28
balkirat_,Balkirat  Singh,"Delhi-NCR, India",2020-11-28
hasnat92751283,hasnat,"Dhaka, Bangladesh",2020-11-28
SakyiAlpha,A.K.S,Madagascar,2020-11-28
_Deenn__,Analytical DeenÃ± ğŸ‘¨â€ğŸ’»ğŸ“ˆğŸ¤–,......,2020-11-28
RoyalLucian,ğŸ‡±ğŸ‡¨TriniLucian,"Pearland, TX",2020-11-28
jasonmakuebo,Jason Makuebo,,2020-11-28
rt_Premier,#premierleague,North london - coyg,2020-11-28
menswear_bot,menswear.bot,worldwide,2020-11-28
elpatronmig,Miguel,Warzone,2020-11-28
62Bigben,Sara ğŸ‡ªğŸ‡¸ğŸ‡ªğŸ‡º,"Tabarnia, Spain",2020-11-28
footballespana_,footballespana,,2020-11-28
GolAlerta,Alerta Gol,"Coya, Chile",2020-11-28
rt_Premier,#premierleague,North london - coyg,2020-11-28
Generacija78,MirosÅ‚awa Å ternÂ® RMX,"Dallas, TX",2020-11-28
rt_Premier,#premierleague,North london - coyg,2020-11-28
ThisIsJorgen,Jorgen,,2020-11-28
rt_Premier,#premierleague,North london - coyg,2020-11-28
TravesSenior,EagletravesğŸ¦…,"Dar es salaam, Tanzania",2020-11-28
rt_Premier,#premierleague,North london - coyg,2020-11-28
rt_Premier,#premierleague,North london - coyg,2020-11-28
innovarkitect,innovarquitectura,,2020-11-28
scootsden,Armando,,2020-11-28
stutenzee,Patrick vonStutenzee,London,2020-11-28
rt_Premier,#premierleague,North london - coyg,2020-11-28
rt_Premier,#premierleague,North london - coyg,2020-11-28
Milatrud11,Mila,,2020-11-28
_Haveadream_,Have a dream,"Las Palmas, Islas Canarias",2020-11-28
rt_Premier,#premierleague,North london - coyg,2020-11-28
MarcusJP1990,Marcus Peake,"Llanelli, Wales",2020-11-28
rt_Premier,#premierleague,North london - coyg,2020-11-28
rt_Premier,#premierleague,North london - coyg,2020-11-28
rt_Premier,#premierleague,North london - coyg,2020-11-28
Wallspot_org,wallspot,,2020-11-28
coky_find,Find to my coky,æ—¥æœ¬,2020-11-28
innovarkitect,innovarquitectura,,2020-11-28
innovarkitect,innovarquitectura,,2020-11-28
innovarkitect,innovarquitectura,,2020-11-28
innovarkitect,innovarquitectura,,2020-11-28
innovarkitect,innovarquitectura,,2020-11-28
rt_Premier,#premierleague,North london - coyg,2020-11-28
innovarkitect,innovarquitectura,,2020-11-28
innovarkitect,innovarquitectura,,2020-11-28
innovarkitect,innovarquitectura,,2020-11-28
innovarkitect,innovarquitectura,,2020-11-28
innovarkitect,innovarquitectura,,2020-11-28
innovarkitect,innovarquitectura,,2020-11-28
innovarkitect,innovarquitectura,,2020-11-28
innovarkitect,innovarquitectura,,2020-11-28
rt_Premier,#premierleague,North london - coyg,2020-11-28
innovarkitect,innovarquitectura,,2020-11-28
innovarkitect,innovarquitectura,,2020-11-28
innovarkitect,innovarquitectura,,2020-11-28
innovarkitect,innovarquitectura,,2020-11-28
innovarkitect,innovarquitectura,,2020-11-28
rt_Premier,#premierleague,North london - coyg,2020-11-28
Donnagh_,Donnagh Fitzpatrick,In Bruges,2020-11-28
innovarkitect,innovarquitectura,,2020-11-28
innovarkitect,innovarquitectura,,2020-11-28
innovarkitect,innovarquitectura,,2020-11-28
innovarkitect,innovarquitectura,,2020-11-28
rt_Premier,#premierleague,North london - coyg,2020-11-28
innovarkitect,innovarquitectura,,2020-11-28
innovarkitect,innovarquitectura,,2020-11-28
innovarkitect,innovarquitectura,,2020-11-28
innovarkitect,innovarquitectura,,2020-11-28
RMohsin17,Mohsin ç©†èµ«è¾›,,2020-11-28
innovarkitect,innovarquitectura,,2020-11-28
innovarkitect,innovarquitectura,,2020-11-28
innovarkitect,innovarquitectura,,2020-11-28
innovarkitect,innovarquitectura,,2020-11-28
innovarkitect,innovarquitectura,,2020-11-28
innovarkitect,innovarquitectura,,2020-11-28
innovarkitect,innovarquitectura,,2020-11-28
innovarkitect,innovarquitectura,,2020-11-28
innovarkitect,innovarquitectura,,2020-11-28
innovarkitect,innovarquitectura,,2020-11-28
innovarkitect,innovarquitectura,,2020-11-28
innovarkitect,innovarquitectura,,2020-11-28
innovarkitect,innovarquitectura,,2020-11-28
innovarkitect,innovarquitectura,,2020-11-28
innovarkitect,innovarquitectura,,2020-11-28
innovarkitect,innovarquitectura,,2020-11-28
innovarkitect,innovarquitectura,,2020-11-28
innovarkitect,innovarquitectura,,2020-11-28
mke_dr,Dr. MKe,,2020-11-28
innovarkitect,innovarquitectura,,2020-11-28
innovarkitect,innovarquitectura,,2020-11-28
innovarkitect,innovarquitectura,,2020-11-28
innovarkitect,innovarquitectura,,2020-11-28
innovarkitect,innovarquitectura,,2020-11-28
innovarkitect,innovarquitectura,,2020-11-28
innovarkitect,innovarquitectura,,2020-11-28
innovarkitect,innovarquitectura,,2020-11-28
innovarkitect,innovarquitectura,,2020-11-28
innovarkitect,innovarquitectura,,2020-11-28
innovarkitect,innovarquitectura,,2020-11-28
innovarkitect,innovarquitectura,,2020-11-28
innovarkitect,innovarquitectura,,2020-11-28
innovarkitect,innovarquitectura,,2020-11-28
innovarkitect,innovarquitectura,,2020-11-28
innovarkitect,innovarquitectura,,2020-11-28
innovarkitect,innovarquitectura,,2020-11-28
innovarkitect,innovarquitectura,,2020-11-28
Freds_tweets,Fred,The Netherlands and Espanya,2020-11-28
innovarkitect,innovarquitectura,,2020-11-28
innovarkitect,innovarquitectura,,2020-11-28
innovarkitect,innovarquitectura,,2020-11-28
innovarkitect,innovarquitectura,,2020-11-28
rt_Premier,#premierleague,North london - coyg,2020-11-28
innovarkitect,innovarquitectura,,2020-11-28
NickClimate,Nick Fitzpatrick,"Lisbon, Portugal",2020-11-28
innovarkitect,innovarquitectura,,2020-11-28
jasonmakuebo,Jason Makuebo,,2020-11-28
innovarkitect,innovarquitectura,,2020-11-28
innovarkitect,innovarquitectura,,2020-11-28
innovarkitect,innovarquitectura,,2020-11-28
innovarkitect,innovarquitectura,,2020-11-28
innovarkitect,innovarquitectura,,2020-11-28
innovarkitect,innovarquitectura,,2020-11-28
innovarkitect,innovarquitectura,,2020-11-28
innovarkitect,innovarquitectura,,2020-11-28
innovarkitect,innovarquitectura,,2020-11-28
innovarkitect,innovarquitectura,,2020-11-28
PS98841233,PS,"NC, USA",2020-11-28
innovarkitect,innovarquitectura,,2020-11-28
innovarkitect,innovarquitectura,,2020-11-28
innovarkitect,innovarquitectura,,2020-11-28
ThisIsJorgen,Jorgen,,2020-11-28
innovarkitect,innovarquitectura,,2020-11-28
innovarkitect,innovarquitectura,,2020-11-28
rt_Premier,#premierleague,North london - coyg,2020-11-28
rt_Premier,#premierleague,North london - coyg,2020-11-28
rt_Premier,#premierleague,North london - coyg,2020-11-28
GiftCards21,Gift Cards Giveaway,united states,2020-11-28
hmrasa,H M..,,2020-11-28
GiftCards21,Gift Cards Giveaway,united states,2020-11-28
GiftCards21,Gift Cards Giveaway,united states,2020-11-28
Peace_istalking,Prodigy,,2020-11-28
StudioGuitars,ĞĞ»ĞµĞºÑĞ°Ğ½Ğ´Ñ€,Moscow,2020-11-28
antonyagaspacho,antonya ramos,"Barcelona, EspaÃ±a",2020-11-28
rt_Premier,#premierleague,North london - coyg,2020-11-28
Muzungu4,Richard Kwizera,Kigali,2020-11-28
rt_Premier,#premierleague,North london - coyg,2020-11-28
CoachScottCopy,Scott Martin,"Charlotte, NC",2020-11-28
DnellStephen,Most Lefties Hate The West,CHRISTIAN WEST,2020-11-28
AuthorTSquire,Tony Squire - Author,Australia,2020-11-28
rt_Premier,#premierleague,North london - coyg,2020-11-28
ezslocks,EZLOCKS,,2020-11-28
SpainInUSA,Spain in USA,,2020-11-28
365Scores,365Scores,,2020-11-28
ncityface,mamun@ncityface,,2020-11-28
GiftCards21,Gift Cards Giveaway,united states,2020-11-28
NadyaElga,Nadya Elga,,2020-11-28
innovarkitect,innovarquitectura,,2020-11-28
GiftCards21,Gift Cards Giveaway,united states,2020-11-28
now_mufc,MUFC News Now,Old Trafford ,2020-11-28
SportsStreamuk,SportsStream.co.uk,UK,2020-11-28
GiftCards21,Gift Cards Giveaway,united states,2020-11-28
Fuadnana13,Fuad,online,2020-11-28
MrAhmadou007,Ahmad Abdullahi,"Maiduguri, Nigeria",2020-11-28
PCisfinished,Mr Grumpy.,UK,2020-11-28
redfedoradiary,Baia Dzagnidze,"Tbilisi, Georgia",2020-11-28
StarSpreads_Bet,Star Spreads,"Dublin, Ireland",2020-11-28
innovarkitect,innovarquitectura,,2020-11-28
YXcoSOfX6saSDbu,Î”Î±Î¼Î¹Î±Î½Î¿Ï‚,,2020-11-28
innovarkitect,innovarquitectura,,2020-11-28
PrinceIssac14,Prince Issac,,2020-11-28
GiftCards21,Gift Cards Giveaway,united states,2020-11-28
AtCheckmate,WÃ¡ gÃ­thÃ³mÃ³,,2020-11-28
DumSpir95165257,Dum Spiro Spero,France Ã©ternelle,2020-11-28
GiftCards21,Gift Cards Giveaway,united states,2020-11-28
kimtaesarmy,á´®á´±loverâ·, joons dimples â€¢ she/her,2020-11-28
stinkybobdog,Stinkybobdog,south staffs,2020-11-28
_Football360,â–ªï¸Football 3ï¸âƒ£6ï¸âƒ£0ï¸âƒ£ğŸ”¸,"Lagos, Nigeria",2020-11-28
boblea21,Common Sense Bob,"Bexley, London",2020-11-28
Bowmyster,Michael,Mars,2020-11-28
Trecy_54,Trecy Dx ğŸƒ,ğŸ™ï¸,2020-11-28
thesuitespr,thesuites PR,EspaÃ±a,2020-11-28
MadridSix,Stream and Prediction tips,,2020-11-28
GiftCards21,Gift Cards Giveaway,united states,2020-11-28
CptApple,Robbie Kirk ğŸ‡¬ğŸ‡§,Edinburgh,2020-11-28
John_Knocks,john knocks,,2020-11-28
Neyrolles75,JB,"Paris, France ",2020-11-28
TomGribbin6,Tom Gribbin,Proud Northumbrian.,2020-11-28
MRSM1TH0161,Br.I.am,"In your head, rent free",2020-11-28
DissidentWright,Dissident Wright,England ,2020-11-28
McKinleyFR,McKinley FR,United States,2020-11-28
SvensktSpel,Svenskt Spel,Sverige,2020-11-28
DorHulse,"Dor Hulse  Real Conservative,  @mufc",Manchester United.,2020-11-28
guytric,Guytric,Commonwealth (sussex),2020-11-28
Andy34254695,Andy,,2020-11-28
AwPlochw,WiesÅ‚aw,,2020-11-28
DoublegoonerR,DoublegoonerRob,,2020-11-28
owen_carruthers,owen carruthers,england,2020-11-28
JakeWri38029870,Jake Wright,,2020-11-28
ingglick,Jovan Dudukovic ğŸ‡·ğŸ‡¸,Belgrade,2020-11-28
Holbornlolz,Old HolbornÂ®,,2020-11-28
Count_blizack,BIG HO HO,England,2020-11-28
bolt_africa,AfricaBolt,Africa,2020-11-28
SharkNewsWires,Shark NewsWires,"Scotland, United Kingdom",2020-11-28
GiftCards21,Gift Cards Giveaway,united states,2020-11-28
PCryptoisfuture,P C,,2020-11-28
365Scores,365Scores,,2020-11-28
n4chtsonn3,gÃ¼nni,,2020-11-28
cryptosommelier,Crypto Thayne,"Thayne, WY",2020-11-28
n4chtsonn3,gÃ¼nni,,2020-11-28
TheDanielNoonan,Daniel Noonan,"London, England",2020-11-28
SJackfield,Scott Jackfield,Canada,2020-11-28
victor_dacunha,Victor da Cunha,"Bath, Bristol, London, Lisboa",2020-11-28
UriLaka,Oriol,"Cardedeu, EspaÃ±a",2020-11-28
cbzd7,Abbas CÉ™bizadÉ™,"London, England",2020-11-28
_DDayo,Name cannot be blank,Nigeria,2020-11-28
trendsmetadata,data about data,,2020-11-28
SoccerParlour,Soccer Parlour,,2020-11-28
COPAfootball,COPA,The Netherlands,2020-11-28
FFactoryNY,Football Factory,"New York, NY",2020-11-28
innovarkitect,innovarquitectura,,2020-11-28
innovarkitect,innovarquitectura,,2020-11-28
innovarkitect,innovarquitectura,,2020-11-28
innovarkitect,innovarquitectura,,2020-11-28
innovarkitect,innovarquitectura,,2020-11-28
innovarkitect,innovarquitectura,,2020-11-28
innovarkitect,innovarquitectura,,2020-11-28
innovarkitect,innovarquitectura,,2020-11-28
innovarkitect,innovarquitectura,,2020-11-28
innovarkitect,innovarquitectura,,2020-11-28
innovarkitect,innovarquitectura,,2020-11-28
innovarkitect,innovarquitectura,,2020-11-28
innovarkitect,innovarquitectura,,2020-11-28
innovarkitect,innovarquitectura,,2020-11-28
innovarkitect,innovarquitectura,,2020-11-28
innovarkitect,innovarquitectura,,2020-11-28
innovarkitect,innovarquitectura,,2020-11-28
innovarkitect,innovarquitectura,,2020-11-28
innovarkitect,innovarquitectura,,2020-11-28
innovarkitect,innovarquitectura,,2020-11-28
innovarkitect,innovarquitectura,,2020-11-28
innovarkitect,innovarquitectura,,2020-11-28
innovarkitect,innovarquitectura,,2020-11-28
innovarkitect,innovarquitectura,,2020-11-28
innovarkitect,innovarquitectura,,2020-11-28
innovarkitect,innovarquitectura,,2020-11-28
innovarkitect,innovarquitectura,,2020-11-28
innovarkitect,innovarquitectura,,2020-11-28
innovarkitect,innovarquitectura,,2020-11-28
PiusPius21,Pius Pius,"Port Harcourt, Nigeria",2020-11-28
innovarkitect,innovarquitectura,,2020-11-28
innovarkitect,innovarquitectura,,2020-11-28
innovarkitect,innovarquitectura,,2020-11-28
innovarkitect,innovarquitectura,,2020-11-28
innovarkitect,innovarquitectura,,2020-11-28
innovarkitect,innovarquitectura,,2020-11-28
innovarkitect,innovarquitectura,,2020-11-28
innovarkitect,innovarquitectura,,2020-11-28
innovarkitect,innovarquitectura,,2020-11-28
innovarkitect,innovarquitectura,,2020-11-28
innovarkitect,innovarquitectura,,2020-11-28
innovarkitect,innovarquitectura,,2020-11-28
innovarkitect,innovarquitectura,,2020-11-28
innovarkitect,innovarquitectura,,2020-11-28
innovarkitect,innovarquitectura,,2020-11-28
innovarkitect,innovarquitectura,,2020-11-28
amoristkv,â‰®Brisâ™¡Joon'sâ˜½ ia ğŸ“š,Tknk,2020-11-28
innovarkitect,innovarquitectura,,2020-11-28
innovarkitect,innovarquitectura,,2020-11-28
innovarkitect,innovarquitectura,,2020-11-28
innovarkitect,innovarquitectura,,2020-11-28
innovarkitect,innovarquitectura,,2020-11-28
innovarkitect,innovarquitectura,,2020-11-28
innovarkitect,innovarquitectura,,2020-11-28
innovarkitect,innovarquitectura,,2020-11-28
HomenetInventor,Inventor.homenet,,2020-11-28
AlbertoArcosWeb,Alberto Arcos,,2020-11-28
Biomedi_cat,Biomedicat,"Barcelona, EspaÃ±a",2020-11-28
monvilalta,RAMON VILALTA,BARCELONA,2020-11-28
Barcelo_dona,Barcelodona,"Barcelona, EspaÃ±a",2020-11-28
GEN_ETIC,Gen Etic,BARCELONA,2020-11-28
__SachinDubey__,Sachin Dubey,"Chennai, India",2020-11-28
pods_sports,90minute Stats,,2020-11-28
homedesignbarna,homedesignbarcelona,Barcelona,2020-11-28
homedesignbarna,homedesignbarcelona,Barcelona,2020-11-28
WasiuOladoja,Wasiu Oladoja,,2020-11-28
TheValueBetBot,The Value Bet Bot,,2020-11-28
TheValueBetBot,The Value Bet Bot,,2020-11-28
TheValueBetBot,The Value Bet Bot,,2020-11-28
Tempobet,Tempobet,"London, UK",2020-11-28
TSome95,TroubleSome95ğŸ‘½,,2020-11-28
jamescormack_,James Cormack,,2020-11-28
Ayo_einstein,DAYGEE ğŸ‡³ğŸ‡¬ ğŸ’­,,2020-11-28
Ayo_einstein,DAYGEE ğŸ‡³ğŸ‡¬ ğŸ’­,,2020-11-28
Antoine56818047,Antoinette,,2020-11-28
nkptevlz,patrick evans,,2020-11-28
ThePuntersPage,ThePuntersPage.com,United Kingdom,2020-11-28
Johancath,Ank Draijer,Costa Rica,2020-11-28
Y1prestige,Precious,UN,2020-11-28
Asmahan011,Asmahan,,2020-11-28
LaElegantia,La Elegantia - Zlatina Jekova,"London, England",2020-11-28
breakersclubas1,breakersclubasia,"Osaka, Japan",2020-11-28
ennomnom,Enno,,2020-11-28
HelingtoNoids,Helingto Noids,,2020-11-28
thisisoggy,Mr.Oggy ğŸ¾,,2020-11-28
YoushowmeP,Youshow_Photo,,2020-11-28
susanaktemel,Susan Aktemel,glasgow,2020-11-28
IroegbuteC,Sir Manja,"Imo, Nigeria",2020-11-28
legendsignings,Legendary Signings,"South East, England",2020-11-28
jackopj16,Paul Jackson,,2020-11-28
jackopj16,Paul Jackson,,2020-11-28
JishnuNtk3,Jishnu Ntkâœ´ï¸,"calicutVadakara, India",2020-11-28
Angelpeacechia1,Angel peace chiamaka,onitsha ,2020-11-28
Forebet,Forebet,,2020-11-28
AdeelIjaz819,Adeel,"Woking, South East",2020-11-28
Johan1907,Johan Hollen,Langs de lijn ,2020-11-28
IamNOTcrazy__,Pavlos,"Cyprus,Nicosia",2020-11-28
RajeshT39649474,YooDzineR,,2020-11-28
djmrstylus,Call me Mr.,Toronto,2020-11-28
bigezdaddy2017,Alfred Moesker - CASH stakepool,"Barcelona, Spain",2020-11-28
muneef_tweets,El patrÃ³n,God'S Own Country,2020-11-28
jobely,Jobely.com,USA,2020-11-28
OzoneSports7,OzoneSports,Global,2020-11-28
louisjacques_,Louis J,London,2020-11-28
CurlyQ42,CurlyQ,THE FOREST,2020-11-28
CurlyQ42,CurlyQ,THE FOREST,2020-11-28
Jon_LeGossip,Jonathan Johnson,"Paris, France",2020-11-28
larshendel,Lars Hendel,Denmark,2020-11-28
misterphipps,Paul Phipps-Williams,Lewisham,2020-11-28
ribandeau,Rich.com âš¡ï¸âš¡ï¸âš¡ï¸,Douala/ Africa,2020-11-28
vdffactsworld,Football Facts World,,2020-11-28
albertoballbe,Alberto BallbÃ©,Barcelona,2020-11-28
Iam_Prince_will,Galahad,,2020-11-28
QLeap05,QuantumLeap05,,2020-11-28
wisdomcolony,wisdomcolony,,2020-11-28
savvycoder2018,Savvycoder,,2020-11-28
Oluwase61981126,Midastouch,,2020-11-28
VictoriousOne15,VictoriousOne,,2020-11-28
tmj_spn_jobs,TMJ-SPN Jobs,Spain,2020-11-28
CapologyDB,Capology,,2020-11-28
futmaster_YT,Fut Master,,2020-11-28
SanyaOl15659785,SanyaOlu,,2020-11-28
trendsmetadata,data about data,,2020-11-28
FavourOyebade,OyebadeFavour,"Lagos, Nigeria",2020-11-28
VortexFdC,Vortex,Barcelona,2020-11-28
TristanSilver,Tristan Silver,"Barcelona, Spain",2020-11-28
Witma3,Witma,,2020-11-28
Rutthibcnalfaro,Ruthi,Barcelona,2020-11-28
johnihogan,John Hogan,,2020-11-28
SurfaceMag,Surface Magazine,"New York, NY",2020-11-28
AirCargoEye,aircargoeye,Global,2020-11-28
ThelmaEtim1,Thelma Etim,UK,2020-11-28
CataloniaBioHT,CataloniaBio & HealthTech,Barcelona,2020-11-28
artikleblak,artikleblak,,2020-11-28
SpotOnRecruit,SpotOn Connections,Europe,2020-11-28
PSG24hours,PSG en Direct ğŸŒ,Parc des Princes,2020-11-28
JcmorenoR23,JC,Barcelona-Madrid,2020-11-28
AvvFrontMaritim,AVV Front MarÃ­tim BDN,"Badalona, Catalunya",2020-11-28
ScaredMeeseeks,Scared Meeseeks,"Barcelona, Catalunya",2020-11-28
ovostreams,Nba Streams,,2020-11-28
ParimatchNG,Parimatch Nigeria,,2020-11-28
tmj_spn_sales,TMJ-SPN Sales Jobs,Spain,2020-11-28
Lolaliz1985,Lola,,2020-11-28
365Scores,365Scores,,2020-11-28
SajinyanD,investor SD,"Ikeja, Nigeria",2020-11-28
JorLoveofTravel,Jordan's Love of Travel,,2020-11-28
btcalbaniaa,btcalbaniaa,,2020-11-28
ryster05826425,JohnCrypto,,2020-11-28
Rotimrey,Rotim,,2020-11-28
Pratyus45785567,Pratyush Srivastava,,2020-11-28
Faicelwa123,Faissalewac ğŸ˜,Morocco,2020-11-28
GraphicSamHD,GraphicSam,Nederland,2020-11-28
adama_adama56,Adama,,2020-11-28
RedgmanNyc,RedGman NYC,"New York, NY",2020-11-28
First_Touch,First Touch soccer magazine,United States,2020-11-28
FlexyJay9,Flexy Jay,"Benue, Nigeria",2020-11-28
FootTheBall,FootTheBall,Locker Room,2020-11-28
ImeIme01,Ime Ime,,2020-11-28
Doald12,Doald,,2020-11-28
jobs_language,Jobs in Europe,,2020-11-28
meeermudasir,Pooout ğŸ¥,Kashmir,2020-11-28
coky_find,Find to my coky,æ—¥æœ¬,2020-11-28
anaentreletras,ğŸ–ï¸ Ana SÃ¡nchez Asenjo,Madrid (en ğŸ¡),2020-11-28
CryptoService1,Crypto Service,,2020-11-28
BitgameGlobal,Bitgame,,2020-11-28
Abed94684214,A B E D ğŸ’™,"Ø§Ù„Ø´Ø±Ù‚ÙŠØ©, Ù…ØµØ±",2020-11-28
bolt_east,Bolt Arabic,,2020-11-28
tradureyes,Reyes Bermejo Mozo,Madrid (EspaÃ±a),2020-11-28
oloriqozim1,Omowunmi Ganiyat,,2020-11-28
realMcFlappy,#Charlie,"Saratoga Springs, NY",2020-11-28
0laqozim,QOZIM,,2020-11-28
AlitmrAli,Ali (TMR),,2020-11-28
mdelgadolla,Montse Delgado Llavina,Barcelona,2020-11-28
Vacays4U,Vacays4U,Georgia,2020-11-28
FairPlay_India,FairPlay,,2020-11-28
unisportlife,unisportlife,Copenhagen,2020-11-28
RitaHoyos2,Rita Hoyos,,2020-11-28
fiston28,Stephan Dragon,Haiti,2020-11-28
N15ranjanS,Niranjan S,"Kerala, India",2020-11-28
larshendel,Lars Hendel,Denmark,2020-11-28
Fer_CM93,Fernando Carrero,Valencia,2020-11-28
IanZAMMIT_sci,Ian ZAMMIT,,2020-11-28
AmarachiKanu7,Amarachi Kanu,,2020-11-28
Blabentsport,Blabent,Madrid Spain,2020-11-28
Blabentsport,Blabent,Madrid Spain,2020-11-28
mdhamim1226,Md Hamim,"Dhaka, Bangladesh",2020-11-28
alexandraSA_,Alexandra,"Lleida, EspaÃ±a",2020-11-28
easyodds,Easyodds.com,"Leeds, England",2020-11-28
MohitCh78817319,Mohit Chawla,,2020-11-28
horchani_nafaa,nafaa horchani,,2020-11-28
anveeman,Anvee Man,Bangladesh,2020-11-28
RidmaUpekshana,Ridma Upekshana,Sri Lanka,2020-11-28
BettingKick,Betting Kick,"London, England",2020-11-28
Ma_nuel_007,Manuelâ¤ï¸ğŸ‡³ğŸ‡¬ğŸ‡³ğŸ‡¬,"Benin City, Nigeria",2020-11-28
NEILSHOTDEALS,NEILSHOTDEALS,Islip New York,2020-11-28
OneTripatTime,One Trip at a Time,"Nova Scotia, Canada",2020-11-28
EuroSavant,ğ•°ğ–šğ–—ğ–”ğ•¾ğ–†ğ–›ğ–†ğ–“ğ–™,,2020-11-28
GodwinKanu7,Godwinlowski,,2020-11-28
DenaroFreeBets,Denaro,Lagos/Owerri,2020-11-28
Redpompom1,Red Pom Pom,,2020-11-28
AbdulChifado,Abdul-latif Chifado,"Accra, Ghana",2020-11-28
Connorbennett10,Connor Bennett,"Framlingham, England",2020-11-28
thesportsgeek__,Sports Geek,,2020-11-28
CasinoSieger,Casino Sieger,facebook.com/CasinoSieger,2020-11-28
MSTV_CH,MSTV.CH,Republic of Croatia,2020-11-28
coky_find,Find to my coky,æ—¥æœ¬,2020-11-28
PrinceIssac14,Prince Issac,,2020-11-28
mserarols,Marc,Barcelona,2020-11-28
MrOneXMind,ğŸ‘¨ğŸ½ King One X ğŸ‡³ğŸ‡¬ ğŸ™ŒğŸ½ #EndSARS,ğŸ“§- OneXMinds@gmail.com,2020-11-28
Rafixxy,May Success Filled Your Life,"Ibadan, Nigeria.",2020-11-28
Yorubaboyyy,Darklord,Nigeria,2020-11-28
opeolu_wa,BISHOPğŸ‡¨ğŸ‡¦,,2020-11-28
House007Light,LightHouse007,,2020-11-28
twelfthman_ofcl,Twelfth Man Official,India,2020-11-28
eljoan,eljoan,"Barcelona, Spain",2020-11-28
g_pharez,Pharez_G,Nigeria,2020-11-28
10_chiboy,Chiboy,,2020-11-28
iam_diligent,iamdiligent,,2020-11-28
Goldenboy102,I. God'swill,,2020-11-28
LeicaUEC,UEC,"Barcelona, CataluÃ±a",2020-11-28
iampiusfelix,Felix Pius,Nigeria,2020-11-28
tmj_spn_eng,TMJ-SPN Engin. Jobs,Spain,2020-11-28
SoccerParlour,Soccer Parlour,,2020-11-28
chiswick7,No Lycra Cycling,"London, England",2020-11-28
TallerGingell,Taller Gingell Ceramics,"Barcelona, Spain",2020-11-28
BlogHedonista,Blog HedonistaÂ® by JosÃ© MarÃ­a Toro,"Barcelona, EspaÃ±a",2020-11-28
isptechnologies,ISP Technologies,"Waterford, MI",2020-11-28
horchani_nafaa,nafaa horchani,,2020-11-28
H_SmileLin,H. SmileLin,B1G TEN USA,2020-11-28
coldAnalysis,Couch_Coach,Somewhere on the Pitch,2020-11-28
Scieducation1,sciencenews,,2020-11-28
OnlyTips3,OnlyTips,,2020-11-28
ehatourist,Travel Tweets from Everybody Hates A Tourist,"Earth, probably",2020-11-28
astonmead,Aston Mead Land,London & Home Counties,2020-11-28
BTA_tennis,BTA,Spain,2020-11-28
ze_footballboy,footballboy,,2020-11-28
tmj_spn_jobs,TMJ-SPN Jobs,Spain,2020-11-28
SpainMMG,Spain in English,Spain,2020-11-28
SinohuiAdelina,ğŸ¾Black Cats Are Just Miniature Panthers ğŸ¾,,2020-11-28
Supergooal1,Supergooal,,2020-11-28
adel_intelrail,Adel,,2020-11-28
bettingmetrics,Betting.com,"London, UK",2020-11-28
Big5Casino,Big5 Casino,,2020-11-28
PaulLeo2020,Paul Leon,Germany,2020-11-28
kennyoamusan,WHISPER,WHISPERVILLE,2020-11-28
JuriMaier8,Juri Maier,,2020-11-28
py_data_sci,Python for Data Science,,2020-11-28
LoyaltyBcn,Loyalty Tattoo Bcn,"Barcelona, c/Vallfogona 10",2020-11-28
epuujee,Purevdorj Enkhjargal,Mongolia,2020-11-28
INOMICS,INOMICS,Worldwide,2020-11-28
thisisoggy,Mr.Oggy ğŸ¾,,2020-11-28
NanaAdwoaP__,Nana Adwoa Pomaah,"Kumasi,Ghana",2020-11-28
crystal_cann,~CrystalLMcCann~,,2020-11-28
SokoMatemai,Marshall Zivashe Muchenje,"Harare,Zimbabwe",2020-11-28
GoHereNext,Go Here Next,,2020-11-28
coky_find,Find to my coky,æ—¥æœ¬,2020-11-28
AO_Sports,AhramOnlineSports,"Cairo, Egypt",2020-11-28
TSome95,TroubleSome95ğŸ‘½,,2020-11-28
netbuzzafrica,Netbuzz Africa,Africa,2020-11-28
Privy_Official,Barca~maniac âš½ï¸,"Winterfell, Westeros",2020-11-28
EmmaBennett29,Emma Bennett,"Worthing, England",2020-11-28
natilyboo,natsolano,,2020-11-28
sportsadda_,SportsAdda,,2020-11-28
InsideSportIND,InsideSport,"à¤¨à¤ˆ à¤¦à¤¿à¤²à¥à¤²à¥€, à¤­à¤¾à¤°à¤¤",2020-11-28
Dmeister89,Debjit Majumder,,2020-11-28
SportsCardBOT,SportsCardBOT,,2020-11-28
cinecity_bton,CINECITY,"Brighton, UK",2020-11-28
RealHumptyB,President-Elect Humpty Bumpty,"London, Eastbourne. No DMs, call me.",2020-11-28
SciTechDiploHub,SciTech DiploHub,Greater Barcelona,2020-11-28
jenkers_en,Jenkers News (ENG),San Francisco,2020-11-28
expertvillas,expertvillas,"Costa Blanca, Spain",2020-11-28
twelfthman_ofcl,Twelfth Man Official,India,2020-11-28
SuchiaG,Suchia Garzaâš¡,,2020-11-28
miriamcancelli1,miriam cancellieri,,2020-11-28
menelik40,Giuseppe Ce.,"Salerno, Campania",2020-11-28
interpretaatioo,Henry LÃ­u,,2020-11-28
NowgoalScore,Nowgoal Livescore,,2020-11-28
Jellyfish_tacos,Joel,,2020-11-28
betnomi1,Betnomi,Fransche Bloemweg 4 Willemstad,2020-11-28
breakersclubas1,breakersclubasia,"Osaka, Japan",2020-11-28
AlbertDalmau,Albert Dalmau,Barcelona,2020-11-28
nve___,Noelia,,2020-11-28
JordiValls13,Jordi Valls,Barcelona ,2020-11-28
GallardoJags,Jose Antonio Gallardo Sueiro,"MatarÃ³, EspaÃ±a",2020-11-28
celiaricoperez,celia rico,,2020-11-28
mariana_kremser,Mariana Kremser (Mircea ),United States of Europe. ğŸ’šğŸŒ,2020-11-28
BarcaMedia,Barca Media ğŸ™,,2020-11-28
JaroslawMarciuk,Jaroslaw Marciuk â˜•ï¸ Call me Jaro,Cambridge,2020-11-28
MayorsOfEurope,Mayors of Europe,,2020-11-28
isabelroigc,Isabel Roig Casas,Catalunya,2020-11-28
spm_travelphoto,Stefano Politi Markovina,"Barcelona, Spain",2020-11-28
ellchizz,Emmanuel,"Lagos, Nigeria",2020-11-28
BarcelonaBoy71,Nikesh Maharjan,Kirtipur ,2020-11-28
BeyondBCN,Pere Alzina,Barcelona,2020-11-28
graffiti_bot,graffiti_bot,,2020-11-28
73ADbU9e0OFunce,ĞĞ»ÑŒĞ³Ğ°,,2020-11-28
iamOwoahene_Jnr,Owoahene Jnr ğŸ‘‘,"Ashanti, Ghana",2020-11-28
damlesky09,lesky,Nigeria,2020-11-28
coky_find,Find to my coky,æ—¥æœ¬,2020-11-28
akshat_one,Akshat Singhal,"Noida, India",2020-11-28
Reveal_House,Reveal House Press,"Boise, ID",2020-11-28
theturffootball,turf Football,,2020-11-28
Wallspot_org,wallspot,,2020-11-28
Dermot_Golf,Dermot Synnott,,2020-11-28
MarcusM83249397,Marcus Matthews,,2020-11-28
SportMobApp,SportMob,"Dubai, United Arab Emirates â¤",2020-11-28
fleurhols,fleur hols,"Barcelona, Spain.",2020-11-28
BelfortCentre,Belfort Language centre,Barcelona,2020-11-28
MFitoColomer,Montse FitÃ³,,2020-11-28
phonk88,phonk88 $ TXL Astronaut,,2020-11-28
twelfthman_ofcl,Twelfth Man Official,India,2020-11-28
coky_find,Find to my coky,æ—¥æœ¬,2020-11-28
NewsBytesApp,NewsBytes,"Gurgaon, Haryana",2020-11-28
MARCO26964079,MARCO,,2020-11-28
13Gren13,ĞœĞ¸Ñ…Ğ°Ğ¸Ğ»,,2020-11-28
pnxbet_com,PNXBET,,2020-11-28
PSG24hours,PSG en Direct ğŸŒ,Parc des Princes,2020-11-28
Rosa_M_Herrera,Rosa M Herrera,,2020-11-28
mr_kustomized,Troublemaker Mu King KongğŸ˜‚,Accra Ghana,2020-11-28
mykhelcom,myKhel.com,Bengaluru,2020-11-28
MARCO26964079,MARCO,,2020-11-28
BcnVIPtour,VIP BCN Tour Guides,"Av: Pau Casals, 38, 2Âº,5Âª, BCN",2020-11-28
carlosdjomo,Carlos Djomo,,2020-11-28
wesleybaker,Wesley Baker,World-Wide,2020-11-28
Mercatimmo,Mercat Immobiliari,"Barcelona, CataluÃ±a",2020-11-28
Glo0305,Glo,,2020-11-28
AppleRTweet,AppleRetweetBot,From the Cloud,2020-11-28
UweMuegge,Uwe Muegge,"Mountain View, CA",2020-11-28
MisuMisuRecords,Misu Misu Records,"Marbella, EspaÃ±a",2020-11-28
SensationApartm,Sensation Apartments,Barcelona,2020-11-28
ashit5,ashit,,2020-11-28
NomadicBrits,Look at our World,Currently in the UK,2020-11-28
RaverCrypto,Crypto_Raver,,2020-11-28
MoAtta19,Mo Atta,,2020-11-28
pods_sports,90minute Stats,,2020-11-28
Maitre_Dapo,Ola,Lagos,2020-11-28
maitre_derek,Emperor,,2020-11-28
maitre_emperor,Brownskingirl,"Lagos, Nigeria",2020-11-28
oniasooke,The Royal Asooke,"Lagos, Nigeria",2020-11-28
predictionlg,Prediction League,"Lagos, Nigeria",2020-11-28
Bolt_Global,BOLT âš¡ï¸,Global,2020-11-28
JorgePratscher,JorgeBravoPratscher,"Barcelona, Spain",2020-11-28
Interwetten_ng,Interwetten.ng,,2020-11-28
ice_yoi,â„ï¸ğŸ’ICEâ›¸ï¸ADOLESCENCEâ€¢ãƒ¦ãƒ¼ãƒª!!! on ICEâ€¢ğŸ¥‡â„ï¸â›¸ï¸ğŸ’™ğŸ’œ,the beautiful crackhouse,2020-11-28
HfutbolW,#ENDASUUSTRIKE | Hfutbol World,,2020-11-28
coky_find,Find to my coky,æ—¥æœ¬,2020-11-28
Konducta4LFE,John Cancilla84ğŸŒ¹,"Lascari, Sicily",2020-11-28
Konducta4LFE,John Cancilla84ğŸŒ¹,"Lascari, Sicily",2020-11-28
Outlookindia,Outlook Magazine,"New Delhi, India",2020-11-28
BobbyPrica,ğŸ‡¨ğŸ‡¦~Bobby P~ğŸ‡­ğŸ‡· COYS!!!!! HABS!!!!!! Moonshiners,"43.223158,-79.770233",2020-11-28
Garacod,world peace,,2020-11-28
studioshuko,studioshuko,"Barcelona, Spain",2020-11-28
GFoodieFriends,#GlobalFoodieFriends,Worldwide,2020-11-28
coky_find,Find to my coky,æ—¥æœ¬,2020-11-28
jobely,Jobely.com,USA,2020-11-28
bigezdaddy2017,Alfred Moesker - CASH stakepool,"Barcelona, Spain",2020-11-28
miss_olive47,olive47,L.A.  London  Atlanta  L.A.,2020-11-28
TravelExpanse,Travel Expanse,"Chicago, IL",2020-11-28
SputnikInt,Sputnik,,2020-11-28
innovarkitect,innovarquitectura,,2020-11-28
innovarkitect,innovarquitectura,,2020-11-28
innovarkitect,innovarquitectura,,2020-11-28
innovarkitect,innovarquitectura,,2020-11-28
innovarkitect,innovarquitectura,,2020-11-28
innovarkitect,innovarquitectura,,2020-11-28
innovarkitect,innovarquitectura,,2020-11-28
innovarkitect,innovarquitectura,,2020-11-28
innovarkitect,innovarquitectura,,2020-11-28
innovarkitect,innovarquitectura,,2020-11-28
innovarkitect,innovarquitectura,,2020-11-28
innovarkitect,innovarquitectura,,2020-11-28
innovarkitect,innovarquitectura,,2020-11-28
innovarkitect,innovarquitectura,,2020-11-28
innovarkitect,innovarquitectura,,2020-11-28
innovarkitect,innovarquitectura,,2020-11-28
innovarkitect,innovarquitectura,,2020-11-28
innovarkitect,innovarquitectura,,2020-11-28
innovarkitect,innovarquitectura,,2020-11-28
innovarkitect,innovarquitectura,,2020-11-28
innovarkitect,innovarquitectura,,2020-11-28
innovarkitect,innovarquitectura,,2020-11-28
innovarkitect,innovarquitectura,,2020-11-28
innovarkitect,innovarquitectura,,2020-11-28
innovarkitect,innovarquitectura,,2020-11-28
innovarkitect,innovarquitectura,,2020-11-28
innovarkitect,innovarquitectura,,2020-11-28
innovarkitect,innovarquitectura,,2020-11-28
innovarkitect,innovarquitectura,,2020-11-28
innovarkitect,innovarquitectura,,2020-11-28
innovarkitect,innovarquitectura,,2020-11-28
innovarkitect,innovarquitectura,,2020-11-28
innovarkitect,innovarquitectura,,2020-11-28
innovarkitect,innovarquitectura,,2020-11-28
innovarkitect,innovarquitectura,,2020-11-28
innovarkitect,innovarquitectura,,2020-11-28
innovarkitect,innovarquitectura,,2020-11-28
innovarkitect,innovarquitectura,,2020-11-28
innovarkitect,innovarquitectura,,2020-11-28
innovarkitect,innovarquitectura,,2020-11-28
innovarkitect,innovarquitectura,,2020-11-28
innovarkitect,innovarquitectura,,2020-11-28
innovarkitect,innovarquitectura,,2020-11-28
innovarkitect,innovarquitectura,,2020-11-28
innovarkitect,innovarquitectura,,2020-11-28
innovarkitect,innovarquitectura,,2020-11-28
innovarkitect,innovarquitectura,,2020-11-28
MihaiHristea,Mihai Hristea,,2020-11-28
Hany_jean,Rocky D Antonio,Norway_Oslo,2020-11-28
breaknnews1,Break'n News,United States,2020-11-28
pods_sports,90minute Stats,,2020-11-28
AlexCimaMusic,Alex Cima,,2020-11-28
nsereko_baker,Nsereko Baker,"Kabale, Uganda",2020-11-28
Mboss45732084,Fairtrade,,2020-11-28
AnnShirry,Shirry ann,,2020-11-28
HuberMargarethe,Margaret Huber,Global,2020-11-28
RMCostel,MadridistaCostelğŸ‡·ğŸ‡´,"Phoenix, AZ",2020-11-28
N_mdawi,Nasser,,2020-11-28
RoFtbl,Romanian football,,2020-11-28
allaboutfcb,ğ˜¼ğ™¡ğ™¡ğ˜¼ğ™—ğ™¤ğ™ªğ™©ğ™ğ˜¾ğ˜½ğ™–ğ™§ğ™˜ğ™šğ™¡ğ™¤ğ™£ğ™–,,2020-11-28
AlePanfil,Alejandro Panfil,Buenos Aires,2020-11-28
guerradelsxxi,Guerra Total,EspaÃ±a,2020-11-28
trendsmetadata,data about data,,2020-11-28
_AlongeOmolola,HÃ©ctor D'AndrÃ© l'omo l'Ã¡ ti'lÃ¨ğŸ™…ğŸ˜ğŸ‡³ğŸ‡¬,,2020-11-28
somenathpaul_,S O M E N A T H,"West Bengal, ğŸ‡®ğŸ‡³",2020-11-28
TebbsTebbutt,Simon Tebbutt,"Loughborough, England",2020-11-28
allaboutfcb,ğ˜¼ğ™¡ğ™¡ğ˜¼ğ™—ğ™¤ğ™ªğ™©ğ™ğ˜¾ğ˜½ğ™–ğ™§ğ™˜ğ™šğ™¡ğ™¤ğ™£ğ™–,,2020-11-28
nsereko_baker,Nsereko Baker,"Kabale, Uganda",2020-11-28
DanButcher2,Dan Butcher,New York City,2020-11-28
_perzldn,Alejandro ğŸ‡­ğŸ‡³,"London, England",2020-11-28
allaboutfcb,ğ˜¼ğ™¡ğ™¡ğ˜¼ğ™—ğ™¤ğ™ªğ™©ğ™ğ˜¾ğ˜½ğ™–ğ™§ğ™˜ğ™šğ™¡ğ™¤ğ™£ğ™–,,2020-11-28
elliotdeejay,Elliot,"Barcelona, Catalonia, Spain",2020-11-28
fmtoday,Free Malaysia Today,Malaysia,2020-11-28
CorkDC,Cork Wine Bar and Market,"1805 14th Street, NW",2020-11-28
Dan_Fuller1,DanF,,2020-11-28
KhalidAwatty,âœŒğŸ½ Let's go,SD,2020-11-28
ThatPepes,ThatPepe,"Guadalajara, Jalisco",2020-11-28
RMabawa,Someone's Son â˜¯,"Johannesburg, South Africa",2020-11-28
nsereko_baker,Nsereko Baker,"Kabale, Uganda",2020-11-28
vgcancino,Guillermo Cancino,"Regina, Saskatchewan",2020-11-28
cottila,David Cottila,"Tallinn, Estonia",2020-11-28
Mia_Di_,miadi,SF - NY,2020-11-28
Abdl_al_Qadir,Abbaty,"Bauchi, Nigeria",2020-11-28
quadriinvention,Togetherness,Lagos,2020-11-28
fan_stands,The Fan Stands,"Karachi, Pakistan",2020-11-28
quadriinvention,Togetherness,Lagos,2020-11-28
itsTundexyfied,GODfident Citizen ğŸ¤—,somewhere on earth,2020-11-28
abhiL22,Abhishek Lakhotra,,2020-11-28
Toluvictor5,Toluvictor,,2020-11-28
deadsh0tt17,Sheikh Noor,"Raipur, India",2020-11-28
Vazquez_Pollo10,FiDe âš½,,2020-11-28
deadsh0tt17,Sheikh Noor,"Raipur, India",2020-11-28
Toluvictor5,Toluvictor,,2020-11-28
CouncilLogic,Council estate logic,Cul de sac,2020-11-28
Dotun_T,Tunde ednut,Robin hood,2020-11-28
BretstaFesta,Bretsta1876,Stakeford ,2020-11-28
izito10,Blogueur ğŸ’»ğŸ“±,,2020-11-28
joka187899,Joka187899,,2020-11-28
madridista_momi,Murtaza,Faisalabad,2020-11-28
SynthwaveBot,á”•Yá‘Tá•¼á—¯á—©á¯E á—·OT,,2020-11-28
MadridChoudhary,Real Madrid Choudhary,"Community of Madrid, Spain",2020-11-28
AndrewLeonard75,Andrew Leonard,Southcoast UK,2020-11-28
theLadphoenix,phoenix ğŸ¦…,"Lagos, Nigeria",2020-11-28
AliKahaei,Ali Kahaei,"Helsinki, Finland",2020-11-28
GrangersRecruit,Hassan Salihuâ„¢ï¸,Nigeria,2020-11-28
playpongis,Pongis,Japan,2020-11-28
farhanbutt150,Farhan Butt ğŸ‡µğŸ‡°,"Sialkot, Pakistan",2020-11-28
OPohibko,Oleksandr PohibkoğŸ‡ºğŸ‡¦ğŸ“—ğŸš´â€â™‚ï¸ğŸ¶,Ukraine,2020-11-28
N15ranjanS,Niranjan S,"Kerala, India",2020-11-28
fishycatmuncher,fishycatmuncher,,2020-11-28
WeeFatShug,WeeFatShug,Dreech Na'drookit,2020-11-28
ArvindS00566505,Arvind Sharma,,2020-11-28
NhyirabaNanaKo3,Nhyiraba Nana Kofi,"Accra, Ghana",2020-11-28
GiantsNYY311,Carlos,Earth,2020-11-28
BachelorLegend,Kabindra Koirala,Kathmandu,2020-11-28
FootyZoneNet,FootyZone.net,,2020-11-28
Animntikwameke1,Animntikwamekenneth000@gmail.com,,2020-11-28
amiable_ayo,SALAMI AYOMIDE DANIELğŸ’¡,"Ibadan, Nigeria",2020-11-28
JoshuaDavidLee1,Joshua David Lee,"Charlotte, NC",2020-11-28
iHady_,ğ•³ğ–†ğ–‰ğ– ğ•²ğ–ğ–†ğ–“ğ–‰ğ–”ğ–šğ–—,Bekaa - Lebanon ,2020-11-28
thesubasj7,à¤¸à¥à¤µà¤¾à¤¸ à¤—à¥Œà¤²à¥€,"Kathmandu, Nepal",2020-11-28
TheresaRyley,Theresa Ryley,Aberystwyth,2020-11-28
footballtodayke,Football Today Show,,2020-11-28
SoccerScoop2,Soccer Scoop,,2020-11-28
donohoe_kevin,Kevin Donohoe,Derry city,2020-11-28
mejja_mwangi,Mejja wa GITUGI,"Nairobi, Kenya",2020-11-28
1MrHarding,IG - @IAMMRHARDING,"ÃœT: 53.438425,-2.215451",2020-11-28
Madhavghimire94,Madhav Ghimire,Nepal,2020-11-28
emmz_emmanuel,emmanuel emmz smith,"Moscow, Russia",2020-11-28
CanadaVijay,Canadian ThalapathyğŸ,Canada,2020-11-28
thesubasj7,à¤¸à¥à¤µà¤¾à¤¸ à¤—à¥Œà¤²à¥€,"Kathmandu, Nepal",2020-11-28
ArvindS00566505,Arvind Sharma,,2020-11-28
Sportshere2,Sportshere,,2020-11-28
Hany_jean,Rocky D Antonio,Norway_Oslo,2020-11-28
IamAhmedTariq,ã€‹~Mematic Study ã‚·âš˜ã‚·âš˜,"Islamabad, Pakistan",2020-11-28
iz4ckchan_,Repulse,,2020-11-28
srodfathulla,Srod Fathulla,"Almere, The Netherlands",2020-11-28
Adhiitt07,Adhiitt,,2020-11-28
Monil_10,Monil Modi,"Bharuch, India",2020-11-28
mundobarcarg,Mundo BarÃ§a - ARG ğŸ‡¦ğŸ‡·,Argentina,2020-11-28
Vihaan_3,Vihaan,Mumbai,2020-11-28
HodzaEmir,Emir Hodzic,Tokyo - Helsinki,2020-11-28
Adjivic,Eric Eli Adzie,HO,2020-11-28
patrickezemba,patrick ezemba,,2020-11-28
tonyjustin,Antony Vivek Justin,,2020-11-28
FtmFuttrading,Ftm_futtrading,,2020-11-28
valonmehmedovic,Lonie,,2020-11-28
Subhaji13201526,Subhajit Nandi,Kolkata,2020-11-28
HfutbolW,#ENDASUUSTRIKE | Hfutbol World,,2020-11-28
Adjivic,Eric Eli Adzie,HO,2020-11-28
enyohere,Zee,,2020-11-28
furher_hitler,guadalupe mendozza,nairobi kenya,2020-11-28
Hany_jean,Rocky D Antonio,Norway_Oslo,2020-11-28
Akki78748284,Akki â™ ï¸,"Tardeo, Mumbai",2020-11-28
thesubasj7,à¤¸à¥à¤µà¤¾à¤¸ à¤—à¥Œà¤²à¥€,"Kathmandu, Nepal",2020-11-28
alex_monson_777,alex monson,,2020-11-28
chriscomben,The English Klose,Surrey - fanar fanar,2020-11-28
GolAlerta,Alerta Gol,"Coya, Chile",2020-11-28
hamzaniaz_143,HAMZA NIAZ,"Islamabad, Pakistan",2020-11-28
Khangwi_ino,venda_Rockstar, Joburg ,2020-11-28
sean_siege,Siege Is Sean,,2020-11-28
techyfarhan,Farhan Khan,"Rajnandgaon, India",2020-11-28
BumperGraham,Graham Hunter,La Liga and La Roja,2020-11-28
ajaxforeverever,Ajacied in de VS âŒâŒâŒ,United States,2020-11-28
SiphiweGtz10,IG: General_10 â¤ï¸,Some where around the world,2020-11-28
b_a_nights,Barcelona Alternative Nights,"Barcelona, CataluÃ±a",2020-11-28
rt_Premier,#premierleague,North london - coyg,2020-11-28
sebastiansantag,Sebastian Santacruz A.,,2020-11-28
rbits,rbits,,2020-11-28
sodiqdemo,sodiqdemo,Everywhere,2020-11-28
MrSigane,Abdullahi Abdirahman Ali(SIGANE),Uganda-Kampala,2020-11-28
GiantsNYY311,Carlos,Earth,2020-11-28
Cashiodedemure,CHB_ğŸ’,Twitter Streets,2020-11-28
CliffNyeusi,Cliff Nyeusi Manchester United ğŸ›‘âš½,Heaven,2020-11-28
cricket_blood44,Thomas Shelby OBE,,2020-11-28
mnaufalas,á®á®¥á®”á®ªá®“ á®á®”á®¤,"Sukabumi, INDONESIA",2020-11-28
kingfive2,kingfaisalGH,United States,2020-11-28
Mpho_KO,MpHo14,"Johannesburg, South Africa",2020-11-28
LovneshB,Lovnesh,Switzerland,2020-11-28
CliffNyeusi,Cliff Nyeusi Manchester United ğŸ›‘âš½,Heaven,2020-11-28
AbbasAbubakar98,aÊ€Ğ¼in,"Bauchi, Nigeria",2020-11-28
EsmailAzari1,Esmail Azari,,2020-11-28
livescore,LiveScore,URL,2020-11-28
JoeSports11,JoeSportsÂ®,// We are Everywhere //,2020-11-28
Ashgon23,Aksshat Goel (from ğŸ ),India,2020-11-28
rt_Premier,#premierleague,North london - coyg,2020-11-28
woli2017,(# 214 bei BÃ¶hmermann) gab.ai/woli2017,,2020-11-28
rt_Premier,#premierleague,North london - coyg,2020-11-28
MuzomhleM,Bhambatha,Pretoria /Durban  SA.,2020-11-28
rt_Premier,#premierleague,North london - coyg,2020-11-28
rt_Premier,#premierleague,North london - coyg,2020-11-28
elliotdeejay,Elliot,"Barcelona, Catalonia, Spain",2020-11-28
Khangwi_ino,venda_Rockstar, Joburg ,2020-11-28
rt_Premier,#premierleague,North london - coyg,2020-11-28
rt_Premier,#premierleague,North london - coyg,2020-11-28
rt_Premier,#premierleague,North london - coyg,2020-11-28
Teslima2000,"Chijoke, murdered by CSP Nwafor #Endsars","Akure, Nigeria",2020-11-28
rt_Premier,#premierleague,North london - coyg,2020-11-28
rt_Premier,#premierleague,North london - coyg,2020-11-28
matinbromand,Matin Bromand,Waterloo,2020-11-28
rt_Premier,#premierleague,North london - coyg,2020-11-28
sheriannekay,Out of Office Travel Blog,"San Diego, CA",2020-11-28
gravydinner1,GravyDinner,Parler: @GravyDinner,2020-11-28
rt_Premier,#premierleague,North london - coyg,2020-11-28
iotforall,IoT For All,United States,2020-11-28
rt_Premier,#premierleague,North london - coyg,2020-11-28
deportesWRADIO,W Deportes,Tlalpan 3000,2020-11-28
Deadlywolf007,Rushan khan,,2020-11-28
rt_Premier,#premierleague,North london - coyg,2020-11-28
rt_Premier,#premierleague,North london - coyg,2020-11-28
rt_Premier,#premierleague,North london - coyg,2020-11-28
steve22England,Steve England,"New York, England",2020-11-28
UnderYourTree,Barbara B,"Ryde, Isle of Wight",2020-11-28
Deadlywolf007,Rushan khan,,2020-11-28
rt_Premier,#premierleague,North london - coyg,2020-11-28
rt_Premier,#premierleague,North london - coyg,2020-11-28
Troyboateng,T r o y ğŸ‘¨ğŸ¾â€ğŸ’»,Ghana,2020-11-28
8sSJQR7PMxoXc8I,Ø¢Ø±Ø§Ú¯ÙˆØ±Ù† Ù¾Ø³Ø± Ø¢Ø±Ø§ØªÙˆØ±Ù†,,2020-11-28
ThierryDuchemin,Thierry Duchemin,"ParÃ­s, Francia",2020-11-28
N15ranjanS,Niranjan S,"Kerala, India",2020-11-28
ElamoNab,ELRAMO,,2020-11-28
steve22England,Steve England,"New York, England",2020-11-28
Livfooty1,Livfooty,,2020-11-28
Kwesi_Oteng1,#HommieğŸ­âš¡ï¸,"Tema, Ghana /west Africa ",2020-11-28
rt_Premier,#premierleague,North london - coyg,2020-11-28
Troyboateng,T r o y ğŸ‘¨ğŸ¾â€ğŸ’»,Ghana,2020-11-28
witty_futty,Witty Futty,,2020-11-28
man_ball7,ManBall,,2020-11-28
wittyfutty,WittyFuttyâš½ï¸,,2020-11-28
proftehartem1,Ğ˜Ğ²Ğ°Ğ½Ñ‡ĞµĞ½ĞºĞ¾ ĞÑ€Ñ‚Ñ‘Ğ¼,"ĞšÑƒÑ€ÑĞºĞ°Ñ Ğ¾Ğ±Ğ»Ğ°ÑÑ‚ÑŒ, Ğ Ğ¾ÑÑĞ¸Ñ",2020-11-28
champion_footy,ChampionFooty,,2020-11-28
rt_Premier,#premierleague,North london - coyg,2020-11-28
Pandoras_ask,Pandoras ask,,2020-11-28
rt_Premier,#premierleague,North london - coyg,2020-11-28
HertzJulius,Crystal Julius Jude,"Kampala, Uganda",2020-11-28
LebogangSeale,Persona non grata,Johannesburg - Tzaneen ,2020-11-28
AlineOzturk3,AlineO ğŸ‡§ğŸ‡· Gulag Inmate 20.253 US/GER,"SÃ£o Paulo, Brasil",2020-11-28
TheTheGrinch7,FalconCrest,Mount Crumpit,2020-11-28
NeeNawtogirls,what concerns me,,2020-11-28
rt_Premier,#premierleague,North london - coyg,2020-11-28
Troyboateng,T r o y ğŸ‘¨ğŸ¾â€ğŸ’»,Ghana,2020-11-28
ToniQuedd,Tom,,2020-11-28
Halwitter,Sumit Haldar (New Account),,2020-11-28
ShSalahedin,Sherif Salah,"Dubai, United Arab Emirates",2020-11-28
13Gren13,ĞœĞ¸Ñ…Ğ°Ğ¸Ğ»,,2020-11-28
Turandot2016,Silver Wheel ğŸ‡¬ğŸ‡§ ğŸ´ó §ó ¢ó ¥ó ®ó §ó ¿,South West England,2020-11-28
ShSalahedin,Sherif Salah,"Dubai, United Arab Emirates",2020-11-28
antov2401,antonellav,,2020-11-28
IamSagorSrk,Nahidul Islam Sagor Srk,FOLLOWS YOU,2020-11-28
KingOfUyo,KingOfUyoğŸ“¸ğŸ’¡ğŸ‘¿,Nigeria,2020-11-28
gregb100,Greg,"South East, England",2020-11-28
innovarkitect,innovarquitectura,,2020-11-28
innovarkitect,innovarquitectura,,2020-11-28
innovarkitect,innovarquitectura,,2020-11-28
innovarkitect,innovarquitectura,,2020-11-28
innovarkitect,innovarquitectura,,2020-11-28
innovarkitect,innovarquitectura,,2020-11-28
innovarkitect,innovarquitectura,,2020-11-28
innovarkitect,innovarquitectura,,2020-11-28
innovarkitect,innovarquitectura,,2020-11-28
innovarkitect,innovarquitectura,,2020-11-28
innovarkitect,innovarquitectura,,2020-11-28
innovarkitect,innovarquitectura,,2020-11-28
innovarkitect,innovarquitectura,,2020-11-28
yardyutee,â˜ƒï¸Janobarzâ¶ğ“…“ R.Barz/Rebel6ixx fan act.ğŸ•¯ğŸ•Š CleoÂ®ï¸,"Laba L.F Choiseul, Saint Lucia",2020-11-28
innovarkitect,innovarquitectura,,2020-11-28
DoblasReyes,Francisco J. Doblas-Reyes,,2020-11-28
innovarkitect,innovarquitectura,,2020-11-28
RoyalLucian,ğŸ‡±ğŸ‡¨TriniLucian,"Pearland, TX",2020-11-28
innovarkitect,innovarquitectura,,2020-11-28
innovarkitect,innovarquitectura,,2020-11-28
innovarkitect,innovarquitectura,,2020-11-28
innovarkitect,innovarquitectura,,2020-11-28
innovarkitect,innovarquitectura,,2020-11-28
STradingPost1,STradingPost,The North,2020-11-28
innovarkitect,innovarquitectura,,2020-11-28
innovarkitect,innovarquitectura,,2020-11-28
innovarkitect,innovarquitectura,,2020-11-28
innovarkitect,innovarquitectura,,2020-11-28
innovarkitect,innovarquitectura,,2020-11-28
innovarkitect,innovarquitectura,,2020-11-28
innovarkitect,innovarquitectura,,2020-11-28
innovarkitect,innovarquitectura,,2020-11-28
innovarkitect,innovarquitectura,,2020-11-28
innovarkitect,innovarquitectura,,2020-11-28
innovarkitect,innovarquitectura,,2020-11-28
Clairol52,Claire Huntley Illustration,"London, England",2020-11-28
katerpac,2pac's white son,,2020-11-28
jonr7007,Jonathan Rodrigues ğŸœ,"Boston, MA",2020-11-28
kute_abhijeet,Abhijeet Kute,,2020-11-28
4ver_madridista,papa PEREZ,,2020-11-28
Adasity_,~,,2020-11-28
hxfnr,plakajot,Durres,2020-11-28
Saym3s,SiRliM ğŸ¦,Maldives,2020-11-28
Gibsonsparta1,Gibsonkk,,2020-11-28
mselayan,Elayan,Earth-Sol-Orion Arm-Milky Way,2020-11-28
JJasuja,Jayant Jasuja,Jabalpur,2020-11-28
OmarianoOmari,Omariano Omari,Nairobi,2020-11-28
FarEasterner,Andrey Davydov,,2020-11-28
Is_Mise_Madra,Is_Mise_Madra,Chilling on a skyscraper!,2020-11-28
StarSpreads_Bet,Star Spreads,"Dublin, Ireland",2020-11-28
balkirat_,Balkirat  Singh,"Delhi-NCR, India",2020-11-28
hasnat92751283,hasnat,"Dhaka, Bangladesh",2020-11-28
SakyiAlpha,A.K.S,Madagascar,2020-11-28
_Deenn__,Analytical DeenÃ± ğŸ‘¨â€ğŸ’»ğŸ“ˆğŸ¤–,......,2020-11-28
RoyalLucian,ğŸ‡±ğŸ‡¨TriniLucian,"Pearland, TX",2020-11-28
jasonmakuebo,Jason Makuebo,,2020-11-28
rt_Premier,#premierleague,North london - coyg,2020-11-28
menswear_bot,menswear.bot,worldwide,2020-11-28
elpatronmig,Miguel,Warzone,2020-11-28
62Bigben,Sara ğŸ‡ªğŸ‡¸ğŸ‡ªğŸ‡º,"Tabarnia, Spain",2020-11-28
footballespana_,footballespana,,2020-11-28
GolAlerta,Alerta Gol,"Coya, Chile",2020-11-28
rt_Premier,#premierleague,North london - coyg,2020-11-28
innovarkitect,innovarquitectura,,2020-11-28
innovarkitect,innovarquitectura,,2020-11-28
innovarkitect,innovarquitectura,,2020-11-28
innovarkitect,innovarquitectura,,2020-11-28
innovarkitect,innovarquitectura,,2020-11-28
innovarkitect,innovarquitectura,,2020-11-28
innovarkitect,innovarquitectura,,2020-11-28
innovarkitect,innovarquitectura,,2020-11-28
innovarkitect,innovarquitectura,,2020-11-28
innovarkitect,innovarquitectura,,2020-11-28
innovarkitect,innovarquitectura,,2020-11-28
innovarkitect,innovarquitectura,,2020-11-28
innovarkitect,innovarquitectura,,2020-11-28
rt_Premier,#premierleague,North london - coyg,2020-11-28
innovarkitect,innovarquitectura,,2020-11-28
innovarkitect,innovarquitectura,,2020-11-28
rt_Premier,#premierleague,North london - coyg,2020-11-28
innovarkitect,innovarquitectura,,2020-11-28
innovarkitect,innovarquitectura,,2020-11-28
innovarkitect,innovarquitectura,,2020-11-28
innovarkitect,innovarquitectura,,2020-11-28
innovarkitect,innovarquitectura,,2020-11-28
innovarkitect,innovarquitectura,,2020-11-28
rt_Premier,#premierleague,North london - coyg,2020-11-28
Generacija78,MirosÅ‚awa Å ternÂ® RMX,"Dallas, TX",2020-11-28
rt_Premier,#premierleague,North london - coyg,2020-11-28
ThisIsJorgen,Jorgen,,2020-11-28
rt_Premier,#premierleague,North london - coyg,2020-11-28
TravesSenior,EagletravesğŸ¦…,"Dar es salaam, Tanzania",2020-11-28
rt_Premier,#premierleague,North london - coyg,2020-11-28
rt_Premier,#premierleague,North london - coyg,2020-11-28
innovarkitect,innovarquitectura,,2020-11-28
scootsden,Armando,,2020-11-28
stutenzee,Patrick vonStutenzee,London,2020-11-28
rt_Premier,#premierleague,North london - coyg,2020-11-28
rt_Premier,#premierleague,North london - coyg,2020-11-28
Milatrud11,Mila,,2020-11-28
_Haveadream_,Have a dream,"Las Palmas, Islas Canarias",2020-11-28
rt_Premier,#premierleague,North london - coyg,2020-11-28
MarcusJP1990,Marcus Peake,"Llanelli, Wales",2020-11-28
rt_Premier,#premierleague,North london - coyg,2020-11-28
rt_Premier,#premierleague,North london - coyg,2020-11-28
rt_Premier,#premierleague,North london - coyg,2020-11-28
Wallspot_org,wallspot,,2020-11-28
coky_find,Find to my coky,æ—¥æœ¬,2020-11-28
innovarkitect,innovarquitectura,,2020-11-28
innovarkitect,innovarquitectura,,2020-11-28
innovarkitect,innovarquitectura,,2020-11-28
innovarkitect,innovarquitectura,,2020-11-28
innovarkitect,innovarquitectura,,2020-11-28
rt_Premier,#premierleague,North london - coyg,2020-11-28
innovarkitect,innovarquitectura,,2020-11-28
innovarkitect,innovarquitectura,,2020-11-28
innovarkitect,innovarquitectura,,2020-11-28
innovarkitect,innovarquitectura,,2020-11-28
innovarkitect,innovarquitectura,,2020-11-28
innovarkitect,innovarquitectura,,2020-11-28
innovarkitect,innovarquitectura,,2020-11-28
innovarkitect,innovarquitectura,,2020-11-28
rt_Premier,#premierleague,North london - coyg,2020-11-28
innovarkitect,innovarquitectura,,2020-11-28
innovarkitect,innovarquitectura,,2020-11-28
innovarkitect,innovarquitectura,,2020-11-28
innovarkitect,innovarquitectura,,2020-11-28
innovarkitect,innovarquitectura,,2020-11-28
rt_Premier,#premierleague,North london - coyg,2020-11-28
Donnagh_,Donnagh Fitzpatrick,In Bruges,2020-11-28
innovarkitect,innovarquitectura,,2020-11-28
innovarkitect,innovarquitectura,,2020-11-28
innovarkitect,innovarquitectura,,2020-11-28
innovarkitect,innovarquitectura,,2020-11-28
rt_Premier,#premierleague,North london - coyg,2020-11-28
innovarkitect,innovarquitectura,,2020-11-28
innovarkitect,innovarquitectura,,2020-11-28
innovarkitect,innovarquitectura,,2020-11-28
innovarkitect,innovarquitectura,,2020-11-28
RMohsin17,Mohsin ç©†èµ«è¾›,,2020-11-28
innovarkitect,innovarquitectura,,2020-11-28
innovarkitect,innovarquitectura,,2020-11-28
innovarkitect,innovarquitectura,,2020-11-28
innovarkitect,innovarquitectura,,2020-11-28
innovarkitect,innovarquitectura,,2020-11-28
innovarkitect,innovarquitectura,,2020-11-28
innovarkitect,innovarquitectura,,2020-11-28
innovarkitect,innovarquitectura,,2020-11-28
innovarkitect,innovarquitectura,,2020-11-28
innovarkitect,innovarquitectura,,2020-11-28
innovarkitect,innovarquitectura,,2020-11-28
innovarkitect,innovarquitectura,,2020-11-28
innovarkitect,innovarquitectura,,2020-11-28
innovarkitect,innovarquitectura,,2020-11-28
innovarkitect,innovarquitectura,,2020-11-28
innovarkitect,innovarquitectura,,2020-11-28
innovarkitect,innovarquitectura,,2020-11-28
innovarkitect,innovarquitectura,,2020-11-28
mke_dr,Dr. MKe,,2020-11-28
innovarkitect,innovarquitectura,,2020-11-28
innovarkitect,innovarquitectura,,2020-11-28
innovarkitect,innovarquitectura,,2020-11-28
innovarkitect,innovarquitectura,,2020-11-28
innovarkitect,innovarquitectura,,2020-11-28
innovarkitect,innovarquitectura,,2020-11-28
innovarkitect,innovarquitectura,,2020-11-28
innovarkitect,innovarquitectura,,2020-11-28
innovarkitect,innovarquitectura,,2020-11-28
innovarkitect,innovarquitectura,,2020-11-28
innovarkitect,innovarquitectura,,2020-11-28
innovarkitect,innovarquitectura,,2020-11-28
innovarkitect,innovarquitectura,,2020-11-28
innovarkitect,innovarquitectura,,2020-11-28
innovarkitect,innovarquitectura,,2020-11-28
innovarkitect,innovarquitectura,,2020-11-28
innovarkitect,innovarquitectura,,2020-11-28
innovarkitect,innovarquitectura,,2020-11-28
Freds_tweets,Fred,The Netherlands and Espanya,2020-11-28
innovarkitect,innovarquitectura,,2020-11-28
innovarkitect,innovarquitectura,,2020-11-28
innovarkitect,innovarquitectura,,2020-11-28
innovarkitect,innovarquitectura,,2020-11-28
rt_Premier,#premierleague,North london - coyg,2020-11-28
innovarkitect,innovarquitectura,,2020-11-28
NickClimate,Nick Fitzpatrick,"Lisbon, Portugal",2020-11-28
innovarkitect,innovarquitectura,,2020-11-28
jasonmakuebo,Jason Makuebo,,2020-11-28
innovarkitect,innovarquitectura,,2020-11-28
innovarkitect,innovarquitectura,,2020-11-28
innovarkitect,innovarquitectura,,2020-11-28
innovarkitect,innovarquitectura,,2020-11-28
innovarkitect,innovarquitectura,,2020-11-28
innovarkitect,innovarquitectura,,2020-11-28
innovarkitect,innovarquitectura,,2020-11-28
innovarkitect,innovarquitectura,,2020-11-28
innovarkitect,innovarquitectura,,2020-11-28
innovarkitect,innovarquitectura,,2020-11-28
PS98841233,PS,"NC, USA",2020-11-28
innovarkitect,innovarquitectura,,2020-11-28
innovarkitect,innovarquitectura,,2020-11-28
innovarkitect,innovarquitectura,,2020-11-28
ThisIsJorgen,Jorgen,,2020-11-28
innovarkitect,innovarquitectura,,2020-11-28
innovarkitect,innovarquitectura,,2020-11-28
rt_Premier,#premierleague,North london - coyg,2020-11-28
rt_Premier,#premierleague,North london - coyg,2020-11-28
rt_Premier,#premierleague,North london - coyg,2020-11-28
GiftCards21,Gift Cards Giveaway,united states,2020-11-28
hmrasa,H M..,,2020-11-28
GiftCards21,Gift Cards Giveaway,united states,2020-11-28
GiftCards21,Gift Cards Giveaway,united states,2020-11-28
Peace_istalking,Prodigy,,2020-11-28
StudioGuitars,ĞĞ»ĞµĞºÑĞ°Ğ½Ğ´Ñ€,Moscow,2020-11-28
antonyagaspacho,antonya ramos,"Barcelona, EspaÃ±a",2020-11-28
rt_Premier,#premierleague,North london - coyg,2020-11-28
Muzungu4,Richard Kwizera,Kigali,2020-11-28
rt_Premier,#premierleague,North london - coyg,2020-11-28
CoachScottCopy,Scott Martin,"Charlotte, NC",2020-11-28
DnellStephen,Most Lefties Hate The West,CHRISTIAN WEST,2020-11-28
AuthorTSquire,Tony Squire - Author,Australia,2020-11-28
rt_Premier,#premierleague,North london - coyg,2020-11-28
ezslocks,EZLOCKS,,2020-11-28
SpainInUSA,Spain in USA,,2020-11-28
365Scores,365Scores,,2020-11-28
ncityface,mamun@ncityface,,2020-11-28
GiftCards21,Gift Cards Giveaway,united states,2020-11-28
NadyaElga,Nadya Elga,,2020-11-28
innovarkitect,innovarquitectura,,2020-11-28
GiftCards21,Gift Cards Giveaway,united states,2020-11-28
now_mufc,MUFC News Now,Old Trafford ,2020-11-28
SportsStreamuk,SportsStream.co.uk,UK,2020-11-28
GiftCards21,Gift Cards Giveaway,united states,2020-11-28
Fuadnana13,Fuad,online,2020-11-28
MrAhmadou007,Ahmad Abdullahi,"Maiduguri, Nigeria",2020-11-28
PCisfinished,Mr Grumpy.,UK,2020-11-28
redfedoradiary,Baia Dzagnidze,"Tbilisi, Georgia",2020-11-28
StarSpreads_Bet,Star Spreads,"Dublin, Ireland",2020-11-28
innovarkitect,innovarquitectura,,2020-11-28
YXcoSOfX6saSDbu,Î”Î±Î¼Î¹Î±Î½Î¿Ï‚,,2020-11-28
innovarkitect,innovarquitectura,,2020-11-28
PrinceIssac14,Prince Issac,,2020-11-28
GiftCards21,Gift Cards Giveaway,united states,2020-11-28
AtCheckmate,WÃ¡ gÃ­thÃ³mÃ³,,2020-11-28
DumSpir95165257,Dum Spiro Spero,France Ã©ternelle,2020-11-28
GiftCards21,Gift Cards Giveaway,united states,2020-11-28
kimtaesarmy,á´®á´±loverâ·, joons dimples â€¢ she/her,2020-11-28
stinkybobdog,Stinkybobdog,south staffs,2020-11-28
_Football360,â–ªï¸Football 3ï¸âƒ£6ï¸âƒ£0ï¸âƒ£ğŸ”¸,"Lagos, Nigeria",2020-11-28
boblea21,Common Sense Bob,"Bexley, London",2020-11-28
Bowmyster,Michael,Mars,2020-11-28
Trecy_54,Trecy Dx ğŸƒ,ğŸ™ï¸,2020-11-28
thesuitespr,thesuites PR,EspaÃ±a,2020-11-28
MadridSix,Stream and Prediction tips,,2020-11-28
GiftCards21,Gift Cards Giveaway,united states,2020-11-28
CptApple,Robbie Kirk ğŸ‡¬ğŸ‡§,Edinburgh,2020-11-28
John_Knocks,john knocks,,2020-11-28
Neyrolles75,JB,"Paris, France ",2020-11-28
TomGribbin6,Tom Gribbin,Proud Northumbrian.,2020-11-28
MRSM1TH0161,Br.I.am,"In your head, rent free",2020-11-28
DissidentWright,Dissident Wright,England ,2020-11-28
McKinleyFR,McKinley FR,United States,2020-11-28
SvensktSpel,Svenskt Spel,Sverige,2020-11-28
DorHulse,"Dor Hulse  Real Conservative,  @mufc",Manchester United.,2020-11-28
guytric,Guytric,Commonwealth (sussex),2020-11-28
Andy34254695,Andy,,2020-11-28
AwPlochw,WiesÅ‚aw,,2020-11-28
DoublegoonerR,DoublegoonerRob,,2020-11-28
owen_carruthers,owen carruthers,england,2020-11-28
JakeWri38029870,Jake Wright,,2020-11-28
ingglick,Jovan Dudukovic ğŸ‡·ğŸ‡¸,Belgrade,2020-11-28
Holbornlolz,Old HolbornÂ®,,2020-11-28
Count_blizack,BIG HO HO,England,2020-11-28
bolt_africa,AfricaBolt,Africa,2020-11-28
SharkNewsWires,Shark NewsWires,"Scotland, United Kingdom",2020-11-28
GiftCards21,Gift Cards Giveaway,united states,2020-11-28
PCryptoisfuture,P C,,2020-11-28
365Scores,365Scores,,2020-11-28
n4chtsonn3,gÃ¼nni,,2020-11-28
cryptosommelier,Crypto Thayne,"Thayne, WY",2020-11-28
n4chtsonn3,gÃ¼nni,,2020-11-28
TheDanielNoonan,Daniel Noonan,"London, England",2020-11-28
SJackfield,Scott Jackfield,Canada,2020-11-28
victor_dacunha,Victor da Cunha,"Bath, Bristol, London, Lisboa",2020-11-28
UriLaka,Oriol,"Cardedeu, EspaÃ±a",2020-11-28
cbzd7,Abbas CÉ™bizadÉ™,"London, England",2020-11-28
_DDayo,Name cannot be blank,Nigeria,2020-11-28
trendsmetadata,data about data,,2020-11-28
SoccerParlour,Soccer Parlour,,2020-11-28
COPAfootball,COPA,The Netherlands,2020-11-28
FFactoryNY,Football Factory,"New York, NY",2020-11-28
innovarkitect,innovarquitectura,,2020-11-28
innovarkitect,innovarquitectura,,2020-11-28
innovarkitect,innovarquitectura,,2020-11-28
innovarkitect,innovarquitectura,,2020-11-28
innovarkitect,innovarquitectura,,2020-11-28
innovarkitect,innovarquitectura,,2020-11-28
innovarkitect,innovarquitectura,,2020-11-28
innovarkitect,innovarquitectura,,2020-11-28
innovarkitect,innovarquitectura,,2020-11-28
innovarkitect,innovarquitectura,,2020-11-28
innovarkitect,innovarquitectura,,2020-11-28
innovarkitect,innovarquitectura,,2020-11-28
innovarkitect,innovarquitectura,,2020-11-28
innovarkitect,innovarquitectura,,2020-11-28
innovarkitect,innovarquitectura,,2020-11-28
innovarkitect,innovarquitectura,,2020-11-28
innovarkitect,innovarquitectura,,2020-11-28
innovarkitect,innovarquitectura,,2020-11-28
innovarkitect,innovarquitectura,,2020-11-28
innovarkitect,innovarquitectura,,2020-11-28
innovarkitect,innovarquitectura,,2020-11-28
innovarkitect,innovarquitectura,,2020-11-28
innovarkitect,innovarquitectura,,2020-11-28
innovarkitect,innovarquitectura,,2020-11-28
innovarkitect,innovarquitectura,,2020-11-28
innovarkitect,innovarquitectura,,2020-11-28
innovarkitect,innovarquitectura,,2020-11-28
innovarkitect,innovarquitectura,,2020-11-28
innovarkitect,innovarquitectura,,2020-11-28
PiusPius21,Pius Pius,"Port Harcourt, Nigeria",2020-11-28
innovarkitect,innovarquitectura,,2020-11-28
innovarkitect,innovarquitectura,,2020-11-28
innovarkitect,innovarquitectura,,2020-11-28
innovarkitect,innovarquitectura,,2020-11-28
innovarkitect,innovarquitectura,,2020-11-28
innovarkitect,innovarquitectura,,2020-11-28
innovarkitect,innovarquitectura,,2020-11-28
innovarkitect,innovarquitectura,,2020-11-28
innovarkitect,innovarquitectura,,2020-11-28
innovarkitect,innovarquitectura,,2020-11-28
innovarkitect,innovarquitectura,,2020-11-28
innovarkitect,innovarquitectura,,2020-11-28
innovarkitect,innovarquitectura,,2020-11-28
innovarkitect,innovarquitectura,,2020-11-28
innovarkitect,innovarquitectura,,2020-11-28
innovarkitect,innovarquitectura,,2020-11-28
amoristkv,â‰®Brisâ™¡Joon'sâ˜½ ia ğŸ“š,Tknk,2020-11-28
innovarkitect,innovarquitectura,,2020-11-28
innovarkitect,innovarquitectura,,2020-11-28
innovarkitect,innovarquitectura,,2020-11-28
innovarkitect,innovarquitectura,,2020-11-28
innovarkitect,innovarquitectura,,2020-11-28
innovarkitect,innovarquitectura,,2020-11-28
innovarkitect,innovarquitectura,,2020-11-28
innovarkitect,innovarquitectura,,2020-11-28
HomenetInventor,Inventor.homenet,,2020-11-28
AlbertoArcosWeb,Alberto Arcos,,2020-11-28
Biomedi_cat,Biomedicat,"Barcelona, EspaÃ±a",2020-11-28
monvilalta,RAMON VILALTA,BARCELONA,2020-11-28
Barcelo_dona,Barcelodona,"Barcelona, EspaÃ±a",2020-11-28
GEN_ETIC,Gen Etic,BARCELONA,2020-11-28
__SachinDubey__,Sachin Dubey,"Chennai, India",2020-11-28
pods_sports,90minute Stats,,2020-11-28
homedesignbarna,homedesignbarcelona,Barcelona,2020-11-28
homedesignbarna,homedesignbarcelona,Barcelona,2020-11-28
WasiuOladoja,Wasiu Oladoja,,2020-11-28
TheValueBetBot,The Value Bet Bot,,2020-11-28
TheValueBetBot,The Value Bet Bot,,2020-11-28
TheValueBetBot,The Value Bet Bot,,2020-11-28
Tempobet,Tempobet,"London, UK",2020-11-28
TSome95,TroubleSome95ğŸ‘½,,2020-11-28
jamescormack_,James Cormack,,2020-11-28
Ayo_einstein,DAYGEE ğŸ‡³ğŸ‡¬ ğŸ’­,,2020-11-28
Ayo_einstein,DAYGEE ğŸ‡³ğŸ‡¬ ğŸ’­,,2020-11-28
Antoine56818047,Antoinette,,2020-11-28
nkptevlz,patrick evans,,2020-11-28
ThePuntersPage,ThePuntersPage.com,United Kingdom,2020-11-28
Johancath,Ank Draijer,Costa Rica,2020-11-28
Y1prestige,Precious,UN,2020-11-28
Asmahan011,Asmahan,,2020-11-28
LaElegantia,La Elegantia - Zlatina Jekova,"London, England",2020-11-28
breakersclubas1,breakersclubasia,"Osaka, Japan",2020-11-28
ennomnom,Enno,,2020-11-28
HelingtoNoids,Helingto Noids,,2020-11-28
thisisoggy,Mr.Oggy ğŸ¾,,2020-11-28
YoushowmeP,Youshow_Photo,,2020-11-28
susanaktemel,Susan Aktemel,glasgow,2020-11-28
IroegbuteC,Sir Manja,"Imo, Nigeria",2020-11-28
legendsignings,Legendary Signings,"South East, England",2020-11-28
jackopj16,Paul Jackson,,2020-11-28
jackopj16,Paul Jackson,,2020-11-28
JishnuNtk3,Jishnu Ntkâœ´ï¸,"calicutVadakara, India",2020-11-28
Angelpeacechia1,Angel peace chiamaka,onitsha ,2020-11-28
Forebet,Forebet,,2020-11-28
AdeelIjaz819,Adeel,"Woking, South East",2020-11-28
Johan1907,Johan Hollen,Langs de lijn ,2020-11-28
IamNOTcrazy__,Pavlos,"Cyprus,Nicosia",2020-11-28
RajeshT39649474,YooDzineR,,2020-11-28
djmrstylus,Call me Mr.,Toronto,2020-11-28
bigezdaddy2017,Alfred Moesker - CASH stakepool,"Barcelona, Spain",2020-11-28
muneef_tweets,El patrÃ³n,God'S Own Country,2020-11-28
jobely,Jobely.com,USA,2020-11-28
OzoneSports7,OzoneSports,Global,2020-11-28
louisjacques_,Louis J,London,2020-11-28
CurlyQ42,CurlyQ,THE FOREST,2020-11-28
CurlyQ42,CurlyQ,THE FOREST,2020-11-28
Jon_LeGossip,Jonathan Johnson,"Paris, France",2020-11-28
larshendel,Lars Hendel,Denmark,2020-11-28
misterphipps,Paul Phipps-Williams,Lewisham,2020-11-28
ribandeau,Rich.com âš¡ï¸âš¡ï¸âš¡ï¸,Douala/ Africa,2020-11-28
vdffactsworld,Football Facts World,,2020-11-28
albertoballbe,Alberto BallbÃ©,Barcelona,2020-11-28
Iam_Prince_will,Galahad,,2020-11-28
QLeap05,QuantumLeap05,,2020-11-28
wisdomcolony,wisdomcolony,,2020-11-28
savvycoder2018,Savvycoder,,2020-11-28
Oluwase61981126,Midastouch,,2020-11-28
VictoriousOne15,VictoriousOne,,2020-11-28
tmj_spn_jobs,TMJ-SPN Jobs,Spain,2020-11-28
CapologyDB,Capology,,2020-11-28
futmaster_YT,Fut Master,,2020-11-28
SanyaOl15659785,SanyaOlu,,2020-11-28
trendsmetadata,data about data,,2020-11-28
FavourOyebade,OyebadeFavour,"Lagos, Nigeria",2020-11-28
VortexFdC,Vortex,Barcelona,2020-11-28
TristanSilver,Tristan Silver,"Barcelona, Spain",2020-11-28
Witma3,Witma,,2020-11-28
Rutthibcnalfaro,Ruthi,Barcelona,2020-11-28
johnihogan,John Hogan,,2020-11-28
SurfaceMag,Surface Magazine,"New York, NY",2020-11-28
AirCargoEye,aircargoeye,Global,2020-11-28
ThelmaEtim1,Thelma Etim,UK,2020-11-28
CataloniaBioHT,CataloniaBio & HealthTech,Barcelona,2020-11-28
artikleblak,artikleblak,,2020-11-28
SpotOnRecruit,SpotOn Connections,Europe,2020-11-28
PSG24hours,PSG en Direct ğŸŒ,Parc des Princes,2020-11-28
JcmorenoR23,JC,Barcelona-Madrid,2020-11-28
AvvFrontMaritim,AVV Front MarÃ­tim BDN,"Badalona, Catalunya",2020-11-28
ScaredMeeseeks,Scared Meeseeks,"Barcelona, Catalunya",2020-11-28
ovostreams,Nba Streams,,2020-11-28
ParimatchNG,Parimatch Nigeria,,2020-11-28
tmj_spn_sales,TMJ-SPN Sales Jobs,Spain,2020-11-28
Lolaliz1985,Lola,,2020-11-28
365Scores,365Scores,,2020-11-28
SajinyanD,investor SD,"Ikeja, Nigeria",2020-11-28
JorLoveofTravel,Jordan's Love of Travel,,2020-11-28
btcalbaniaa,btcalbaniaa,,2020-11-28
ryster05826425,JohnCrypto,,2020-11-28
Rotimrey,Rotim,,2020-11-28
Pratyus45785567,Pratyush Srivastava,,2020-11-28
Faicelwa123,Faissalewac ğŸ˜,Morocco,2020-11-28
GraphicSamHD,GraphicSam,Nederland,2020-11-28
adama_adama56,Adama,,2020-11-28
RedgmanNyc,RedGman NYC,"New York, NY",2020-11-28
First_Touch,First Touch soccer magazine,United States,2020-11-28
FlexyJay9,Flexy Jay,"Benue, Nigeria",2020-11-28
FootTheBall,FootTheBall,Locker Room,2020-11-28
ImeIme01,Ime Ime,,2020-11-28
Doald12,Doald,,2020-11-28
jobs_language,Jobs in Europe,,2020-11-28
meeermudasir,Pooout ğŸ¥,Kashmir,2020-11-28
coky_find,Find to my coky,æ—¥æœ¬,2020-11-28
anaentreletras,ğŸ–ï¸ Ana SÃ¡nchez Asenjo,Madrid (en ğŸ¡),2020-11-28
CryptoService1,Crypto Service,,2020-11-28
BitgameGlobal,Bitgame,,2020-11-28
Abed94684214,A B E D ğŸ’™,"Ø§Ù„Ø´Ø±Ù‚ÙŠØ©, Ù…ØµØ±",2020-11-28
bolt_east,Bolt Arabic,,2020-11-28
tradureyes,Reyes Bermejo Mozo,Madrid (EspaÃ±a),2020-11-28
oloriqozim1,Omowunmi Ganiyat,,2020-11-28
realMcFlappy,#Charlie,"Saratoga Springs, NY",2020-11-28
0laqozim,QOZIM,,2020-11-28
AlitmrAli,Ali (TMR),,2020-11-28
mdelgadolla,Montse Delgado Llavina,Barcelona,2020-11-28
Vacays4U,Vacays4U,Georgia,2020-11-28
FairPlay_India,FairPlay,,2020-11-28
unisportlife,unisportlife,Copenhagen,2020-11-28
RitaHoyos2,Rita Hoyos,,2020-11-28
fiston28,Stephan Dragon,Haiti,2020-11-28
N15ranjanS,Niranjan S,"Kerala, India",2020-11-28
larshendel,Lars Hendel,Denmark,2020-11-28
Fer_CM93,Fernando Carrero,Valencia,2020-11-28
IanZAMMIT_sci,Ian ZAMMIT,,2020-11-28
AmarachiKanu7,Amarachi Kanu,,2020-11-28
Blabentsport,Blabent,Madrid Spain,2020-11-28
Blabentsport,Blabent,Madrid Spain,2020-11-28
mdhamim1226,Md Hamim,"Dhaka, Bangladesh",2020-11-28
alexandraSA_,Alexandra,"Lleida, EspaÃ±a",2020-11-28
easyodds,Easyodds.com,"Leeds, England",2020-11-28
MohitCh78817319,Mohit Chawla,,2020-11-28
horchani_nafaa,nafaa horchani,,2020-11-28
anveeman,Anvee Man,Bangladesh,2020-11-28
RidmaUpekshana,Ridma Upekshana,Sri Lanka,2020-11-28
BettingKick,Betting Kick,"London, England",2020-11-28
Ma_nuel_007,Manuelâ¤ï¸ğŸ‡³ğŸ‡¬ğŸ‡³ğŸ‡¬,"Benin City, Nigeria",2020-11-28
NEILSHOTDEALS,NEILSHOTDEALS,Islip New York,2020-11-28
OneTripatTime,One Trip at a Time,"Nova Scotia, Canada",2020-11-28
EuroSavant,ğ•°ğ–šğ–—ğ–”ğ•¾ğ–†ğ–›ğ–†ğ–“ğ–™,,2020-11-28
GodwinKanu7,Godwinlowski,,2020-11-28
DenaroFreeBets,Denaro,Lagos/Owerri,2020-11-28
Redpompom1,Red Pom Pom,,2020-11-28
AbdulChifado,Abdul-latif Chifado,"Accra, Ghana",2020-11-28
Connorbennett10,Connor Bennett,"Framlingham, England",2020-11-28
thesportsgeek__,Sports Geek,,2020-11-28
CasinoSieger,Casino Sieger,facebook.com/CasinoSieger,2020-11-28
MSTV_CH,MSTV.CH,Republic of Croatia,2020-11-28
coky_find,Find to my coky,æ—¥æœ¬,2020-11-28
PrinceIssac14,Prince Issac,,2020-11-28
mserarols,Marc,Barcelona,2020-11-28
MrOneXMind,ğŸ‘¨ğŸ½ King One X ğŸ‡³ğŸ‡¬ ğŸ™ŒğŸ½ #EndSARS,ğŸ“§- OneXMinds@gmail.com,2020-11-28
Rafixxy,May Success Filled Your Life,"Ibadan, Nigeria.",2020-11-28
Yorubaboyyy,Darklord,Nigeria,2020-11-28
opeolu_wa,BISHOPğŸ‡¨ğŸ‡¦,,2020-11-28
House007Light,LightHouse007,,2020-11-28
twelfthman_ofcl,Twelfth Man Official,India,2020-11-28
eljoan,eljoan,"Barcelona, Spain",2020-11-28
g_pharez,Pharez_G,Nigeria,2020-11-28
10_chiboy,Chiboy,,2020-11-28
iam_diligent,iamdiligent,,2020-11-28
Goldenboy102,I. God'swill,,2020-11-28
LeicaUEC,UEC,"Barcelona, CataluÃ±a",2020-11-28
iampiusfelix,Felix Pius,Nigeria,2020-11-28
tmj_spn_eng,TMJ-SPN Engin. Jobs,Spain,2020-11-28
SoccerParlour,Soccer Parlour,,2020-11-28
chiswick7,No Lycra Cycling,"London, England",2020-11-28
TallerGingell,Taller Gingell Ceramics,"Barcelona, Spain",2020-11-28
BlogHedonista,Blog HedonistaÂ® by JosÃ© MarÃ­a Toro,"Barcelona, EspaÃ±a",2020-11-28
isptechnologies,ISP Technologies,"Waterford, MI",2020-11-28
horchani_nafaa,nafaa horchani,,2020-11-28
H_SmileLin,H. SmileLin,B1G TEN USA,2020-11-28
coldAnalysis,Couch_Coach,Somewhere on the Pitch,2020-11-28
Scieducation1,sciencenews,,2020-11-28
OnlyTips3,OnlyTips,,2020-11-28
ehatourist,Travel Tweets from Everybody Hates A Tourist,"Earth, probably",2020-11-28
astonmead,Aston Mead Land,London & Home Counties,2020-11-28
BTA_tennis,BTA,Spain,2020-11-28
ze_footballboy,footballboy,,2020-11-28
tmj_spn_jobs,TMJ-SPN Jobs,Spain,2020-11-28
SpainMMG,Spain in English,Spain,2020-11-28
SinohuiAdelina,ğŸ¾Black Cats Are Just Miniature Panthers ğŸ¾,,2020-11-28
Supergooal1,Supergooal,,2020-11-28
adel_intelrail,Adel,,2020-11-28
bettingmetrics,Betting.com,"London, UK",2020-11-28
Big5Casino,Big5 Casino,,2020-11-28
PaulLeo2020,Paul Leon,Germany,2020-11-28
kennyoamusan,WHISPER,WHISPERVILLE,2020-11-28
JuriMaier8,Juri Maier,,2020-11-28
py_data_sci,Python for Data Science,,2020-11-28
LoyaltyBcn,Loyalty Tattoo Bcn,"Barcelona, c/Vallfogona 10",2020-11-28
epuujee,Purevdorj Enkhjargal,Mongolia,2020-11-28
INOMICS,INOMICS,Worldwide,2020-11-28
thisisoggy,Mr.Oggy ğŸ¾,,2020-11-28
NanaAdwoaP__,Nana Adwoa Pomaah,"Kumasi,Ghana",2020-11-28
crystal_cann,~CrystalLMcCann~,,2020-11-28
SokoMatemai,Marshall Zivashe Muchenje,"Harare,Zimbabwe",2020-11-28
GoHereNext,Go Here Next,,2020-11-28
coky_find,Find to my coky,æ—¥æœ¬,2020-11-28
AO_Sports,AhramOnlineSports,"Cairo, Egypt",2020-11-28
TSome95,TroubleSome95ğŸ‘½,,2020-11-28
netbuzzafrica,Netbuzz Africa,Africa,2020-11-28
Privy_Official,Barca~maniac âš½ï¸,"Winterfell, Westeros",2020-11-28
EmmaBennett29,Emma Bennett,"Worthing, England",2020-11-28
natilyboo,natsolano,,2020-11-28
sportsadda_,SportsAdda,,2020-11-28
InsideSportIND,InsideSport,"à¤¨à¤ˆ à¤¦à¤¿à¤²à¥à¤²à¥€, à¤­à¤¾à¤°à¤¤",2020-11-28
Dmeister89,Debjit Majumder,,2020-11-28
SportsCardBOT,SportsCardBOT,,2020-11-28
cinecity_bton,CINECITY,"Brighton, UK",2020-11-28
RealHumptyB,President-Elect Humpty Bumpty,"London, Eastbourne. No DMs, call me.",2020-11-28
SciTechDiploHub,SciTech DiploHub,Greater Barcelona,2020-11-28
jenkers_en,Jenkers News (ENG),San Francisco,2020-11-28
expertvillas,expertvillas,"Costa Blanca, Spain",2020-11-28
twelfthman_ofcl,Twelfth Man Official,India,2020-11-28
SuchiaG,Suchia Garzaâš¡,,2020-11-28
miriamcancelli1,miriam cancellieri,,2020-11-28
menelik40,Giuseppe Ce.,"Salerno, Campania",2020-11-28
interpretaatioo,Henry LÃ­u,,2020-11-28
NowgoalScore,Nowgoal Livescore,,2020-11-28
Jellyfish_tacos,Joel,,2020-11-28
betnomi1,Betnomi,Fransche Bloemweg 4 Willemstad,2020-11-28
breakersclubas1,breakersclubasia,"Osaka, Japan",2020-11-28
AlbertDalmau,Albert Dalmau,Barcelona,2020-11-28
nve___,Noelia,,2020-11-28
JordiValls13,Jordi Valls,Barcelona ,2020-11-28
GallardoJags,Jose Antonio Gallardo Sueiro,"MatarÃ³, EspaÃ±a",2020-11-28
celiaricoperez,celia rico,,2020-11-28
mariana_kremser,Mariana Kremser (Mircea ),United States of Europe. ğŸ’šğŸŒ,2020-11-28
BarcaMedia,Barca Media ğŸ™,,2020-11-28
JaroslawMarciuk,Jaroslaw Marciuk â˜•ï¸ Call me Jaro,Cambridge,2020-11-28
MayorsOfEurope,Mayors of Europe,,2020-11-28
isabelroigc,Isabel Roig Casas,Catalunya,2020-11-28
spm_travelphoto,Stefano Politi Markovina,"Barcelona, Spain",2020-11-28
ellchizz,Emmanuel,"Lagos, Nigeria",2020-11-28
BarcelonaBoy71,Nikesh Maharjan,Kirtipur ,2020-11-28
BeyondBCN,Pere Alzina,Barcelona,2020-11-28
graffiti_bot,graffiti_bot,,2020-11-28
73ADbU9e0OFunce,ĞĞ»ÑŒĞ³Ğ°,,2020-11-28
iamOwoahene_Jnr,Owoahene Jnr ğŸ‘‘,"Ashanti, Ghana",2020-11-28
damlesky09,lesky,Nigeria,2020-11-28
coky_find,Find to my coky,æ—¥æœ¬,2020-11-28
akshat_one,Akshat Singhal,"Noida, India",2020-11-28
Reveal_House,Reveal House Press,"Boise, ID",2020-11-28
theturffootball,turf Football,,2020-11-28
Wallspot_org,wallspot,,2020-11-28
Dermot_Golf,Dermot Synnott,,2020-11-28
MarcusM83249397,Marcus Matthews,,2020-11-28
SportMobApp,SportMob,"Dubai, United Arab Emirates â¤",2020-11-28
fleurhols,fleur hols,"Barcelona, Spain.",2020-11-28
BelfortCentre,Belfort Language centre,Barcelona,2020-11-28
MFitoColomer,Montse FitÃ³,,2020-11-28
phonk88,phonk88 $ TXL Astronaut,,2020-11-28
twelfthman_ofcl,Twelfth Man Official,India,2020-11-28
coky_find,Find to my coky,æ—¥æœ¬,2020-11-28
NewsBytesApp,NewsBytes,"Gurgaon, Haryana",2020-11-28
MARCO26964079,MARCO,,2020-11-28
13Gren13,ĞœĞ¸Ñ…Ğ°Ğ¸Ğ»,,2020-11-28
pnxbet_com,PNXBET,,2020-11-28
PSG24hours,PSG en Direct ğŸŒ,Parc des Princes,2020-11-28
Rosa_M_Herrera,Rosa M Herrera,,2020-11-28
mr_kustomized,Troublemaker Mu King KongğŸ˜‚,Accra Ghana,2020-11-28
mykhelcom,myKhel.com,Bengaluru,2020-11-28
MARCO26964079,MARCO,,2020-11-28
BcnVIPtour,VIP BCN Tour Guides,"Av: Pau Casals, 38, 2Âº,5Âª, BCN",2020-11-28
carlosdjomo,Carlos Djomo,,2020-11-28
wesleybaker,Wesley Baker,World-Wide,2020-11-28
Mercatimmo,Mercat Immobiliari,"Barcelona, CataluÃ±a",2020-11-28
