StefaniaStefyss,Stefania â¤ï¸âšªâš«,,2020-11-28
6ixSideCalcio,6ixSide Calcio,"Toronto, Ontario",2020-11-28
footballitalia,footballitalia,,2020-11-28
6ixSideCalcio,6ixSide Calcio,"Toronto, Ontario",2020-11-28
NycJuventus,Juventus Fans NYC,,2020-11-28
Batmattz,Mattia Iurlano,"Milan, Italy ",2020-11-28
Peti74Pter,Antal PÃ©ter,,2020-11-28
footballitalia,footballitalia,,2020-11-28
229TT,TT229,Benin,2020-11-28
1xbet_Campany,1xbet-inscription.com,code Promo 1xbet: 5050,2020-11-28
ThisIsFair99,MUFAIR,ğŸŒ,2020-11-28
mark_osifo,ï£«dbigmark2ï£«Â®,Life!!!,2020-11-28
footballitalia,footballitalia,,2020-11-28
FabioRivera14_,Fabio Rivera,"San Pedro Sula,Honduras",2020-11-28
MarcelloChirico,Marcello Chirico,Italia,2020-11-28
ParmeshSriv,Parmeshwar Srivastava,"Mumbai, India",2020-11-28
ParmeshSriv,Parmeshwar Srivastava,"Mumbai, India",2020-11-28
ParmeshSriv,Parmeshwar Srivastava,"Mumbai, India",2020-11-28
ParmeshSriv,Parmeshwar Srivastava,"Mumbai, India",2020-11-28
RmezMarquez,Romell Marquez,,2020-11-28
ParmeshSriv,Parmeshwar Srivastava,"Mumbai, India",2020-11-28
TajariKhalid,crypto samurai,Morocco,2020-11-28
Twitugal,MultiSports,,2020-11-28
samzjem,Samzjem,,2020-11-28
footballitalia,footballitalia,,2020-11-28
Zidaneback2J,Zidane come back to Juventus,,2020-11-28
ilcano22,Pablito,Canada,2020-11-28
DavidAmoyal,David Amoyal,"Boston, MA (via Padova,Italia)",2020-11-28
IamBilal887,Amarkant Varma (OFFLINE),,2020-11-28
VintageSRKian,BLACK BUCK ğŸ¦Œ,Middle Earth,2020-11-28
ZekeTell,Zeke Tell,"New York, NY",2020-11-28
fmtoday,Free Malaysia Today,Malaysia,2020-11-28
vickeypedia,Vickey Maverick,,2020-11-28
GauchoDico,GauchoğŸ’‹#Sub ZeroğŸ’™,"Lagos, Nigeria",2020-11-28
footballitalia,footballitalia,,2020-11-28
eliosalerno87,Elio Salerno,Peterborough,2020-11-28
JCI_Natuna,Juventini Natuna,Natuna - Ranai,2020-11-28
sportshubita,SportsHub,,2020-11-28
benitobogos,JEFE TRIBAL SILVERBACKED CHARVA BENI,SKAVENGERS CREW,2020-11-28
Karangu52869517,Karangupta,,2020-11-28
alethes_,Lucas ğŸŒŸ,Fene,2020-11-28
Johnnyfishalot,John LaMorte,,2020-11-28
TifosiBN,TifosiBN,,2020-11-28
Flavio69499997,MyNewCareer,,2020-11-28
RaquelYoSoy,Hannah Baker â€ ,Westeros,2020-11-28
Lagartman_,ğŸ¦,,2020-11-28
Yellowcr7jr10,legend killer,Nigeria,2020-11-28
y2konya,Dani,,2020-11-28
RoFtbl,Romanian football,,2020-11-28
daisy_slb_bvb,Daisy Ferreira,"Dortmund, Deutschland",2020-11-28
cuaquers,guille,no estoy,2020-11-28
footballitalia,footballitalia,,2020-11-28
DYBALAMASK15,pirlo the ğŸ Â³â¸,,2020-11-28
cr7fan001,Juventus FC,,2020-11-28
Boshrtill3,Nsser BoshrtillğŸ‡±ğŸ‡¾-Juventus,Italy,2020-11-28
cristina3popa,Cristina Popa,Woodbridge Ontario Canada,2020-11-28
McBlunt1,Mike Fahmy ğŸ’â›¸ï¸ğŸ¥…ğŸ€âš¾âš½ğŸˆğŸ§ğŸµğŸ”ğŸŸğŸ•ğŸºğŸ¾ğŸ·ğŸ¥‚,"Toronto, Ontario",2020-11-28
vgcancino,Guillermo Cancino,"Regina, Saskatchewan",2020-11-28
Juventissimo90s,ğ“™ğ“¾ğ“¿ğ“®ğ“·ğ“½ğ“²ğ“¼ğ“¼ğ“²ğ“¶ğ“¸,United Kingdom,2020-11-28
footballitalia,footballitalia,,2020-11-28
TheCalcioGuys,TheCalcioGuys,"MontrÃ©al, QuÃ©bec",2020-11-28
CazRoche,Case,South Africa,2020-11-28
GusTianKamal,Agus Septiyan Kamal Sitorus,"kisaran,sumatera utara",2020-11-28
calciofanblogs1,Calcio Fan Blogs,,2020-11-28
GabryHouse1,GH1,,2020-11-28
TFCFan,Flirting With Your Wife ğŸ¤µğŸ»ğŸ‹ï¸â€â™‚ï¸,Canada ,2020-11-28
Sada_of_Juve,Commendatore,Turin Italy,2020-11-28
Karangu52869517,Karangupta,,2020-11-28
footballitalia,footballitalia,,2020-11-28
OldjuveFS,oldjuveFS,,2020-11-28
Setoy_marley,PenGGiaT sEnYuM,Jamaica,2020-11-28
YakiBellagio,Yaki Bellagio,No me banco,2020-11-28
davr0y,davr0y,,2020-11-28
footballitalia,footballitalia,,2020-11-28
JohnnyFeddy,Feddy,"MontrÃ©al, Canada",2020-11-28
Juventissimo90s,ğ“™ğ“¾ğ“¿ğ“®ğ“·ğ“½ğ“²ğ“¼ğ“¼ğ“²ğ“¶ğ“¸,United Kingdom,2020-11-28
RobyBagg10,Marco VidorettiğŸ’œ,Lancashire,2020-11-28
ale90BN,âšªï¸Ale90BiancoNeroâš«ï¸,,2020-11-28
lindsay_joker,ğ“›ğ“²ğ“¼ğ“ªï½¥ï¾Ÿ*ï½¡ â˜†âˆ´ï½¡ * â˜†ï¾Ÿ*ï½¡ğŸ¡ğŸŒ³ğŸˆ,,2020-11-28
sebastiansantag,Sebastian Santacruz A.,,2020-11-28
TonyMonaco,Tony Monaco,"Toronto, Canada",2020-11-28
6ixSideCalcio,6ixSide Calcio,"Toronto, Ontario",2020-11-28
footballitalia,footballitalia,,2020-11-28
Karangu52869517,Karangupta,,2020-11-28
rt_Premier,#premierleague,North london - coyg,2020-11-28
rt_Premier,#premierleague,North london - coyg,2020-11-28
rt_Premier,#premierleague,North london - coyg,2020-11-28
rt_Premier,#premierleague,North london - coyg,2020-11-28
DeFodi,DeFodi Images pressphoto agency,Dortmund,2020-11-28
DeFodi,DeFodi Images pressphoto agency,Dortmund,2020-11-28
Karangu52869517,Karangupta,,2020-11-28
rt_Premier,#premierleague,North london - coyg,2020-11-28
rt_Premier,#premierleague,North london - coyg,2020-11-28
tsigger,Tsiger.G,"Thessaloniki,greece",2020-11-28
rt_Premier,#premierleague,North london - coyg,2020-11-28
rt_Premier,#premierleague,North london - coyg,2020-11-28
rt_Premier,#premierleague,North london - coyg,2020-11-28
Karangu52869517,Karangupta,,2020-11-28
bashir_ashura,Bashir Ashura â™ï¸,Ilorin,2020-11-28
rt_Premier,#premierleague,North london - coyg,2020-11-28
JuveTherapy,Juve Therapy ğŸ“º,,2020-11-28
miladilivorno,mila,toscana- italia,2020-11-28
ndha_mella,Ndha.IDFL,"@IDFL Sports,Public n Subtitle",2020-11-28
Full_Matches,Full Match Replay,,2020-11-28
JulioCMoreno14,Julio CÃ©sar Moreno S.,Spirit In The Sky,2020-11-28
OldFootball11,OldFootballPhotos,,2020-11-28
melove4,Adewumi Titus,The World,2020-11-28
LoveInnie0208,ì–‘ì •ì¸ì‚¬ë‘,,2020-11-28
Aguilar_NYY,Michael Aguilar,,2020-11-28
Karangu52869517,Karangupta,,2020-11-28
Adz77,Adam Digby,"Turin, Piedmont",2020-11-28
Jayjay24945941,Jayjay,,2020-11-28
theperuvian_6,Mauricio,,2020-11-28
LoveInnie0208,ì–‘ì •ì¸ì‚¬ë‘,,2020-11-28
billybantam,glen pearson,bolton,2020-11-28
LoveInnie0208,ì–‘ì •ì¸ì‚¬ë‘,,2020-11-28
DegbenroH,Hamid,"Lagos, Nigeria ",2020-11-28
LoveInnie0208,ì–‘ì •ì¸ì‚¬ë‘,,2020-11-28
Aloulecharo,Aly Fofana,Mali,2020-11-28
gioiamia11,Dariâš½ï¸ Grecâš½ï¸,"Montreal, Qc.",2020-11-28
rt_Premier,#premierleague,North london - coyg,2020-11-28
rt_Premier,#premierleague,North london - coyg,2020-11-28
arewamum,Taurean Lady,,2020-11-28
ToniQuedd,Tom,,2020-11-28
VeinaPasi,Pasi Veina,"Tampere, Suomi",2020-11-28
KaziShaharear,Kazi Shamim Shaharear Islam,"Khulna, Bangladesh",2020-11-28
CalebPongratz10,Caleb_Pongratz10,"Hanover, MA",2020-11-28
iloveyouall_A,Ale_99_,Italy ,2020-11-28
LoveInnie0208,ì–‘ì •ì¸ì‚¬ë‘,,2020-11-28
LoveInnie0208,ì–‘ì •ì¸ì‚¬ë‘,,2020-11-28
LoveInnie0208,ì–‘ì •ì¸ì‚¬ë‘,,2020-11-28
LoveInnie0208,ì–‘ì •ì¸ì‚¬ë‘,,2020-11-28
LoveInnie0208,ì–‘ì •ì¸ì‚¬ë‘,,2020-11-28
TifosiBN,TifosiBN,,2020-11-28
deadsh0tt17,Sheikh Noor,"Raipur, India",2020-11-28
lekan07070,Hamzat âœ´ï¸,,2020-11-28
Syawalianto,nTo,,2020-11-28
stephen_maio,Stephen Maio,,2020-11-28
AzrOrganization,AZR Organization,,2020-11-28
jo_jr7,Rossi,,2020-11-28
NewsInsidenaija,Insidenaija,"Ilorin, kwara state. Nigeria. ",2020-11-28
JuvMania,JuventusMania,Italia,2020-11-28
M7Zach,Zach_M7,,2020-11-28
TifosiTime,Tifosi Time,,2020-11-28
Syawalianto,nTo,,2020-11-28
Ashwin7782,Ashwin,,2020-11-28
frijtersben,frijtersben,,2020-11-28
prayforleonardo,leonardo,,2020-11-28
LoveInnie0208,ì–‘ì •ì¸ì‚¬ë‘,,2020-11-28
Syawalianto,nTo,,2020-11-28
SemooSetoo,SemooSetoo,United States,2020-11-28
icecoinz,ice,"Lagos, Nigeria",2020-11-28
ChriselGrivand1,snorlax,,2020-11-28
fergioegie,Kornelius Fergio,,2020-11-28
LoveInnie0208,ì–‘ì •ì¸ì‚¬ë‘,,2020-11-28
Aaryan7_,Aaryan,"London, England",2020-11-28
Karangu52869517,Karangupta,,2020-11-28
rt_Premier,#premierleague,North london - coyg,2020-11-28
BoxToBox_pod,BoxtoBox,Where the football is,2020-11-28
UbongInyagudo,"Inyangudo, Ubongabasi Udo","Akwa Ibom, Nigeria",2020-11-28
footballitalia,footballitalia,,2020-11-28
mubarak_dfon,RealMadrid champions,"Kaduna, Nigeria",2020-11-28
RudeMadridista,Utsav,"Mumbai, India",2020-11-28
faizan7R,ÙÛØ¶Ø§Ù† Ø´Ø§Ù‡ Ø§Ø­Ù…Ø¯,End City,2020-11-28
abduladam__,abudo~uru #ENDSARS,"Abuja, Nigeria",2020-11-28
NycJuventus,Juventus Fans NYC,,2020-11-28
rt_Premier,#premierleague,North london - coyg,2020-11-28
Jayjay24945941,Jayjay,,2020-11-28
Guyintheskyy,Rajesh,5th Dimension,2020-11-28
Route1futbol,RouteOneFootball,,2020-11-28
hermoso455,John Ehi Wazza ğŸ‡³ğŸ‡¬ğŸ‡ºğŸ‡¸ğŸ´ó §ó ¢ó ¥ó ®ó §ó ¿ğŸ‡¿ğŸ‡¦ğŸ‡¯ğŸ‡²,"Lagos, Nigeria",2020-11-28
This_is_Salimo,Reincarnated as a Nerd,Algeria,2020-11-28
Ptk_Fortess7,ï£¿å½¼å¾—é›·å…‹Â·ç¦ç‰¹âš¡ï¸,"#021, RJ",2020-11-28
rt_Premier,#premierleague,North london - coyg,2020-11-28
DrAjay85,Ajay,,2020-11-28
rt_Premier,#premierleague,North london - coyg,2020-11-28
JuventusClick,Juventus Click,"Miami, FL",2020-11-28
SportsLabUK,The Sports Lab,contactTSL@gmail.com,2020-11-28
rt_Premier,#premierleague,North london - coyg,2020-11-28
Limited3ditions,Limited3ditions,Manchester,2020-11-28
rt_Premier,#premierleague,North london - coyg,2020-11-28
footballitalia,footballitalia,,2020-11-28
JuventusPlus,Juventus Plus,,2020-11-28
The_DanMassa,Championsleaguepapi,"Whitby, Ontario",2020-11-28
Kice1897,ğŸ—½á´‹Éªá´„á´‡ğŸ—½,Worldwide,2020-11-28
rt_Premier,#premierleague,North london - coyg,2020-11-28
rt_Premier,#premierleague,North london - coyg,2020-11-28
rt_Premier,#premierleague,North london - coyg,2020-11-28
SemooSetoo,SemooSetoo,United States,2020-11-28
rt_Premier,#premierleague,North london - coyg,2020-11-28
rt_Premier,#premierleague,North london - coyg,2020-11-28
rt_Premier,#premierleague,North london - coyg,2020-11-28
rt_Premier,#premierleague,North london - coyg,2020-11-28
Man72Muesli,The Muesli_man72,,2020-11-28
11contro11,11contro11,,2020-11-28
rt_Premier,#premierleague,North london - coyg,2020-11-28
rt_Premier,#premierleague,North london - coyg,2020-11-28
rt_Premier,#premierleague,North london - coyg,2020-11-28
rt_Premier,#premierleague,North london - coyg,2020-11-28
aliaboalsaud,Ali Aboalsaud,"Montreal, QC Canada",2020-11-28
NadyaElga,Nadya Elga,,2020-11-28
Cristob86312284,Cristobal Francisco Cora,"Hialeah Gardens, FL",2020-11-28
rt_Premier,#premierleague,North london - coyg,2020-11-28
footballitalia,footballitalia,,2020-11-28
soffJuventino,ğ—|ğ—¦ğ—¼ğ—³ğ—³,Oran                          ,2020-11-28
footballitalia,footballitalia,,2020-11-28
Official_Toniaa,Official Tonia,,2020-11-28
davidmryder,David Ryder,"Seattle, WA, USA",2020-11-28
wissyv1,Wissy Viola,,2020-11-28
OfcScotland,Juventus OFC Scotland,,2020-11-28
KajAccord,Kaj Accord ğŸ§ˆ,"Earth, Milky Way",2020-11-28
PSG24hours,PSG en Direct ğŸŒ,Parc des Princes,2020-11-28
SMLigue1,Sports Mole Ligue 1,,2020-11-28
ZenicaCity,Zenica,,2020-11-28
FootyKitMarket,Football Kit Market,"Nottingham, England",2020-11-28
SpreadexSport,Spreadex Sports,United Kingdom,2020-11-28
TBTF_Lab,TBTF Lab,Canada,2020-11-28
freetipscout,freetipscout âš½ğŸ†ğŸ’°,,2020-11-28
RanineJaafar,ranine_jaafar,,2020-11-28
footballitalia,footballitalia,,2020-11-28
footballitalia,footballitalia,,2020-11-28
rt_Premier,#premierleague,North london - coyg,2020-11-28
footballitalia,footballitalia,,2020-11-28
FvM_Italy_Ser_A,FootballVSMaths_Italy_Serie_A,,2020-11-28
MarrelliFabio,Fabio Gennaro,,2020-11-28
SADherethere,SAD,"Well, on your screen! Hahaha",2020-11-28
TipsterNoMan,No Man,,2020-11-28
footballitalia,footballitalia,,2020-11-28
tonydorigo,Tony Dorigo,"Leeds, England",2020-11-28
freetipscout,freetipscout âš½ğŸ†ğŸ’°,,2020-11-28
16Pence,16Pence,yet still here...,2020-11-28
FootyHimmatt7,ğ•³ğ–ğ–’ğ–’ğ–†ğ–™ğ–™.,In a Galaxy Far Far Away...,2020-11-28
footballitalia,footballitalia,,2020-11-28
oddsjet,OddsJet,,2020-11-28
Nilesh_N08,PAPA PIRLO WILL SAVE US (Nilesh),India ,2020-11-28
BW_Circles,BW Circles,,2020-11-28
JuventinitaDAL,JuventinitÃ : Back to Black and White,"Calgary, Alberta",2020-11-28
macmax22,massimiliano,liguria,2020-11-28
BW_Circles,BW Circles,,2020-11-28
Nilesh_N08,PAPA PIRLO WILL SAVE US (Nilesh),India ,2020-11-28
mr_designs37,MR Designs,,2020-11-28
DaeguFC_en,Daegu FC,United Kingdom,2020-11-28
JuventinitaDAL,JuventinitÃ : Back to Black and White,"Calgary, Alberta",2020-11-28
Zidaneback2J,Zidane come back to Juventus,,2020-11-28
footballitalia,footballitalia,,2020-11-28
JoshEvans_,Josh Evans,instagram - jevans ,2020-11-28
IssouNonyme,Larry Bradbury,"Issou, La Chancla",2020-11-28
ENGLISHSPORTS2,ENGLISH SPORTS âš½ğŸ€ğŸˆâš¾,United States,2020-11-28
Rematch4U,Rematch,,2020-11-28
JuventusJay,J âšªâš«,#OMNIPLETE,2020-11-28
_ReFIFA,ReFIFA,,2020-11-28
RRussitano,Russitano,,2020-11-28
PSG24hours,PSG en Direct ğŸŒ,Parc des Princes,2020-11-28
ovostreams,Nba Streams,,2020-11-28
Murvlanaa,Murvlana ğŸ‘½,"Brooklyn, NY",2020-11-28
StripesTBP,Stripes The Bianconeri Podcast,,2020-11-28
Forebet,Forebet,,2020-11-28
joywinvaz,Joy,,2020-11-28
lyncoln____,El Chapo,,2020-11-28
dg_no_9,dg,"California, USA",2020-11-28
adama_adama56,Adama,,2020-11-28
RadovanDubljev1,Radovan Dubljevic,New York,2020-11-28
Juventissimo90s,ğ“™ğ“¾ğ“¿ğ“®ğ“·ğ“½ğ“²ğ“¼ğ“¼ğ“²ğ“¶ğ“¸,United Kingdom,2020-11-28
footballitalia,footballitalia,,2020-11-28
O_gee_bee,Ofori Precious ğŸ‡³ğŸ‡¬ğŸ‡¬ğŸ‡­,"Lagos, Nigeria",2020-11-28
KyeKeys,Kye Keys,Internet,2020-11-28
samad__ayo,Naija RamboğŸ‡³ğŸ‡¬,,2020-11-28
adekunlesmile34,Adekunlesmile34,,2020-11-28
Tempobet,Tempobet,"London, UK",2020-11-28
Sewwandiperer15,Sewwandi perera amarathungha,,2020-11-28
tookajobs,TookaJobs Gaming,uk,2020-11-28
SonySportsIndia,Sony Sports,,2020-11-28
NEILSHOTDEALS,NEILSHOTDEALS,Islip New York,2020-11-28
WasterTame,Matthew,"Texas, USA",2020-11-28
footballitalia,footballitalia,,2020-11-28
abduladam__,abudo~uru #ENDSARS,"Abuja, Nigeria",2020-11-28
kwasiarthur6,Jordan,United States,2020-11-28
Route1futbol,RouteOneFootball,,2020-11-28
343Sportz,343sportz,Lagos. New Delhi. Paris. ,2020-11-28
recoba1974,ã¾ã£ã¤ã‚“,å¤§é˜ªåºœ,2020-11-28
ze_footballboy,footballboy,,2020-11-28
Wise_Prediction,Wise Prediction,Sweden,2020-11-28
SimoPagliarini_,Simona Elkann,,2020-11-28
mark_osifo,ï£«dbigmark2ï£«Â®,Life!!!,2020-11-28
VivoEffe,FabiÃ¡n,"Madrid, Spain",2020-11-28
PisuDavi,Davide Pisu,"Cagliari, Sardegna",2020-11-28
gilnar76,gilnar76,"Rozzano, Lombardia",2020-11-28
SonyLIV,SonyLIV,India,2020-11-28
habibmohammed09,HABIB A.MOHAMMED,Ghana,2020-11-28
zazoomblog,Zazoom Social News,Italia,2020-11-28
woozzaabets,Woozzaabets,Nigeria,2020-11-28
Route1futbol,RouteOneFootball,,2020-11-28
Luke22753340,AlessandroÂ®ï¸,"Roma, Lazio",2020-11-28
AzrOrganization,AZR Organization,,2020-11-28
Luke22753340,AlessandroÂ®ï¸,"Roma, Lazio",2020-11-28
Gabbymartial14,Gabby Martial@14,,2020-11-28
Luke22753340,AlessandroÂ®ï¸,"Roma, Lazio",2020-11-28
Juventissimo90s,ğ“™ğ“¾ğ“¿ğ“®ğ“·ğ“½ğ“²ğ“¼ğ“¼ğ“²ğ“¶ğ“¸,United Kingdom,2020-11-28
Luke22753340,AlessandroÂ®ï¸,"Roma, Lazio",2020-11-28
Luke22753340,AlessandroÂ®ï¸,"Roma, Lazio",2020-11-28
Luke22753340,AlessandroÂ®ï¸,"Roma, Lazio",2020-11-28
footballespana_,footballespana,,2020-11-28
aynine006,ma.lucky,,2020-11-28
Gundemspor14,GMSPORS,"Melbury Osmond, UK",2020-11-28
footballitalia,footballitalia,,2020-11-28
1xbet_Eng,1xBet,,2020-11-28
Nisrin_Juve,Nisrinâšªï¸âš«ï¸,,2020-11-28
Sakirat63968762,Sakirat,,2020-11-28
CredibleStore,Credible Jersey Store ğŸ¬ âšª,"Lagos, Nigeria",2020-11-28
AO_Sports,AhramOnlineSports,"Cairo, Egypt",2020-11-28
truthserumCR7,Shibashish Chatterjee,,2020-11-28
footywatching,Sports,,2020-11-28
goalooin_live,GoalooIN,India,2020-11-28
angiuoniluigi,angiuoniluigi,"Mercato San Severino, Campania",2020-11-28
ustlersCkerk,HUSTLER Nation ğŸ‡°ğŸ‡ªğŸ†”,,2020-11-28
Sports4cusGroup,SportsFocusGroup,,2020-11-28
santanOTF,santan.sasoğŸ’œâ˜”,Raftel,2020-11-28
IfaleagueIbadan,Ibadan Football Association,"Ibadan, Oyo State, Nigeria",2020-11-28
5mmshy,Abdullah,"Ø­Ø§Ø¦Ù„, Ø§Ù„Ù…Ù…Ù„ÙƒØ© Ø§Ù„Ø¹Ø±Ø¨ÙŠØ© Ø§Ù„Ø³Ø¹ÙˆØ¯ÙŠØ©",2020-11-28
ahmedalishah45,Syed Ali,,2020-11-28
Kabir17_,Hmm Achha Theek hai.,,2020-11-28
Kapil_David12,kapil David,ğŸ‡®ğŸ‡³,2020-11-28
monis1320,monis liyaqat,"Shupiyan, Jammu And Kashmir",2020-11-28
IliyasuAli10,HalaMadrid gh,"Accra, Ghana",2020-11-28
bodaly12,ğŸ˜ bOdALY ğŸ¦,Somewhere,2020-11-28
Mabuza_G13,G. BEST,Pluto,2020-11-28
RMFNepal,Real Madrid Fans;Nepal ğŸ‡³ğŸ‡µ,Nepal,2020-11-28
AlexTOSKOVIC,Alex TOSKOVIC,"Kraljevo, Serbia MADRID, Spain",2020-11-28
sebastiansantag,Sebastian Santacruz A.,,2020-11-28
Sportshere2,Sportshere,,2020-11-28
Architect_Gopal,Architect | TEAM RUBINA DILAIK FC â™¥ï¸| BB14 |,,2020-11-28
ziggsss,Ziggs,"Grand Casablanca, Morocco",2020-11-28
GolAlerta,Alerta Gol,"Coya, Chile",2020-11-28
Footballgoal20,Football Goals,,2020-11-28
himu_077,HIMANSHU BADOLA,"Ghaziabad, India",2020-11-28
young_prof_,young prof,he/they,2020-11-28
AkataFlourish19,MANUELğŸŒ¹ğŸŒ¹,"Ibadan, Oyo State",2020-11-28
SyedArhamGohar,Syed Arham Gohar,"Karachi, Pakistan",2020-11-28
KhaledNHassoun,â“€â’½â’¶â“â’ºâ’¹ â“‡â’ºâ’¶â“ â“‚â’¶â’¹â“‡â’¾â’¹,,2020-11-28
TheRMadridTV,TheRMadridTV,Subscribe to us on YOUTUBE,2020-11-28
MarcRhayem,BenzeMarc 1ï¸âƒ£3ï¸âƒ£ 3ï¸âƒ£4ï¸âƒ£ ğŸ†,,2020-11-28
SalehMadridista,Saleh Madridista,Estadio Santiago BernabÃ©u,2020-11-28
KingsOfEuropa,Reyes de Europa!,,2020-11-28
Angelparra_22,Angel,Venezuela,2020-11-28
MasoodKhudadad,Masood Khudadad,,2020-11-28
RealMadridQC,Real Madrid QuÃ©bec,Canada,2020-11-28
Ahmed_A_Askar,Askar,Cairo/Egypt,2020-11-28
sudevatgur,Sudev Atgur,"Gujarat, India",2020-11-28
IamNOTcrazy__,Pavlos,"Cyprus,Nicosia",2020-11-28
maclife97,shAyan,,2020-11-28
Boughttat,Jeff Stonkos,Nerdvana,2020-11-28
donje__,immortan donje,"Laugh Tale, Grand Line",2020-11-28
mannyvsoker,Manny,,2020-11-28
dyzurita,Dylan,,2020-11-28
theLamso,LAMINE,,2020-11-28
idam_okechukwu,#EndSwat,"Lagos, Nigeria",2020-11-28
ElPepe1717,Pedro Gonzalez,,2020-11-28
agupatrick01,Patrick,In Your House ,2020-11-28
Virhdez7,Vir Hdez,Roales (Zamora),2020-11-28
pablourdiciain,PabloUrdiciainUrzaiz,,2020-11-28
futbol_fantasy,FÃºtbolFantasy,EspaÃ±a,2020-11-28
FRmcff,FansRMCFF,,2020-11-28
cameronaab1,2Dope2ffYaLead,"England, United Kingdom",2020-11-28
KelzMff,Mack,Daveyton and Polokwane,2020-11-28
oscar_fanatic,Oscar_The_Fanatic,[D]m[V],2020-11-28
PungiDaasa,MosrannağŸ™ƒ,,2020-11-28
playpongis,Pongis,Japan,2020-11-28
jordyxcollins,jordanxcollins,"Denver, Colorado",2020-11-28
CharlieSGSport,Charlie,,2020-11-28
pulgazarate,Ana ZÃ¡rate,,2020-11-28
kikeabrilruiz13,Soldado de AsllaniğŸ‘‘ğŸ‡¸ğŸ‡ªâš½,Estadio Benito VillamarÃ­n âš½,2020-11-28
ynadamaspodcast,ynadamaspodcast,United States,2020-11-28
duodecima1,RM,World,2020-11-28
WatchNo19054971,Watch Now,,2020-11-28
Sandesh97596045,Sandesh Khadka,,2020-11-28
cokemon6,Coke,Mexico,2020-11-28
samrat__dulal,Samrat Dulal,,2020-11-28
thatmadrid_guy,Trambak Bhattacherjee,Following behind you:) ,2020-11-28
waroh_sarawut,Sarawut Waroh,"à¸ˆ.à¸ªà¸•à¸¹à¸¥, à¸›à¸£à¸°à¹€à¸—à¸¨à¹„à¸—à¸¢",2020-11-28
bleedwhite9,galacticos (34ğŸ†),,2020-11-28
IncKelton,ğ—•ğ—¹ğ—®ğ—»ğ—°ğ—¼ğ˜€ ğ—Ÿğ—¶ğ˜ƒğ—²,,2020-11-28
Conlabrisa,Givi,"Las Vegas, NV",2020-11-28
Nadieimportant2,Nadieimportante,En mi mundo feliz ,2020-11-28
futmaster_YT,Fut Master,,2020-11-28
AlviRayaan,Rayaan Alvi #WearTheMask,"Ú©Ø±Ø§Ú†ÛŒ, Ù¾Ø§Ú©Ø³ØªØ§Ù†",2020-11-28
bold_realmadrid,bold.dk - RealMadrid,,2020-11-28
KartikSreekumar,Kartik Sreekumar,"Kerala, India",2020-11-28
swiftdelicate1,I STAND WITH TAYLOR - CarmenğŸ˜,"New York, NY",2020-11-28
JuventusJay,J âšªâš«,#OMNIPLETE,2020-11-28
goalkeapper,tony martinez diaz,barcelona,2020-11-28
Vedansh_01,Tritonâ„¢,,2020-11-28
DiegoGrobaLoren,DGL,fuerteventura (Morro Jable),2020-11-28
imjontolbert,Jon Tolbert IV,staying inside,2020-11-28
farhat514,Farhat Abbas,"Torino, Italy",2020-11-28
SiulOczoro989,Siul OczoroğŸµ ğŸ,,2020-11-28
giri20125669,giri,,2020-11-28
JanakTailor,â€”â€”â€”-,United Kingdom,2020-11-28
yakubumohammed_,yakub mohammed,,2020-11-28
harshalgandhi28,The Harshal Gandhi,"Mumbai, India. ",2020-11-28
DamilolaAdeoti4,DÃ¡mÃ¬lÃ³lÃ  Adeoti,Abuja,2020-11-28
JPAS0605,Jean-Pierre,Tomando Fernet,2020-11-28
Musicmelody201,lawrence lara,1300 Horseshoe Lane Norristown,2020-11-28
CinnamonCorazon,ğŸ–¤corazÃ³n de cinnamon ğŸ´,ğŸŒ‘on the horizonğŸŒ‘,2020-11-28
AmmarZamann,A M M A R,"15 Yemen Road, Yemen",2020-11-28
wilson_emt,Emily Wilson,Canada,2020-11-28
El7delRM,REYES DEL UNIVERSO,"AlcalÃ¡ de Henares, EspaÃ±a",2020-11-28
officialrm_dna,RM_DNA,,2020-11-28
hollow387,Z.,,2020-11-28
4ver_madridista,papa PEREZ,,2020-11-28
fitsum,ğŸ‡ªğŸ‡¹ğŸ‡ºğŸ‡¸ğŸ¤™ğŸ¾áááˆ,+1 202,2020-11-28
KurdistanRMD,Real Madrid in Kurdistan,Kurdistan,2020-11-28
ShadyFiasco,ShadyFiasco,"Ottawa, Canada",2020-11-28
G_Gustavin,Gustavo Gonzalez,PanamÃ¡,2020-11-28
RAR_2011,Mohammed Almudahki,"Dhahran, Saudi Arabia",2020-11-28
Absolute_RMCF,Advp,India,2020-11-28
Notursoccerexp1,Notursoccerexpert,,2020-11-28
sportli32511311,sport live,,2020-11-28
MaradonasDealer,Maradona's Dealer (Burner Account),,2020-11-28
TxenTeam1986,ChentEDM ğŸŸ OnlyCopyCaTGA,"Burgos, CastillayLeon, EspaÃ±a.",2020-11-28
PSG24hours,PSG en Direct ğŸŒ,Parc des Princes,2020-11-28
KlaasMoukangwe,Klaas Moukangwe,"Pretoria, South Africa",2020-11-28
maxo41,Master Class,"Cayes, Haiti",2020-11-28
ovostreams,Nba Streams,,2020-11-28
higurashi_asuna,Asuna Higurashi,Colombia,2020-11-28
ConvertOdds,Convert Odds,,2020-11-28
JannatC91780391,Jannat Ch,,2020-11-28
GiftCards21,Gift Cards Giveaway,united states,2020-11-28
AnirudhBot,Developer's Bot,,2020-11-28
notfergie,MUFC,,2020-11-28
JoelBBCAN,Joel Lefevre,"British Columbia, Canada",2020-11-28
AbhishreySR,Abeer Singh,,2020-11-28
Amy121296,Amy ğŸ§šğŸ¼,,2020-11-28
pelzbanks,Pelzbanks,,2020-11-28
ManUnitedCore,Man United Core,,2020-11-28
ManUnitedCore,Man United Core,,2020-11-28
TVDELDEPOR1,Transmisiones del Deporte 1,,2020-11-28
TVDELDEPOR1,Transmisiones del Deporte 1,,2020-11-28
tunjigreen,#EndSWAT,"Lagos, Nigeria",2020-11-28
devvibesbot,WebDevVibes,,2020-11-28
VotingOnFootie,Football Polls,,2020-11-28
1004Ziyan,"Hope ""18 Again"" to ""Search"" My ""Start-Up""",In My Universe,2020-11-28
LawrenceBosire3,Lawrence,,2020-11-28
sectest9,Security Testing,"Hyderabad, India",2020-11-28
CyberSecurityN8,Cyber Security News,,2020-11-28
ManUnitedCore,Man United Core,,2020-11-28
mufcsp,MUFCSP,In limbo ,2020-11-28
LeetcodeB,LeetcodeBot,,2020-11-28
NVSData,Mr Data Scientist,"Melbourne, Victoria",2020-11-28
EbotAyuk,Ebot Ayuk,Zion ,2020-11-28
LawrenceBosire3,Lawrence,,2020-11-28
ManUnitedCore,Man United Core,,2020-11-28
mishunmedia,mishun,,2020-11-28
ariansyah9993,Muhammad Ariansyah,"Kota Tangerang, Banten",2020-11-28
GiftCards21,Gift Cards Giveaway,united states,2020-11-28
ManUnitedCore,Man United Core,,2020-11-28
SeamusMcGeady,Seamus Brandon ( McGeady ),Northern Ireland,2020-11-28
mishunmedia,mishun,,2020-11-28
manutddn,Manchester United DN (daily news),,2020-11-28
ShafrazKamil,Shaphie_y,Sollematen ğŸ¤ª,2020-11-28
MatthewCannon2,Matthew Cannon,United Kingdom,2020-11-28
unitedtony99,Tony Marshall,Manchester,2020-11-28
unitedtony99,Tony Marshall,Manchester,2020-11-28
unitedtony99,Tony Marshall,Manchester,2020-11-28
ManUtdMarist,Manchester United,,2020-11-28
FutPoggers,FUT Poggers,UK,2020-11-28
coyler_,CoylerUTDğŸ”´ğŸ‡¾ğŸ‡ª,,2020-11-28
Dmeister89,Debjit Majumder,,2020-11-28
MahenMaya,Maya ğŸ–¤,London,2020-11-28
Sabyasa57775575,Sabyasachi Chakraborty,,2020-11-28
FBPredictions,FootballPredictions.com ğŸ†,"Wembley, London",2020-11-28
WinningBetsPod,Winning Bets ğŸˆâš¾ğŸ€âš½ğŸ’=ğŸ’°,Chicago,2020-11-28
NeilNWLondon,NeilfromNWLondon,London,2020-11-28
businessnews_3,Business News,"Birmingham, England",2020-11-28
mostvaluablelad,Most Valuable Lad,,2020-11-28
JoelBBCAN,Joel Lefevre,"British Columbia, Canada",2020-11-28
LawrenceBosire3,Lawrence,,2020-11-28
manufacturing_2,Manufacturing News,"Birmingham, England",2020-11-28
apunkanews,Latest News from Mumbai,"Mumbai, India",2020-11-28
notfergie,MUFC,,2020-11-28
aiminternet,AIM Internet,"Birmingham, UK",2020-11-28
ThomasBudweiser,Thomas Budweiser Mackenzie,"Canary Islands, Spain",2020-11-28
QueenethKelechi,Queeneth Anusionwu,Port Harcourt,2020-11-28
Javi_ATMPES,Javi ATM,,2020-11-28
King_Zini,Oluwasegun,Anywhere the money is ,2020-11-28
Mithun_Sanghavi,Mithun Sanghavi,"Pune, India",2020-11-28
andrew_wall,Andrew Wall,"West Midlands, England",2020-11-28
prannu18,Prannesh,India,2020-11-28
Earth_Extreme,Earth Extremities,UK,2020-11-28
maxmathews95,Max Mathews,"Croydon, Greater London",2020-11-28
tanny_habib,TANSEN,,2020-11-28
unitedtony99,Tony Marshall,Manchester,2020-11-28
OsaroIkhinmwin,Osaro Ikhinmwin,Nigeria,2020-11-28
harryguanto,Harryguanto,,2020-11-28
mufcsp,MUFCSP,In limbo ,2020-11-28
jimmymcbride1,Jimmy McBride,St Helens,2020-11-28
SportingIconsUK,Sporting Icons,"North East, England",2020-11-28
1976mufc,â¤ï¸ MUFC â¤ï¸,United Kingdom,2020-11-28
sports_xplore,XploreSports,Pune,2020-11-28
gladwell89,Dan gladwell,Grimsby,2020-11-28
WinningBetsPod,Winning Bets ğŸˆâš¾ğŸ€âš½ğŸ’=ğŸ’°,Chicago,2020-11-28
cybersec_feeds,Cyber Security Feed,Internet,2020-11-28
boycottunited20,The Service,,2020-11-28
mjonesy07,mark jones,Ruthven,2020-11-28
olelegend2009,The Red Devils ğŸ‡¾ğŸ‡ª,,2020-11-28
paulandrew71,paulandrew,glasgow,2020-11-28
VictorSDelta,Vishwesh,India,2020-11-28
GeorgeRawlings4,George Rawlings,,2020-11-28
Kevin40643689,Kevin,"Yapton, England",2020-11-28
ManUtdCorner7,Man Utd Corner,,2020-11-28
Forebet,Forebet,,2020-11-28
amiliche,ich amor,kenya,2020-11-28
revell7,âœŒğŸ»Amy Revell  âœŒğŸ»,"Salisbury, England",2020-11-28
SSXman2,S. S. Xman,"Benin-City, Nigeria",2020-11-28
Forebet,Forebet,,2020-11-28
ManUnitedCore,Man United Core,,2020-11-28
suemcco11,Sue Grace,"Dublin,Ireland",2020-11-28
UTDFitzz,Fitz,United States,2020-11-28
24Feast,Football Feast 24,,2020-11-28
notfergie,MUFC,,2020-11-28
matthijs_pog,matthijs_pog,,2020-11-28
ManUnitedCore,Man United Core,,2020-11-28
ManUtdCorner7,Man Utd Corner,,2020-11-28
manutdnewsonly,Man Utd Fans,,2020-11-28
cardsharps_,Card Sharps,,2020-11-28
simonsim,simon james,ABERSOCH ENGLAND,2020-11-28
PSG24hours,PSG en Direct ğŸŒ,Parc des Princes,2020-11-28
ovostreams,Nba Streams,,2020-11-28
TheProdigalSean,Sean Miller,Philly/NJ/MCR/Copenhagen,2020-11-28
BoopStats,Bob Vetrone Jr.,"Cherry Hill, NJ",2020-11-28
bettorsinsider,Bettors Insider,"Philadelphia, PA",2020-11-28
naimkudo,dead in absentia,,2020-11-28
ihasnaga,Hasnain Aga,"Bangalore, India ",2020-11-28
ID_Rachana,Rachana Sharma,"Bengaluru, India",2020-11-28
Zainulfakri,Squidward tortellini,"Semarang, Jawa Tengah",2020-11-28
RadioKhendoFM,Khendo FM 107.9,"Bungoma, Kenya",2020-11-28
lucygavey,Lucy Garvey,"Nairobi, Kenya",2020-11-28
HottestStockNow,Hottest Stocks Now,"Las Vegas, NV",2020-11-28
chaseyoursport,Sports Social,"Gurgaon, India",2020-11-28
manutdnewsonly,Man Utd Fans,,2020-11-28
agusyko,á´°á´µá´µá´µ,MÎ”RS,2020-11-28
heruanggaSS,Heru Angga,INDONESIA,2020-11-28
CFOPUBREL,CHARLES IGBINIDU,Nigeria,2020-11-28
maxmathews95,Max Mathews,"Croydon, Greater London",2020-11-28
_liberal_vibes,Ash,"New York, USA",2020-11-28
rogwalker,Roger Armand Walker,"Lichfield, England",2020-11-28
mufcsp,MUFCSP,In limbo ,2020-11-28
BillyNomates0,BillyNomates0,"Wales, UK",2020-11-28
Bedi_Vert,Sagramor le DesrÃ©e,,2020-11-28
Addyaz21,Adam Azhari,England,2020-11-28
coinlovers2,coin lovers,london,2020-11-28
Godspeedyou87,Paliochaâšª,"Paris, France",2020-11-28
TobiasPolo7,Tobias Polito,,2020-11-28
TheDevilsDen_92,ğŸ‘¹ The Devil's Den ğŸ‘¹,,2020-11-28
FootballFifaFan,Fifa Fan,United Kingdom,2020-11-28
coinlovers2,coin lovers,london,2020-11-28
TheDevilsDen_92,ğŸ‘¹ The Devil's Den ğŸ‘¹,,2020-11-28
AliceTalksFooty,Alice Abrahams,"Cambridge, England",2020-11-28
BillyNomates0,BillyNomates0,"Wales, UK",2020-11-28
TinauAbdallah,AMMAK.303,,2020-11-28
almadhielo,almadhieloPS,Argentina Patagonia ,2020-11-28
Secnewsbytes,Ian Cook,"South East, England",2020-11-28
Manutdcsk,LakshyağŸ‡®ğŸ‡³ğŸ”° #manchesterunited,In your heart â¤ï¸ ,2020-11-28
matchdaymemory,Matchday Memory #LookingBack,Wylye Valley,2020-11-28
manutdnewsonly,Man Utd Fans,,2020-11-28
SportsMarvel1,"Sports Marvel- English Premier League , Dream 11",India,2020-11-28
CybazeSocial,CybazeSocial,Italy,2020-11-28
manutdindodesig,Manutdindosesign,,2020-11-28
okechukwundubui,okechukwu ndubuisi,,2020-11-28
manutdnewsonly,Man Utd Fans,,2020-11-28
ITEmpathy,IT Empathy,United Kingdom,2020-11-28
FernAmigon,Fernando Amigon,"New Jersey, USA",2020-11-28
cybersec_feeds,Cyber Security Feed,Internet,2020-11-28
BlueSeats35,Art DeGaetano,New Jersey,2020-11-28
NEILSHOTDEALS,NEILSHOTDEALS,Islip New York,2020-11-28
ManUtdFanKe,manchester united  fansğŸ‡°ğŸ‡ª,"Nairobi, Kenya",2020-11-28
ManUtdFanKe,manchester united  fansğŸ‡°ğŸ‡ª,"Nairobi, Kenya",2020-11-28
leulUTD,Leul,somewhere Good,2020-11-28
unitedtony99,Tony Marshall,Manchester,2020-11-28
unitedtony99,Tony Marshall,Manchester,2020-11-28
gifts_football,Football Gifts Direct,"Birmingham, England",2020-11-28
sporttribe23___,Sporttribe23,,2020-11-28
kaiso_ol,Romy â™¡ Kå¼€I,,2020-11-28
Ft_Manor,ğŸ¥¤Â®ï¸,,2020-11-28
orujul,Orujul Hassan Syed,,2020-11-28
_JamesLinnane,James Linnane â˜ï¸,"London, England",2020-11-28
AL_ben48,ALben darmansyah,Karawang Rock City \m/,2020-11-28
bima_kuku,BimaBaruna,Stretford End,2020-11-28
sdnsuay,UTD_SA,Nepal,2020-11-28
juliendanaux,Danaux,,2020-11-28
muktitrio_,Kgs. Mukti Trio Putra (è¬¬æ),,2020-11-28
VikSharma1990,Vik,,2020-11-28
MufcSongs,MUFC Songs & Chantsâ„¢,"Manchester, England",2020-11-28
Manutdcsk,LakshyağŸ‡®ğŸ‡³ğŸ”° #manchesterunited,In your heart â¤ï¸ ,2020-11-28
securesource1,Secure Source Ltd,UK,2020-11-28
Red_Devils_Show,Red Devils United,,2020-11-28
lynngoheels,Lynn Norris,"Sullivan, IN",2020-11-28
Redballoonfims,RedBalloonFims,"Kildare, Ireland",2020-11-28
Redballoonfims,RedBalloonFims,"Kildare, Ireland",2020-11-28
GilaMon86427227,RedDevilDragonlager,,2020-11-28
SinchSe7en,Sinchan Sarkar,"Bengaluru, India",2020-11-28
worldnewsdotcom,World News Network,,2020-11-28
the_spiritvines,THE SPIRIT VINES,manchester,2020-11-28
shukla_akshata,Akshata Shukla,"Delhi, India",2020-11-28
ghostntmachine,GhostintheMachine,"EastEnd, London",2020-11-28
TransferInf0,Transfer Info,,2020-11-28
joelane45,Joseph Lane, Instagram: josephlane45,2020-11-28
ManuImani,Manu,"Miami,Kingston,London",2020-11-28
Speciaaaal_kay,special,,2020-11-28
ZedShowgirl,Michelle Peeples,"Rockaway Beach, New York",2020-11-28
iam_hezeakel,Mr. K.O,"Lagos, Nigeria",2020-11-28
avdrst,Arnaud Vanderroost,"Brussels, Belgique ğŸ‡§ğŸ‡ªğŸ‡ªğŸ‡º",2020-11-28
anino__,Anino-Oritse Ejeye,Nigeria,2020-11-28
Pierce2580,Pierce Johnson,,2020-11-28
MPT_Enzo,Michael Toal,"Nottingham, UK",2020-11-28
Oniletvng,Oniletvng,,2020-11-28
manutdnewsonly,Man Utd Fans,,2020-11-28
Uncle_braun,pictures Lie âš ,,2020-11-28
AbbasHaidar_,Abbas Haidar,"Essex, United Kingdom",2020-11-28
ManagerChurch,Church,Somewhere in your mind,2020-11-28
Oniletvng,Oniletvng,,2020-11-28
IanBroughall,IanBroughall,Cambridge UK,2020-11-28
PaulThistleton,Paul,Republik of Mancunia ,2020-11-28
thegaffer1969,JohnnyredğŸ‡¾ğŸ‡ª,"Wexford, Ireland",2020-11-28
AbhishreySR,Abeer Singh,,2020-11-28
Tecno_MAS__,ğ—§ğ—²ğ—°ğ—»ğ—¼ğ— ğ—”ğ—¦ | #ğ—¤ğ˜‚ğ—²ğ—±ğ—®ğ˜ğ—²ğ—˜ğ—»ğ—–ğ—®ğ˜€ğ—®,,2020-11-28
Tecno_MAS_,ğ—§ğ—²ğ—°ğ—»ğ—¼ğ— ğ—”ğ—¦ | #ğ—¤ğ˜‚ğ—²ğ—±ğ—®ğ˜ğ—²ğ—˜ğ—»ğ—–ğ—®ğ˜€ğ—®,,2020-11-28
45MinStore,45Minutes Store,"Kariakoo, Dar es salaam ",2020-11-28
tickin_clocks,tHe environMANtalist,"Port Harcourt,Nigeria",2020-11-28
OnlyUtd,ğŸ‡¬ğŸ‡§ğŸ´ó §ó ¢ó ¥ó ®ó §ó ¿,"England, United Kingdom",2020-11-28
asianconnect,asianconnect,Europe | Asia,2020-11-28
NatSportUAE,The National Sport,"Abu Dhabi, UAE",2020-11-28
RedNatDee,RedNatğŸ”´,United Kingdom,2020-11-28
SupporterStreet,SupporterStreet,"England, United Kingdom",2020-11-28
natam2011,Adam Allcock,,2020-11-28
abuja_house,DEALS FOR ALL ABUJA,"Abuja, Nigeria",2020-11-28
Official_PDS,Perempuan Dalam Sepakbola,,2020-11-28
Jerseyforum,Jersey Forumotion,,2020-11-28
hettinga,rah,"Seafeathers Bay, Anguilla, BWI",2020-11-28
TecnoMAS__,ğ—§ğ—²ğ—°ğ—»ğ—¼ğ— ğ—”ğ—¦ | #ğ—¤ğ˜‚ğ—²ğ—±ğ—®ğ˜ğ—²ğ—˜ğ—»ğ—–ğ—®ğ˜€ğ—®,,2020-11-28
ManUtdCorner7,Man Utd Corner,,2020-11-28
Chrysan51142054,Chrysanthemum,,2020-11-28
ManUtdCorner7,Man Utd Corner,,2020-11-28
ManUtdCorner7,Man Utd Corner,,2020-11-28
informers1,Beware of Maya ğŸ‡®ğŸ‡ª,Inner Space ,2020-11-28
astonkilloran,Aston Killoran,,2020-11-28
TheGoalmarkt,The Goalmarkt,Jakarta Capital Region,2020-11-28
ManUtdCorner7,Man Utd Corner,,2020-11-28
physorg_tech,Phys.org Technology,,2020-11-28
TechXplore_com,TechXplore,US,2020-11-28
FL_liv3,Fantasy League Live,,2020-11-28
Ostraca_EU,Ostracism,,2020-11-28
SamirWahidLDM,Samir Wahid,,2020-11-28
tatenda_sibanda,Michael Sibanda,South Africa,2020-11-28
LiamSaysAloha,AlohaâœŒğŸ»FromğŸ––ğŸ» LiamğŸ¤ŸğŸ»,"Oxford, England",2020-11-28
Its_Dumvinci,Dumebi Kogolo,I Thor ğŸ”¨,2020-11-28
BritishHeraldUK,British Herald,"London, United Kingdom",2020-11-28
9jaGooners,9jagooners #EndSARSNow,Nigeria,2020-11-28
AppMatchday,The MatchDay App,Nigeria,2020-11-28
SportsStreamuk,SportsStream.co.uk,UK,2020-11-28
camfis77,Camille Fischbach,"Ile-de-France, France",2020-11-28
spartanmunich,spartanmunich,MÃ©xico,2020-11-28
hairdryerfooty,Hairdryer Treatment,Dressing Room,2020-11-28
TopMercato,â–º Top Mercato,France,2020-11-28
sumikha36713673,sumi khatun,,2020-11-28
hakimki80430161,hakim kimo,,2020-11-28
TheX97703351,TheX,,2020-11-28
WinningBetsPod,Winning Bets ğŸˆâš¾ğŸ€âš½ğŸ’=ğŸ’°,Chicago,2020-11-28
CarlosJSB231290,CarlosJSB231290,,2020-11-28
MadridSix,Stream and Prediction tips,,2020-11-28
kev_egan,Kevin Egan,ğŸ‡®ğŸ‡ªDUB â¡ï¸ CHIâ¡ï¸ MIAâ¡ï¸ ATLğŸ‡ºğŸ‡¸,2020-11-28
Marvindroide,Marvin,"Lima, PerÃº",2020-11-28
ApuestasGoat,Goat Apuestas,,2020-11-28
SirMultifandom,K/DA More,En mi casa desde 1995/04/12,2020-11-28
Pratyus45785567,Pratyush Srivastava,,2020-11-28
Virginia_MS_,Virginia ğŸ’«,"Murcia, EspaÃ±a",2020-11-28
szvdesign,szvdesign,,2020-11-28
TwitMadridista,UniversalTweet,africamericasiaeuropeoceany,2020-11-28
Solofutbolfemen,TS futbol femenino,,2020-11-28
williehappiness,NAZA,"Lagos, Nigeria",2020-11-28
ViveandChill,Viveandchill,online,2020-11-28
TeamCR7Japan,Cristiano Ronaldo ( atğŸ¡ ),â™”Estadio Santiago BernabÃ©uâ™”,2020-11-28
Joseisallin,JosÃ© Merino,Ciudad Real,2020-11-28
isra7delatorre,Israel De La Torre,,2020-11-28
margaritafg18,MargArita FG,"Piura, Peru",2020-11-28
ftblersOfficial,FTBLERS Official,,2020-11-28
Gamedevbot9000,Gamedev every 20 minutes!,,2020-11-28
touchdownbot,Touchdown Bot,United States,2020-11-28
FutIconOK,FutIcon,,2020-11-28
Yannic416,Fat TonyğŸ‡¹ğŸ‡¹,"Queens, NY",2020-11-28
EmilioRM13_34,ğŸ‡»ğŸ‡ªğŸ‡ªğŸ‡¸HALA MADRID âš½ğŸ†ğŸ‡»ğŸ‡ªğŸ‡ªğŸ‡¸,El Mejor paÃ­s del Mundo,2020-11-28
EsportsTweeter,Esports RTs - Discountined,United States,2020-11-28
maxmathews95,Max Mathews,"Croydon, Greater London",2020-11-28
LimbaughOC,David Limbaugh,USA,2020-11-28
OddsCovers,ODDSCOVERS (Official),USA,2020-11-28
IreneAdlerOC,Irene Adler,,2020-11-28
LandonSmithOC,Landon Smith,United States of America,2020-11-28
Neibeth94,Nei N âš½ğŸ,Valencia - Venezuela,2020-11-28
sermadness,ZIDANE,â™ï¸,2020-11-28
jem2050,Ahmed1999,,2020-11-28
AmigosRM_Marace,PeÃ±a RM Maracena,Granada,2020-11-28
BrandingDrop,Uptown Graphics Inc,"Keekorok Road, Nairobi. ",2020-11-28
usama_isco22,Usama Sarwar Â³â´,"Umarkot, Pakistan",2020-11-28
ToniKrooz8,TK8,,2020-11-28
Abraham_ESP96,Abraham ğŸ‡ªğŸ‡¸,EspaÃ±a,2020-11-28
anapaumaup,Ana Pau MaupomÃ©,WorldWide,2020-11-28
pina33elTitan,pina33elTitan,,2020-11-28
lolo73mgg,ğŸ‡ªğŸ‡¸Madridista puroğŸ‡ªğŸ‡¸,"Yecla, EspaÃ±a",2020-11-28
AlitmrAli,Ali (TMR),,2020-11-28
fergarci7,ğŸ‡ªğŸ‡¸ Fernando GarcinuÃ±o ğŸ‡ªğŸ‡¸,Ãvila,2020-11-28
diegojdq,Diego De Quintal,,2020-11-28
_SerMadridista,SerMadridista,"Madrid, Comunidad de Madrid",2020-11-28
RodrigooMiguel7,Rodrigo Miguel ğŸ‡§ğŸ‡·ğŸ‡ºğŸ‡¸ğŸ‡ªğŸ‡¸,WorldWide,2020-11-28
aripov_sarvar,Aripov Sarvar ğŸ‡ºğŸ‡¿ğŸ‡ºğŸ‡¿ğŸ‡ºğŸ‡¿,Uzbekistan ğŸ‡ºğŸ‡¿,2020-11-28
marcosvd__,Marcos Vicente DÃ­az,"Parla, EspaÃ±a",2020-11-28
EsperonAlonso,Roberto Esperon Alonso,,2020-11-28
drunkjaguar,Alessandra,,2020-11-28
oddsjet,OddsJet,,2020-11-28
CGP_TV,CristÃ³bal GarcÃ­a,AndÃºjar,2020-11-28
ReyReal_RN,ğŸ†3âƒ£4ï¸âƒ£ + 1âƒ£3ï¸âƒ£ğŸ†,EspaÃ±a,2020-11-28
Karlos00898059,Karlos,,2020-11-28
Aaronwarriors,AarÃ³n,"Madrid, EspaÃ±a",2020-11-28
Vasqueztony_17,Tony Vasquez,Maracay Aragua Venezuela,2020-11-28
jfayala79,J F AyalağŸšŒ ğŸ˜· ğŸ’™ ğŸ’š,,2020-11-28
Marck_78,JesÃºs MartÃ­nez,Terrassa (Barcelona) EspaÃ±a ,2020-11-28
cr0quetica,Tamarita Rumpelstiltskin,"Siete mis estrellas, Madrid",2020-11-28
Subhaji17882621,Subhajit Paul,,2020-11-28
loren_cr7,CapitÃ¡n Deadpool,"CÃ¡ceres, EspaÃ±a",2020-11-28
roobxs,rob // asfive,.brasil,2020-11-28
IvanMaroto07,IvÃ¡n Maroto Montoroâ„ï¸â›„ğŸ„ğŸš¬,,2020-11-28
GrantRM1,Maria Radisavljevic,,2020-11-28
mandinehenry6,Ana :),rmcf â€¢ lfc â€¢ sep â€¢ storm,2020-11-28
Alberto_Shaoke,Alberto SÃ¡nchez ğŸ‡ªğŸ‡¸RMğŸ‡ªğŸ‡¸,,2020-11-28
Mcardona10,Marta Cardona de Miguel,Zaragoza,2020-11-28
Franciscosan4,Francisco Sanchez,Caudete (Albacete) EspaÃ±a,2020-11-28
FootyLegend_,Footy Legend VIP Hospitality,"Barcelona, Spain",2020-11-28
NayelinNegrette,Naye NG,"San Francisco de MacorÃ­s, Domi",2020-11-28
DuaaRMCF,ğ““ğ“¾ğ“ªğ“ªï·¼ğŸ‡³ğŸ‡±ğŸ¤,â“‚ÉªsğŸ‡±ğŸ‡¾||â“‚á´€á´…ğŸ‡ªğŸ‡¦,2020-11-28
anamerengona,Anita,,2020-11-28
horchani_nafaa,nafaa horchani,,2020-11-28
isma_mvp,Isma,,2020-11-28
brianvanderbest,Brian Van Der Biest,,2020-11-28
SandraMoraxa,SÎ±Ğ¸âˆ‚ÑÎ± ğŸ–¤,Entre Mora y Yepes ,2020-11-28
iamdamaged8,MkğŸ³ï¸â€ğŸŒˆ,,2020-11-28
FidalgoMon,MarÃ­a Mon Fidalgo,,2020-11-28
Ricardo73556098,Ricardo Cunha,,2020-11-28
bogdannitescu1,bogdan.nitescu,"Bucharest, Romania",2020-11-28
dacilpr28,Dacilpr/shak ğŸ‡®ğŸ‡¨ğŸ‡ªğŸ‡¸,"Las Palmas de Gran Canaria, Is",2020-11-28
SimberWann,Simber MadridistağŸ˜âœŒğŸ»ğŸ‘ŠğŸ»,"Kona, Ghana",2020-11-28
ririboynic,Jorge Abea ( desde ğŸ ),Nicaragua,2020-11-28
sralouist,hbriela,sempre altaneiro   ela/dela ,2020-11-28
Acevedo_S9,S.AC 9Â¾ ğŸŒˆ ğŸ³ï¸â€ğŸŒˆ,r,2020-11-28
lee_rko,Larissa ğŸŒªï¸,Brasil,2020-11-28
adrianvk94,AdriÃ¡n Caballero,"Madrid, Comunidad de Madrid",2020-11-28
lavado17,AdriÃ¡n Lavado,"Collado Villalba, Madrid",2020-11-28
helen7RM,Siempre Real 3ï¸âƒ£4ï¸âƒ£ğŸ†,EspaÃ±a,2020-11-28
uel_mita,UCEL da Mitagem,,2020-11-28
uefamita,uefamita,,2020-11-28
Nike12315417899,Nike123,,2020-11-28
kwekujr_,ONUAğŸ‡¬ğŸ‡­,,2020-11-28
gobon14_,Gabriel Obon,,2020-11-28
NEILSHOTDEALS,NEILSHOTDEALS,Islip New York,2020-11-28
Xabi207,Javi Torres,Vizcaya/Bizkaia,2020-11-28
RicaGalletiita,GalletağŸ’,,2020-11-28
easyodds,Easyodds.com,"Leeds, England",2020-11-28
Soy_RM_CF,Allen,Donde Juegue el Real Madrid CF,2020-11-28
Danielfm_95,Daniel Flores,Madrid,2020-11-28
alexpinillos82,ğ“ğ“µğ“®ğ” ğŸ‡ªğŸ‡¸ ğŸ ğŸš,"Madrid,EspaÃ±a",2020-11-28
boricuatwit,Boricua Twit,unknown,2020-11-28
fdezj_jose88,ğŸ’¥Jose FernÃ¡ndezğŸ’¥,,2020-11-28
GloberTorpess,Mr. X â”,,2020-11-28
duudito,Edu,Mdz,2020-11-28
Blacksky_616,â¸¸ AÌ¥leÍ›x â›§,En algÃºn lugar del universo ğŸ–¤,2020-11-28
carrillo_elissa,Ely carrillo,,2020-11-28
_carolnaarroyo,Carol,,2020-11-28
charlespats,Carlos Dos Santos,"Madrid, Comunidad de Madrid",2020-11-28
gabifeal,GabiFM,,2020-11-28
halamadriwd,leticia,santiago bernabeu,2020-11-28
hounly,DMO,,2020-11-28
Madrid_Bekasi,PeÃ±a Real Madrid de Indonesia Regional Bekasi,"Bekasi, Jawa Barat",2020-11-28
Nawas_masood,CROWN PRINCE ğŸ‘‘,HOME OF PEACE,2020-11-28
_pauliiita,h âš¡ï¸,,2020-11-28
RaymerHurtado,Ray Isolated,"AndalucÃ­a, EspaÃ±a",2020-11-28
Alcivar1Carlos,Albert zz ğŸƒ,,2020-11-28
AnxoCampos,Anxo Campos,,2020-11-28
Badgirl_isa,Isa MÃ¼ller â‰›â‰£,por aÃ­ fofoqueiro,2020-11-28
halxrmcf,L,"Rio de Janeiro, Brasil",2020-11-28
CristiianRM7,CristianRMâšª,"MÃ¡laga, EspaÃ±a",2020-11-28
mdcmg98,MğŸ’« RMğŸ³,Real Madrid,2020-11-28
Seddnv,Manu,Spain,2020-11-28
Idotiquides,Hector Mistral,"Madrid, Capital",2020-11-28
RMF_Stan23,â™ Æ™à½Ä±Ê‚ â™‹,"Barcelona, EspaÃ±a  ",2020-11-28
ruben_vm,RubÃ©n V.,EspaÃ±a,2020-11-28
DonAdrian992,Camposss,,2020-11-28
Rafa_C_G_E,Rafa GÃ¡lvez Entrena,MontefrÃ­o(Granada),2020-11-28
365Scores,365Scores,,2020-11-28
FLAIP2,WALDIN,,2020-11-28
RealmadridTacon,RealMadrid_Tacon,,2020-11-28
primethibaut,PrimeThibaut,"Bree, BelgiÃ«ğŸ‡§ğŸ‡ª ",2020-11-28
FloresFemFut,FloresFUTFEM,,2020-11-28
JaviOrtega80,Javier Ortega,,2020-11-28
lumma91,Luma ğŸŒ§ğŸŒ¿,,2020-11-28
Sergio_RMCF07,Sergio7_RMCFâš½ï¸,"Mislata, EspaÃ±a",2020-11-28
kossefia,Van,Earth 666,2020-11-28
realmadridfem,Real Madrid C.F.,Ciudad Real Madrid,2020-11-28
tesorotec,Tesoro Technology,,2020-11-28
ignacio_cz,Ignacio CZ ğŸ–¤ğŸ‡ªğŸ‡¸ğŸ–¤ğŸ˜·ğŸ–¤âœğŸ–¤,"Madrid, EspaÃ±a",2020-11-28
mamateuna67,@mamateuna67,Siempre Desubicado,2020-11-28
Mafalda_Pinho,Moutinho ğŸ‡ªğŸ‡¸,Santiago BernabÃ©u,2020-11-28
drewstyleslj,Ana,Brasil,2020-11-28
BausciaCafe,Bauscia CafÃ©,,2020-11-28
Connorbennett10,Connor Bennett,"Framlingham, England",2020-11-28
ElAsaltaCunas,J ğŸ”¥ S S,Sexto Estado ,2020-11-28
CasinoSieger,Casino Sieger,facebook.com/CasinoSieger,2020-11-28
cristze7,Darth Knightâš”,"Earth, Solar System",2020-11-28
tantarlos,juan carlos,,2020-11-28
Papotepless,ÎœÑÄ›Ğ³sĞ‡Ï‡Î±Ñ”âˆ‚ *Witcher 3 GOTY 2020*,"Islas Canarias, EspaÃ±a",2020-11-28
Forebet,Forebet,,2020-11-28
javiedu27,Javier Orozco 34ğŸ†,"Maracay, Venezuela",2020-11-28
RMCFThhebest,RMCF,"Madrid, Comunidad de Madrid",2020-11-28
YaniraSiete2,ğŸºğŸ¦–ğŸ…ğŸ¼ğŸ¤¶ğŸ¼ğŸ„â„,,2020-11-28
firrheart,bi,BelÃ©m,2020-11-28
MaketoLari,Maketo Lari,,2020-11-28
crisss04__,Crisss18,Madrid 17/03/19,2020-11-28
pablocouce_,Rick Blaine,La CoruÃ±ağŸ‡ªğŸ‡¸,2020-11-28
TMF92,TF,UK,2020-11-28
txell_bnak,â€ xell benach,,2020-11-28
juanrodro,Juan S RodrÃ­guez,MedellÃ­n,2020-11-28
El_Buitre34,Tonio,"Montpellier, France",2020-11-28
cafeyfutbol,â˜• CafÃ© y fÃºtbol âš½,Colombia,2020-11-28
modinhorm13,modinho,"Dar es Salaam, Tanzania",2020-11-28
Juanito63000,Hala Madrid ğŸ‡ªğŸ‡¦ Allez L'OM ğŸ‡¨ğŸ‡µ,"Madrid, Comunidad de Madrid",2020-11-28
EL_SPICIAL,~,,2020-11-28
JuliaParente86,Julia Stark #ForCersei,"Barcelona, EspaÃ±a",2020-11-28
milapinos,maila ğŸŒˆ,"Comunidad de Madrid, EspaÃ±a",2020-11-28
Harborwolf89,Jorge Enrique,,2020-11-28
MigueTotal,Migue-Totalero,"Saturno, Planetas Exteriores.",2020-11-28
oleoleartwork,OLÃ‰ OLÃ‰ I Football Art,Copenhagen,2020-11-28
AchrafRMCF,achraf souayah,"Sousse,Tunisia ",2020-11-28
neguillan,COPITOğŸ€ğŸ’œâ™€ï¸ğŸ’œğŸ‡ªğŸ‡¦ğŸ–¤ğŸ˜·ğŸ˜·,,2020-11-28
OmniFoot,á´á´É´ÉªÒ“á´á´á´›,"Cairo, Egypt",2020-11-28
DavidDomGonz,David,"Pontevedra, EspaÃ±a",2020-11-28
locrechex,luciğŸŒ¹,,2020-11-28
bogavantemio,Mario HernÃ¡ndez,,2020-11-28
rmamerengue,.,,2020-11-28
Andreilinho,Andreilinho,,2020-11-28
WalterK93222831,Walter Kovacs,,2020-11-28
ZZTOP__,calmao,Islas CaimÃ¡n,2020-11-28
zied_khemis,Mohamed Zied Khemis,Mahdia - Tunisie,2020-11-28
91fadl_abaas,91fadl_abaas,,2020-11-28
Strauu,ğŸ•Š,,2020-11-28
FutFemFantasy,FutFem Fantasy,,2020-11-28
Alvaronp97,Alvaro Navarro ğŸ‡ªğŸ‡¸,"Villaviciosa de OdÃ³n, EspaÃ±a",2020-11-28
angiuoniluigi,angiuoniluigi,"Mercato San Severino, Campania",2020-11-28
angiuoniluigi,angiuoniluigi,"Mercato San Severino, Campania",2020-11-28
Maldineey,Ahmad Rufai,,2020-11-28
Lord_Rob83,Lord Rob ğŸ¤ŸğŸ» â„¢,N17,2020-11-28
footballitalia,footballitalia,,2020-11-28
Amrjuve1m,Alex,,2020-11-28
ZEYNAB13762,zeynab,,2020-11-28
ParmeshSriv,Parmeshwar Srivastava,"Mumbai, India",2020-11-28
ParmeshSriv,Parmeshwar Srivastava,"Mumbai, India",2020-11-28
InterClubIndia,Inter Club India ğŸ‡®ğŸ‡³,India,2020-11-28
Sport1897,Rob,"Sydney, Australia",2020-11-28
seedidit,ğŸ“,"Turin, Piedmont",2020-11-28
goaloong,Goaloong.net,,2020-11-28
PSG24hours,PSG en Direct ğŸŒ,Parc des Princes,2020-11-28
mykhelcom,myKhel.com,Bengaluru,2020-11-28
tifosidownunder,Tifosi Down Under,"Down Under, Australia",2020-11-28
RealGoalooNG,GOALOONG.NET,Nigeria,2020-11-28
90min_plus3,george diamataris,,2020-11-28
90min_plus3,george diamataris,,2020-11-28
FInfodata,FootBallâš½ï¸InfoData ğŸŒ,"New York, USA",2020-11-28
FInfodata,FootBallâš½ï¸InfoData ğŸŒ,"New York, USA",2020-11-28
FInfodata,FootBallâš½ï¸InfoData ğŸŒ,"New York, USA",2020-11-28
DipMondol19,Dip Mondol,"Narayanganj, Bangladesh",2020-11-28
mark_osifo,ï£«dbigmark2ï£«Â®,Life!!!,2020-11-28
VirgilSelvin,virgil,India,2020-11-28
1x_bit,1xBit,,2020-11-28
Velazqu45836275,Benjamen,"Lagos, Nigeria",2020-11-28
JuventusDaily1,Juventus Daily,,2020-11-28
dayoiye,Dayoiye,,2020-11-28
mohdm2m2,mohd najem,Bahrain,2020-11-28
SerieA_Aust,Frank,"New South Wales, Australia",2020-11-28
SerieA_Aust,Frank,"New South Wales, Australia",2020-11-28
luicaruso,SweetLu,"Toronto, Ontario",2020-11-28
coitsu,ciaomari,TOKYO,2020-11-28
apaztabora,Alex Wilfredo Paz T.,Santa Rosa ,2020-11-28
COLINREESE,Colin Reese,"San Diego, CA ",2020-11-28
LeonardLevani,leonard lowe,tbilisi,2020-11-28
luis_memo88,Luis Vergara Rosales,Temuco,2020-11-28
yassine13880342,M-YASSINE MAHFOUDHâ¤ï¸ğŸ–¤,ğŸ‡¹ğŸ‡³ğŸ‡¹ğŸ‡³TunisieğŸ‡¹ğŸ‡³ğŸ‡¹ğŸ‡³,2020-11-28
BARZAMAN,BARÃ‡AMAN,,2020-11-28
footballitalia,footballitalia,,2020-11-28
winecatman,Catman ğŸ”‘âš¡ğŸ‡,Terra (for now),2020-11-28
globalsportzone,ğŸ†GlobalSportsğŸ–ï¸,Cyberspace ğŸ“º at home ğŸ¡  ,2020-11-28
R_Kharman,Richard Kharman,Washington DC Metro area,2020-11-28
SerieASitdown,Serie A Sitdown,"Milan, Milwaukee & Wash D.C. ",2020-11-28
R_Kharman,Richard Kharman,Washington DC Metro area,2020-11-28
SerieASitdown,Serie A Sitdown,"Milan, Milwaukee & Wash D.C. ",2020-11-28
TheCalcioGuys,TheCalcioGuys,"MontrÃ©al, QuÃ©bec",2020-11-28
adreano_calcio,Adreano Di Nardo,"MontrÃ©al, QuÃ©bec",2020-11-28
nagatii0901,ãªãŒã£ã¡,,2020-11-28
229TT,TT229,Benin,2020-11-28
bandnie,ğ•­ğ–Šğ–“ğ–™ğ–†ğ–“ğ–ğ–šğ–“ğ–Œ,Asgard,2020-11-28
1xbet_Campany,1xbet-inscription.com,code Promo 1xbet: 5050,2020-11-28
backyardfilmsfl,Backyard Films,,2020-11-28
carstenw11,Carsten WÃ¼stenberg,"Herrenhof, Deutschland",2020-11-28
playbyplaypod1,The Play by Play Podcast,,2020-11-28
SabriB10,Sabrina Belmonte,"Toronto, Ontario",2020-11-28
1xbet_Sports,code promo 1xbet: 5050,CODE PROMO 1XBET  ğŸ‘‰5050,2020-11-28
RichHall80,Richard Hall,Lytham - Milan,2020-11-28
SerieA_Aust,Frank,"New South Wales, Australia",2020-11-28
dan_ceres,Dan Ceres,Italia,2020-11-28
Rizal_Juventus,Rizal Kurniawan,Jember,2020-11-28
Suliman1984ss,ğŸ–¤Ğ²Ï…Î±Ğ²âˆ‚Ï…â„“â„“Î±Ğ½CR7ğŸ–¤,Ø§Ù„Ø§Ù…Ø§Ø±Ø§Øª Ø§Ù„Ø¹Ø±Ø¨ÙŠØ© Ø§Ù„Ù…ØªØ­Ø¯Ø© Ø¯Ø¨ÙŠ,2020-11-28
Qu_Tang_Clan,Quinny,Glasgow,2020-11-28
NimaTavRood,Nima Tavallaey Roodsari,Gothenburg - Milano,2020-11-28
bananahammock42,Michael D,https://www.youtube.com/watch?v=j5_6lvfZiNE,2020-11-28
ChrisBascelli,Chris Bascelli,"Ottawa, Ontario",2020-11-28
jdangelo12,Julian,"Ottawa, Ontario",2020-11-28
LowLimitFutbol,Low Limit Futbol,"Connecticut, USA",2020-11-28
JPUccello,Joe Uccello,"Connecticut, USA",2020-11-28
ilcano22,Pablito,Canada,2020-11-28
ReteThisWay,Rete This Way: A Calcio Podcast ğŸ‡¨ğŸ‡¦ğŸ‡®ğŸ‡¹,Canada,2020-11-28
StripesTBP,Stripes The Bianconeri Podcast,,2020-11-28
RealUSMNT,USMNT,,2020-11-28
LondonsFinestQU,London's Finest,,2020-11-28
LondonsFinestQU,London's Finest,,2020-11-28
HospitalityTek,Ken Torres,"Las Vegas, NV",2020-11-28
Amrjuve1m,Alex,,2020-11-28
CFclassics,Culture of Football Classics,,2020-11-28
MohammedWasi2,Wasi,,2020-11-28
M_usa_h,M_usa_h,,2020-11-28
jenkifoci,TamÃ¡s Kun #Jenkifoci,"Budapest, Hungary",2020-11-28
ClubSvezia,Juventus Club Svezia,"Uddevalla, Sverige",2020-11-28
thetylerschmidt,Tyler Schmidt,,2020-11-28
firsttouchatx,First Touch Soccer Academy,"Austin, TX",2020-11-28
_kaodi_,kaodi,,2020-11-28
USMNTTAKES,USMNT,"California, USA",2020-11-28
LETFootball,LearnEnglishThroughFootball,"Dublin City, Ireland",2020-11-28
Ampf_,Alan Turing,,2020-11-28
StefaniaStefyss,Stefania â¤ï¸âšªâš«,,2020-11-28
6ixSideCalcio,6ixSide Calcio,"Toronto, Ontario",2020-11-28
footballitalia,footballitalia,,2020-11-28
6ixSideCalcio,6ixSide Calcio,"Toronto, Ontario",2020-11-28
NycJuventus,Juventus Fans NYC,,2020-11-28
Batmattz,Mattia Iurlano,"Milan, Italy ",2020-11-28
Peti74Pter,Antal PÃ©ter,,2020-11-28
footballitalia,footballitalia,,2020-11-28
229TT,TT229,Benin,2020-11-28
1xbet_Campany,1xbet-inscription.com,code Promo 1xbet: 5050,2020-11-28
ThisIsFair99,MUFAIR,ğŸŒ,2020-11-28
mark_osifo,ï£«dbigmark2ï£«Â®,Life!!!,2020-11-28
footballitalia,footballitalia,,2020-11-28
FabioRivera14_,Fabio Rivera,"San Pedro Sula,Honduras",2020-11-28
MarcelloChirico,Marcello Chirico,Italia,2020-11-28
ParmeshSriv,Parmeshwar Srivastava,"Mumbai, India",2020-11-28
ParmeshSriv,Parmeshwar Srivastava,"Mumbai, India",2020-11-28
ParmeshSriv,Parmeshwar Srivastava,"Mumbai, India",2020-11-28
ParmeshSriv,Parmeshwar Srivastava,"Mumbai, India",2020-11-28
RmezMarquez,Romell Marquez,,2020-11-28
ParmeshSriv,Parmeshwar Srivastava,"Mumbai, India",2020-11-28
TajariKhalid,crypto samurai,Morocco,2020-11-28
Twitugal,MultiSports,,2020-11-28
samzjem,Samzjem,,2020-11-28
footballitalia,footballitalia,,2020-11-28
Zidaneback2J,Zidane come back to Juventus,,2020-11-28
ilcano22,Pablito,Canada,2020-11-28
DavidAmoyal,David Amoyal,"Boston, MA (via Padova,Italia)",2020-11-28
rbcomps_,rbeswick_,earth,2020-11-28
Adz77,Adam Digby,"Turin, Piedmont",2020-11-28
Biggiem12,Biggie m,,2020-11-28
augas13,Augustas Plaipa,"Vilnius, Lithuania",2020-11-28
calciochat1,Serie A Player Analysis ğŸ‡®ğŸ‡¹,,2020-11-28
calciochat1,Serie A Player Analysis ğŸ‡®ğŸ‡¹,,2020-11-28
DeChalaca,DeChalaca,PerÃº,2020-11-28
DeChalaca,DeChalaca,PerÃº,2020-11-28
calciochat1,Serie A Player Analysis ğŸ‡®ğŸ‡¹,,2020-11-28
calciochat1,Serie A Player Analysis ğŸ‡®ğŸ‡¹,,2020-11-28
calciochat1,Serie A Player Analysis ğŸ‡®ğŸ‡¹,,2020-11-28
OldjuveFS,oldjuveFS,,2020-11-28
calciochat1,Serie A Player Analysis ğŸ‡®ğŸ‡¹,,2020-11-28
calciochat1,Serie A Player Analysis ğŸ‡®ğŸ‡¹,,2020-11-28
calciochat1,Serie A Player Analysis ğŸ‡®ğŸ‡¹,,2020-11-28
calciochat1,Serie A Player Analysis ğŸ‡®ğŸ‡¹,,2020-11-28
calciochat1,Serie A Player Analysis ğŸ‡®ğŸ‡¹,,2020-11-28
calciochat1,Serie A Player Analysis ğŸ‡®ğŸ‡¹,,2020-11-28
calciochat1,Serie A Player Analysis ğŸ‡®ğŸ‡¹,,2020-11-28
calciochat1,Serie A Player Analysis ğŸ‡®ğŸ‡¹,,2020-11-28
calciochat1,Serie A Player Analysis ğŸ‡®ğŸ‡¹,,2020-11-28
jgrilo777,Zapatini L'Avvocato,"Torino, Piemonte",2020-11-28
calciochat1,Serie A Player Analysis ğŸ‡®ğŸ‡¹,,2020-11-28
ildiavolo_d,doppietta,,2020-11-28
BartekChelios,Bartek Milanista ğŸ”´âš«ğŸ‘¹,"Berlin, Deutschland",2020-11-28
imloadings,"hi, how r u ??",Somewhere ,2020-11-28
luicaruso,SweetLu,"Toronto, Ontario",2020-11-28
footballitalia,footballitalia,,2020-11-28
BettingKick,Betting Kick,"London, England",2020-11-28
ColucciLc,Luca Colucci,,2020-11-28
6ixSideCalcio,6ixSide Calcio,"Toronto, Ontario",2020-11-28
365Scores,365Scores,,2020-11-28
OldjuveFS,oldjuveFS,,2020-11-28
DivNotorious,FI Notorious DIV,,2020-11-28
filoferranti,FerroGobbo38âšªâš«ğŸ´ğŸ³ğŸ‡®ğŸ‡¹,"Pistoia, Toscana",2020-11-28
cuoredialiante,Barbaraâšªï¸âš«ï¸,,2020-11-28
nathanjm000,Nathan Middleton,"Quincy, MA",2020-11-28
footballitalia,footballitalia,,2020-11-28
NEWSam_English,Armenian News-NEWSam,Armenia,2020-11-28
DavidAmoyal,David Amoyal,"Boston, MA (via Padova,Italia)",2020-11-28
ilcano22,Pablito,Canada,2020-11-28
carstenw11,Carsten WÃ¼stenberg,"Herrenhof, Deutschland",2020-11-28
ZekeTell,Zeke Tell,"New York, NY",2020-11-28
AllJuveCast,All JuveCastğŸ™(Alberto) ğŸ³ï¸ğŸ´,"Kamloops, British Columbia",2020-11-28
prosoccerinc,Pro Soccer,"Fresno, CA",2020-11-28
EJuudah,eMpAyAh JuUdAh ğŸ‡¬ğŸ‡­ğŸ‡¬ğŸ‡­,"Cape Coast, Ghana",2020-11-28
WillNorthon,Will,Brazil,2020-11-28
OldjuveFS,oldjuveFS,,2020-11-28
threebwstars,ğŸ‡®ğŸ‡¹â­3â­8â­ğŸ‡®ğŸ‡¹,Italia,2020-11-28
badwitchmaris,Maris ğŸª, Brasil,2020-11-28
Mrahmadne,Mr AhmadğŸ¦“ ğŸ¥,United Arab Emirates,2020-11-28
AlexBonoVox1,Alex Geppo,"Torino, Piemonte",2020-11-28
BoehmerSam,Sam Matthews Boehmer,,2020-11-28
Peti74Pter,Antal PÃ©ter,,2020-11-28
gui62del,Guillaume,,2020-11-28
wanandyoso,Wanandi Yoso,"Jakarta,Indonesia",2020-11-28
ManUtdCorner7,Man Utd Corner,,2020-11-28
eduandriotti,CenterHalfdaPortela,Arquibancada Norte,2020-11-28
ParmeshSriv,Parmeshwar Srivastava,"Mumbai, India",2020-11-28
jovamix1581,Jose Gregorio rangel,"Caracas, Distrito Capital",2020-11-28
ParmeshSriv,Parmeshwar Srivastava,"Mumbai, India",2020-11-28
ParmeshSriv,Parmeshwar Srivastava,"Mumbai, India",2020-11-28
OldFootball11,OldFootballPhotos,,2020-11-28
ParmeshSriv,Parmeshwar Srivastava,"Mumbai, India",2020-11-28
a_banat,Abdelmuhsen Banat,,2020-11-28
ParmeshSriv,Parmeshwar Srivastava,"Mumbai, India",2020-11-28
ardentaddicter,THALA_U1_MSD_CR7_ADDICTZ,,2020-11-28
whhanka,Wadih Ali,"Dubai, United Arab Emirates",2020-11-28
Teomarcelo16,BÃ¡rbarağŸ’•ğŸ™,,2020-11-28
wanandyoso,Wanandi Yoso,"Jakarta,Indonesia",2020-11-28
BARZAMAN,BARÃ‡AMAN,,2020-11-28
AdeNugraha999,â˜†Sins77â˜†,Seven Heaven,2020-11-28
SteveGjesdal21,@SteveGjesdal2,,2020-11-28
6ixSideCalcio,6ixSide Calcio,"Toronto, Ontario",2020-11-28
FCBayernDhaka,FCBayern Bangladesh,"Dhaka, Bangladesh",2020-11-28
InterClubIndia,Inter Club India ğŸ‡®ğŸ‡³,India,2020-11-28
footballitalia,footballitalia,,2020-11-28
FriJun19,TheSwissMo ğŸ‡¨ğŸ‡­TSMğŸ‡®ğŸ‡¹,"Geneva, Switzerland",2020-11-28
BiasedVery,Very Biased Opinions,"Oxford, England",2020-11-28
Adz77,Adam Digby,"Turin, Piedmont",2020-11-28
djatoyz,Bark,,2020-11-28
IMechanisms,InjuryMechanisms,,2020-11-28
NycJuventus,Juventus Fans NYC,,2020-11-28
krisho1980,KRISHAN ODEDRA,,2020-11-28
OldjuveFS,oldjuveFS,,2020-11-28
TeofiloSteven,Teofilo Stevenson,,2020-11-28
unrossonero56,Aurelio,,2020-11-28
ErtugrulOkan,Ertugrul Okan,Ä°stanbul,2020-11-28
OldjuveFS,oldjuveFS,,2020-11-28
365Scores,365Scores,,2020-11-28
MarrelliFabio,Fabio Gennaro,,2020-11-28
VinceTacchi,Vince Tacchi,"New York, NY",2020-11-28
LoreBetto,Lorenzo Bettoni,Torino,2020-11-28
pateldaxil,ğ“Ÿğ“ªğ“½ğ“®ğ“µ ğ““ğ“ªğ”ğ“²ğ“µ â—¢ â—¤,India,2020-11-28
footballitalia,footballitalia,,2020-11-28
luicaruso,SweetLu,"Toronto, Ontario",2020-11-28
Leon_zeeee,pÑ”Ô€Ño zÑ”Ñ”â„¢,Nevada ,2020-11-28
livescore,LiveScore,URL,2020-11-28
footballitalia,footballitalia,,2020-11-28
derryaulia,Derry Aulia,"ÃœT: -6.216859,106.735824",2020-11-28
Zidaneback2J,Zidane come back to Juventus,,2020-11-28
andreaapirloooo,#FreeUyghurs,,2020-11-28
ayanc_99,Ayan Chakraborty,Mumbai,2020-11-28
milanAfrica1899,MilanAfrica1899,Africa,2020-11-28
DomLongo22,domenico Jj,"Queens, NY",2020-11-28
footballitalia,footballitalia,,2020-11-28
kupaleon,Six God,We Global,2020-11-28
DeChalacaFutInt,DeChalaca FÃºtbol Internacional,Peru,2020-11-28
Striped_Hearts,Striped Hearts Apparel,,2020-11-28
MaxKingsstar,Max Kings,Nigeria,2020-11-28
FootyKitMarket,Football Kit Market,"Nottingham, England",2020-11-28
DavidAmoyal,David Amoyal,"Boston, MA (via Padova,Italia)",2020-11-28
kwasiarthur6,Jordan,United States,2020-11-28
Route1futbol,RouteOneFootball,,2020-11-28
qwertyasdf1234z,Onekuru Conte,"Manhattan, NY",2020-11-28
IgnoRossiCALCIO,Adebayo Igbo-Rossi,,2020-11-28
NycJuventus,Juventus Fans NYC,,2020-11-28
aigmediaprotv,aigmediaprotv,,2020-11-28
ZekeTell,Zeke Tell,"New York, NY",2020-11-28
OldjuveFS,oldjuveFS,,2020-11-28
latestly,LatestLY,"Mumbai, India",2020-11-28
livescore,LiveScore,URL,2020-11-28
Outlookindia,Outlook Magazine,"New Delhi, India",2020-11-28
LeonardLevani,leonard lowe,tbilisi,2020-11-28
SiteSurebets,SureBets,,2020-11-28
Joackimbosscha1,Joackim bosschaert,,2020-11-28
mike71282,mike7128,"Vasto, Abruzzo",2020-11-28
Giusepp87907736,Peppe C.,"Torino, Piemonte",2020-11-28
unisportlife,unisportlife,Copenhagen,2020-11-28
Francymolly_80,Francymolly_80,"Sardegna, Italia",2020-11-28
Drughiallafine,Dino Mocciola,Italia,2020-11-28
Drughiallafine,Dino Mocciola,Italia,2020-11-28
Drughiallafine,Dino Mocciola,Italia,2020-11-28
Drughiallafine,Dino Mocciola,Italia,2020-11-28
footballitalia,footballitalia,,2020-11-28
OldjuveFS,oldjuveFS,,2020-11-28
BG1897UVE,Irwan Saputra,"Lubuklinggau, WA 081901111897",2020-11-28
MDAsifA47029849,MD Asif Ahmed,,2020-11-28
ParmeshSriv,Parmeshwar Srivastava,"Mumbai, India",2020-11-28
ParmeshSriv,Parmeshwar Srivastava,"Mumbai, India",2020-11-28
agrayjedi,Melo,"Miami, FL",2020-11-28
Mariendra,MAR:ENDRA,Bukittinggi - Bandung,2020-11-28
recoba1974,ã¾ã£ã¤ã‚“,å¤§é˜ªåºœ,2020-11-28
id_juventini,Berita Juventus,,2020-11-28
IMechanisms,InjuryMechanisms,,2020-11-28
FootyKitMarket,Football Kit Market,"Nottingham, England",2020-11-28
mitzvah_bar,bar mitzvah,,2020-11-28
DelHicham,J|Hicham,Parigi,2020-11-28
uglyducklingavi,Abhishek Purohit,"Padampur, Odisha",2020-11-28
OmniFoot,á´á´É´ÉªÒ“á´á´á´›,"Cairo, Egypt",2020-11-28
Route1futbol,RouteOneFootball,,2020-11-28
rezasetiono,Reza Setiono,"Kota Surabaya, Jawa Timur",2020-11-28
OldjuveFS,oldjuveFS,,2020-11-28
ABalestrieri,AntonelloBalestrieri,Moncalieri (TO),2020-11-28
FM__Addict,Football Manager Addict,England,2020-11-28
Route1futbol,RouteOneFootball,,2020-11-28
mubarak_dfon,RealMadrid champions,"Kaduna, Nigeria",2020-11-28
Footballcom69,Footballcom,,2020-11-28
rish_vrma,Rishi Verma,"Martley, England",2020-11-28
Domenico1oo777,domenico fors,,2020-11-28
PlatiDylan,PlatÃ¬,Italy,2020-11-28
Flavio69499997,MyNewCareer,,2020-11-28
Flavio69499997,MyNewCareer,,2020-11-28
footballitalia,footballitalia,,2020-11-28
mister_ricci,Davide,"Toscana, Italia",2020-11-28
eMaxStatman,Max Statman,,2020-11-28
LoreBetto,Lorenzo Bettoni,Torino,2020-11-28
transferdicky,Transfer Wire,London,2020-11-28
OldjuveFS,oldjuveFS,,2020-11-28
arieldalca,Ariel #STRON9ER,,2020-11-28
StefaniaStefyss,Stefania â¤ï¸âšªâš«,,2020-11-28
AurlienDardain1,#KHEDIRAOUT,,2020-11-28
_grazy87,9É‡nÆ¶Ã¸,TWITTER CALCIO ,2020-11-28
FiloBarige993,Filippo Barigelletti,,2020-11-28
DelHicham,J|Hicham,Parigi,2020-11-28
spicyturtle21,Aarjan,ğŸ‡³ğŸ‡µ,2020-11-28
romeoagresti,Romeo Agresti,Torino,2020-11-28
footballitalia,footballitalia,,2020-11-28
Andrea_Caciagli,Cacio1990p,Piombino ,2020-11-28
LeonardLevani,leonard lowe,tbilisi,2020-11-28
Elaman58,Ela ğŸğŸ¸,,2020-11-28
p_russo5,Pasquale Russo â˜…â˜…â˜…,,2020-11-28
MNASRIA_BET,MNASRIA_BET,,2020-11-28
adamOsaussies,Adam Howard,Hiroshima,2020-11-28
kofiwusudedon11,John Owusu,,2020-11-28
heydudeimhisham,Hisham,"Coruscant, Galactic Republic",2020-11-28
footballitalia,footballitalia,,2020-11-28
ryanGsaputra,ryan galih saputra,Bandar lampung #ForzaMilan,2020-11-28
fd240094ca8149e,Mohamed Zameer,Colombo,2020-11-28
Route1futbol,RouteOneFootball,,2020-11-28
szvdesign,szvdesign,,2020-11-28
LeonardLevani,leonard lowe,tbilisi,2020-11-28
ilguzik459,Wojciech Guzikowski,,2020-11-28
InterClubIndia,Inter Club India ğŸ‡®ğŸ‡³,India,2020-11-28
Assistmen1,Assistmen,,2020-11-28
KwabenaGyarteng,Spelvin ï£¿,"Kumasi, Ghana",2020-11-28
angiuoniluigi,angiuoniluigi,"Mercato San Severino, Campania",2020-11-28
angiuoniluigi,angiuoniluigi,"Mercato San Severino, Campania",2020-11-28
angiuoniluigi,angiuoniluigi,"Mercato San Severino, Campania",2020-11-28
pateldaxil,ğ“Ÿğ“ªğ“½ğ“®ğ“µ ğ““ğ“ªğ”ğ“²ğ“µ â—¢ â—¤,India,2020-11-28
footballitalia,footballitalia,,2020-11-28
sikanus,Quantrill,"El Paso, TX",2020-11-28
pinky51244,pinky,,2020-11-28
footballitalia,footballitalia,,2020-11-28
KooraSportsCent,Koora Sports Center,Al Reem Island,2020-11-28
FabioRivera14_,Fabio Rivera,"San Pedro Sula,Honduras",2020-11-28
Nicoletta_Mari,Nicoletta Mariani,,2020-11-28
LucianoMoggi,Luciano Moggi,,2020-11-28
AjCecilia2,Cecilia Abolarin ||Miss DoItYourself||,,2020-11-28
GuardianNigeria,The Guardian Nigeria,Nigeria,2020-11-28
CGTNSports,CGTN Sports,"Beijing, China",2020-11-28
JJensams,J.S,In a world full of sins,2020-11-28
FInfodata,FootBallâš½ï¸InfoData ğŸŒ,"New York, USA",2020-11-28
FInfodata,FootBallâš½ï¸InfoData ğŸŒ,"New York, USA",2020-11-28
FInfodata,FootBallâš½ï¸InfoData ğŸŒ,"New York, USA",2020-11-28
nindaro,ndr~,127.0.0.1,2020-11-28
apaztabora,Alex Wilfredo Paz T.,Santa Rosa ,2020-11-28
mohdm2m2,mohd najem,Bahrain,2020-11-28
rezasetiono,Reza Setiono,"Kota Surabaya, Jawa Timur",2020-11-28
Juve_FansIndo,JUVE Fans Indonesia,Curva SUD!!,2020-11-28
amiradri18,ğŸ‡²ğŸ‡¾Ø£Ù…ÙŠØ± Ø§Ø¯Ø±ÙŠ,Putrajaya/Johoreans,2020-11-28
_theonlysugar,The Only Sugar ğŸ’¦ğŸ‡³ğŸ‡¬ğŸ‡¨ğŸ‡¦,Canada IJNğŸ˜â¤,2020-11-28
sayyedfaiz72,Sayyed Faiz Ali Zaidi,,2020-11-28
MyLuso,MyLuso,USA,2020-11-28
PrinceH20511722,Prince Praveen,"Vishakhapatnam, India",2020-11-28
Rashanth007,Rashanth Ronaldo 7,"Tamil Nadu, India",2020-11-28
JuventusNation,Black & White & Read All Over,United States,2020-11-28
ahmed13hz,Ø£ÙØ­ÙÙ…Ù‘Ø¯ Ø§ÙÙ„Ø­ÙØ§Ø²Ù‘Ù…ÙÙŠÙ,"Damad, Kingdom of Saudi Arabia",2020-11-28
ReteThisWay,Rete This Way: A Calcio Podcast ğŸ‡¨ğŸ‡¦ğŸ‡®ğŸ‡¹,Canada,2020-11-28
AdeNugraha999,â˜†Sins77â˜†,Seven Heaven,2020-11-28
Aryankr_07,_á´€á´€Ê€Êá´€É´_ãƒ„,"Bhubaneshwar, India",2020-11-28
Syawalianto,nTo,,2020-11-28
oicreative_id,Sport Illustration & Cartoon Portraits,indonesia,2020-11-28
InterClubIndia,Inter Club India ğŸ‡®ğŸ‡³,India,2020-11-28
OldjuveFS,oldjuveFS,,2020-11-28
Zidaneback2J,Zidane come back to Juventus,,2020-11-28
footballitalia,footballitalia,,2020-11-28
DerAustor,Austor - FIFA Prediction & More ğŸ…™,Instagram: austor_official,2020-11-28
dd1y,Barry Morgan,,2020-11-28
cultofcalcio,The Cult of Calcio,"Amsterdam, The Netherlands",2020-11-28
breakersclubas1,breakersclubasia,"Osaka, Japan",2020-11-28
onesoccer,OneSoccer,Canada,2020-11-28
andarsofian,Andar Sofian,Jakarta Capital Region,2020-11-28
EasnGobbo_794,Edu-Gobbo794,Caracas Venezuela,2020-11-28
ddiy64,ddiy64: PES 2021 Become A Legend Devotee,"England, United Kingdom",2020-11-28
ddiy64,ddiy64: PES 2021 Become A Legend Devotee,"England, United Kingdom",2020-11-28
FelqeoPes,ğŸ‡³ğŸ‡± Felqeo,Los Paises Bajos,2020-11-28
latestly,LatestLY,"Mumbai, India",2020-11-28
NEILSHOTDEALS,NEILSHOTDEALS,Islip New York,2020-11-28
simonas_99,Simonas,,2020-11-28
da64chronic,obinna ubabuko,,2020-11-28
footballitalia,footballitalia,,2020-11-28
luicaruso,SweetLu,"Toronto, Ontario",2020-11-28
kit_launch,KitLaunch,"Cork, Ireland",2020-11-28
OldjuveFS,oldjuveFS,,2020-11-28
JuventusNation,Black & White & Read All Over,United States,2020-11-28
AFuerstenberg17,Andrew Fuerstenberg ğŸ¦,"Orlando, FL",2020-11-28
Ervi26,Erviola Gero,Tirana. Albania,2020-11-28
kwasiarthur6,Jordan,United States,2020-11-28
Route1futbol,RouteOneFootball,,2020-11-28
mark_osifo,ï£«dbigmark2ï£«Â®,Life!!!,2020-11-28
juvplayer28,antonino rizzo,Cranston Rhode island ,2020-11-28
footballitalia,footballitalia,,2020-11-28
Wallpapersonly1,Wallpapers only,,2020-11-28
WanderersWeekly,Wanderers Weekly,"Wolverhampton, England",2020-11-28
TacticalMaverik,Tactically Obsessed,,2020-11-28
footballitalia,footballitalia,,2020-11-28
_bootball,Bootball,In Europe at different time coordinates,2020-11-28
FutJunky,FutJunky,,2020-11-28
The12thimam1,The 12th imam,,2020-11-28
mark_osifo,ï£«dbigmark2ï£«Â®,Life!!!,2020-11-28
The12thimam1,The 12th imam,,2020-11-28
JuventusRuling,JRC,Alien / Bot,2020-11-28
recoba1974,ã¾ã£ã¤ã‚“,å¤§é˜ªåºœ,2020-11-28
priorzetemary,MARIANA ğŸ»ğŸºğŸ•Š, ğŸ»ğŸº,2020-11-28
economicsport,Economic Sport,United Kingdom,2020-11-28
footballitalia,footballitalia,,2020-11-28
PostereePosters,Posteree By NWK,,2020-11-28
RecordsChance,CHANCE RECORDS,Surulere,2020-11-28
footballitalia,footballitalia,,2020-11-28
IconsNDevon,Icons,"Barnstaple, England",2020-11-28
mark_osifo,ï£«dbigmark2ï£«Â®,Life!!!,2020-11-28
kwasiarthur6,Jordan,United States,2020-11-28
MatteoL78512942,Matteo Leoni,,2020-11-28
MatteoL78512942,Matteo Leoni,,2020-11-28
LudovicaCammar1,Ludovica Cammarone,"Porto Recanati, Marche",2020-11-28
LudovicaCammar1,Ludovica Cammarone,"Porto Recanati, Marche",2020-11-28
arieprstyormdhn,Arie Prasetyo R,"Kota Palu, Sulawesi Tengah",2020-11-28
K_8esar,Kresna R Dwipayana,"ÃœT: 0.0,0.0",2020-11-28
footballitalia,footballitalia,,2020-11-28
InterClubIndia,Inter Club India ğŸ‡®ğŸ‡³,India,2020-11-28
cultofcalcio,The Cult of Calcio,"Amsterdam, The Netherlands",2020-11-28
10betSports,10bet,Worldwide,2020-11-28
MadKomodo,MAD KOMODO ğŸ“º,Planet Earth,2020-11-28
lowpoly_tweeter,#lowpoly,The Cloud,2020-11-28
angiuoniluigi,angiuoniluigi,"Mercato San Severino, Campania",2020-11-28
ndreu90,4NDR34,Turin,2020-11-28
angiuoniluigi,angiuoniluigi,"Mercato San Severino, Campania",2020-11-28
angiuoniluigi,angiuoniluigi,"Mercato San Severino, Campania",2020-11-28
FedericaCaccamo,Federica Caccamo,,2020-11-28
IndieDevDog,ğŸ• IndieDevDog ğŸ•,,2020-11-28
republic_sports,R.Sport,"Mumbai, India",2020-11-28
ProjectX_iOS,Project Hyrax for Mobile Devices,,2020-11-28
GamesBoner,Games Boner,,2020-11-28
GamesBoner,Games Boner,,2020-11-28
ProjectX_iOS,Project Hyrax for Mobile Devices,,2020-11-28
EFootballRumors,EuroFootballRumours,,2020-11-28
playpongis,Pongis,Japan,2020-11-28
playpongis,Pongis,Japan,2020-11-28
