publicspaceCCCB,publicspace,Barcelona,2020-11-15
IvanBruce,Ivan Bruce,Washington DC,2020-11-15
KyleWOrton,Kyle Orton,"London and Wirral, Britain",2020-11-15
alexlockton1,alex lockton #renewables,Espana,2020-11-15
acomena2001,paco mena,Barcelona,2020-11-15
YasukoHatano,Hatano  Yasuko,,2020-11-15
XianChoy1,Xian Choy ğŸ˜ˆğŸ”¥ğŸ¦ˆğŸ‡¨ğŸ‡º,,2020-11-15
calciomercatoit,calciomercato.it,Italy,2020-11-15
Blach1971,De Champions en Champions,Estadio Santiago BernabeuğŸ†ğŸ†,2020-11-15
EvisDonaldo,Evis Donaldo,,2020-11-15
besoccer_ES,BeSoccer ES,,2020-11-15
federacionmadr2,federacionmadridistascam,"Madrid, Comunidad de Madrid",2020-11-15
Idotiquides,Hector Mistral,"Madrid, Capital",2020-11-15
PlaneSpotIsCool,PlaneSpottingIsCool,Worldwide,2020-11-15
Margaritateje16,MaryTejedor,,2020-11-15
brgsstm,PitotTube,,2020-11-15
joelat___,Joel Vogt,"Allschwil, Schweiz",2020-11-15
gilabolacom,GilaBola.com,100% Made in Indonesia,2020-11-15
Madrid_Bekasi,PeÃ±a Real Madrid de Indonesia Regional Bekasi,"Bekasi City, West Java",2020-11-15
rochago1985,Roberto ChÃ¡vez,,2020-11-15
marlene7836,@marlene7836,,2020-11-15
marlene7836,@marlene7836,,2020-11-15
mariavsl5,maria,"AndalucÃ­a, Spain ",2020-11-15
AnalisisUrbano,#LaCriminalidadOcultaEsReal,Medellin Antioquia,2020-11-15
FdoQuijano,#DarleRostroAlDesaparecido,Medellin Antioquia,2020-11-15
MaketoLari,Maketo Lari,,2020-11-15
8DeportivoTN8,8DeportivoTN8,,2020-11-15
TotalFantasy,Total Fantasy,,2020-11-15
YoussoufSouma23,Youssouf Soumah,Conakry,2020-11-15
PlanoDeportivo,Plano Deportivo,"San Luis PotosÃ­, MÃ©xico",2020-11-15
don_Diario,donDiario.com,EspaÃ±a,2020-11-15
EgyptTodayMag,Egypt Today Magazine,Egypt,2020-11-15
sugisaki_13720,æ‰å´,å¯Œå±±,2020-11-15
adrianaCR7,Adriana SR,,2020-11-15
ClubSvezia,Juventus Club Svezia,"Uddevalla, Sverige",2020-11-15
goat_hazard,HazardTheGoat âš½ï¸ğŸ”¥,,2020-11-15
patysg63,Paty Sanchez Garcia,,2020-11-15
RodrigooMiguel7,Rodrigo Miguel ğŸ‡§ğŸ‡·ğŸ‡ºğŸ‡¸ğŸ‡ªğŸ‡¸,WorldWide,2020-11-15
MTDesignsOK,Mate Designs,,2020-11-15
RealMadridF_YT,Real Madrid Fans,,2020-11-15
josep88,Jose Pinto,Guatemala,2020-11-15
Manuel21289257,Manuel,,2020-11-15
lolitobelltall,Lolo Belltall Ramos,Madrid,2020-11-15
TRGE_ATM,ã‚†ãƒ¼ãŸğŸ¥,,2020-11-15
gilabolacom,GilaBola.com,100% Made in Indonesia,2020-11-15
dineaddict,saladin,,2020-11-15
DeporteTotalFM,Deporte Total Cali,"Cali, Colombia",2020-11-15
Mediagol,Mediagol Palermo,Palermo,2020-11-15
PascualinoFull,Pascualino Troisi,Portuguesa,2020-11-15
defcentral,Defensacentral.com (34ğŸ†),"Madrid, EspaÃ±a",2020-11-15
julia6212,Julia.,Extremadura. ,2020-11-15
fd_mardoqueu,Mardoqueu Targino,"Rio de Janeiro, Brasil",2020-11-15
rmadridcromos,realmadridcromos,,2020-11-15
juancarlos13641,@juancarlos13641,,2020-11-15
DiegoCR1810,Diego Espinoza âš½ï¸,"Carabobo, Venezuela",2020-11-15
gca23_567,Gregorio,Colombia,2020-11-15
rmadridcromos,realmadridcromos,,2020-11-15
latricherie,Le Tricheur,#LVDS ,2020-11-15
Deportrece,Deportrece,MÃ©xico,2020-11-15
armleyartist,Brent Sheldon,"Leeds, England",2020-11-15
AI_11072010,JuliÃ¡n,,2020-11-15
FarrasFrancisco,JosÃ© Francisco Farras PÃ©rez,,2020-11-15
mariadelmadrid2,Carmen Madridista2,,2020-11-15
CoeFostter26,ğŸ‡§ğŸ‡·ğŸ‡®ğŸ‡± á¶œÊ³áµ›áµ ğ…ğ¨ğ¬ğ­ğ­ğğ« Â¹â¸â¹â¸ ğŸ‡®ğŸ‡±ğŸ‡§ğŸ‡·,â˜€ï¸ğŸŒµ ğ§ğ¨ğ«ğğğ¬ğ­ğ¢ğ§ğ¨ ğŸŒµâ˜€ï¸,2020-11-15
Djibril_IXII,Djibril,Vinland,2020-11-15
mplabrada_,Labrada,"Castro Ribeiras de Lea, Lugo",2020-11-15
pedroaguilarlan,Pedro Aguilar ğŸ‡ªğŸ‡¸ğŸ‡ºğŸ‡¸ğŸ‡®ğŸ‡¹,EspaÃ±a,2020-11-15
j7_roberto,Roberto,,2020-11-15
tiempomuerto3,Tiempo Muerto ğŸ€,EspaÃ±a,2020-11-15
Fosttersinho26,ğ‘³ğ’–ğ’„ğ’‚ğ’” ğ‘­ğ’ğ’”ğ’•ğ’•ğ’†ğ’“ ğŸ‡§ğŸ‡·ğŸ‡®ğŸ‡±ğŸ‡¬ğŸ‡¬ğŸ’¢âšªâš«,â˜€ï¸ğŸŒµ âœ  NORDESTINO âœ  ğŸŒµâ˜€ï¸,2020-11-15
carbadez5,Jesus,,2020-11-15
bboxfernandinho,Fernandinho BeatBox ğŸ™ğŸ‘ŠğŸ¾,"SÃ£o Paulo, Brasil",2020-11-15
candraaam19,Candra Maulana,,2020-11-15
Almeida__4,Lu ğŸº,"Madrid, Spain",2020-11-15
backfourblog,back four.,,2020-11-15
KurniawanRicho,R.Kurniawan48,"Sragen, Jawa Tengah",2020-11-15
minuto_92_48,CorazÃ³n y Sangre,Corazon,2020-11-15
zehinioyobazu97,ãƒ‘ãƒ¼ãƒªãƒƒã‚·ã‚£,,2020-11-15
dudavfda29,âœ AraÃºjoâœ ,cpx do Cj,2020-11-15
AmeliaLuisa_Mt,Luisa Amelia Martinez,Ecuador,2020-11-15
MisMarcadores_,ğŸŸ Mis Marcadores âš½ğŸ€âš¾ğŸ¾ğŸˆğŸ†,Costa Rica,2020-11-15
Wilfred71464360,Wilfredo,,2020-11-15
sergiot04_,ğŸ†‚ğŸ…´ğŸ†ğŸ…¶ğŸ…¸ğŸ…¾Â®,"Madrid, Comunidad de Madrid",2020-11-15
OnMadridista,OnMadridista,,2020-11-15
AnaRZ64,Ana RZ,,2020-11-15
HDRODRIGUEZ_15,HRod,,2020-11-15
Holgado63198580,RockHgames,,2020-11-15
gorkabeitia,Gorka Beitia,Gasteiz,2020-11-15
ClubSvezia,Juventus Club Svezia,"Uddevalla, Sverige",2020-11-15
Javier49Ernesto,Javier Ernesto,"CastellÃ³n de la Plana, EspaÃ±a",2020-11-15
GarabitoMate,Ana MatÃ© Garabito,,2020-11-15
voetbalkrant,voetbalkrant.com,Belgium,2020-11-15
james_maarry,James Mary,United State,2020-11-15
Mcdanimolon,Sr.Ingresa,,2020-11-15
jahboypapa,Jah Boy Papa,Jamaica Inn ,2020-11-15
_Madrid4Ever,Rockero Blanco2,"Valencia, EspaÃ±a",2020-11-15
RomiSuppa,Romi Suppa Ziona,,2020-11-15
RomiSuppa,Romi Suppa Ziona,,2020-11-15
Footballcom69,Footballcom,,2020-11-15
ZgzForofo,EL FOROFO,"Zaragoza, EspaÃ±a",2020-11-15
gregksk,Greg,,2020-11-15
kalvinmdy,Tiakola FC ğŸ•ºğŸ¾ğŸ•ºğŸ¾,,2020-11-15
RomiSuppa,Romi Suppa Ziona,,2020-11-15
DiariodeCA,DCA Digital,GUATEMALA,2020-11-15
mycareermode2,mycareermode,,2020-11-15
DeportesDCA,Deportes_DCA,Guatemala,2020-11-15
FourFourTwo_es,FourFourTwo EspaÃ±a,,2020-11-15
RomiSuppa,Romi Suppa Ziona,,2020-11-15
AndresFpelaez_,AndrÃ©s MuÃ±oz,"Cali, Colombia",2020-11-15
betcornernews,betcornernews,Î•Î»Î»Î¬Ï‚,2020-11-15
BasketballAcdm,Basketball Academy,,2020-11-15
chrisalucard,Christos Harpidis,"Î’Î¿ÏÎ»Î±, Î•Î»Î»Î¬Ï‚",2020-11-15
RomiSuppa,Romi Suppa Ziona,,2020-11-15
RomiSuppa,Romi Suppa Ziona,,2020-11-15
P10L1S,MaRVidaOro,,2020-11-15
JC_Velez,JC,CDMX,2020-11-15
AnavarroT52,ALEJANDRO NAVARRO,"Burbank, California",2020-11-15
roisbelis88,roisbelis88,,2020-11-15
The_Sweet_UFO,The Sweet UFO,Universe,2020-11-15
ikinari_NONAKA,é‡ä¸­æ¶¼å¹³ã¯æˆé•·çœŸã£åªä¸­ÊšÃ¯É.â€¢,ãƒ‡ã‚£ãƒ•ã‚§ãƒ³ãƒ‡ã‚£ãƒ³ã‚°ã‚µãƒ¼ãƒ‰âš½ï¸,2020-11-15
vanvasten,jose luis garcia,"Zaragoza, EspaÃ±a",2020-11-15
latingoles,Latingoles,"Georgia, USA",2020-11-15
Andraes53,AndrÃ©s RamÃ­rez,,2020-11-15
J3Deportes,J3 Deportes,,2020-11-15
MadridistasNYC,PeÃ±a Madridista NYC,New York City,2020-11-15
DanielC32871864,Daniel Casanova,,2020-11-15
ICDb_tv,Internet Commentator Database ICDb,,2020-11-15
cambiemosdt,Cambiemos De TÃ¡ctica,"Guayaquil, Ecuador",2020-11-15
CuadroTitularMX,Cuadro Titular,,2020-11-15
HTrickk,Hat Trickk,,2020-11-15
Danuel2bleD,Danu ğŸ»âš½,"Caracas, Venezuela",2020-11-15
A_rrivillaga,Joshua Arrivillaga,"MalacatÃ¡n, S. M.",2020-11-15
StreetopiaUWS,Streetopia Upper West Side,"Upper West Side, Manhattan",2020-11-15
LURNING2,LURNING,,2020-11-15
graffiti_bot,graffiti_bot,,2020-11-15
therfer,Therfer,Biosfera,2020-11-15
BrycePilz,Bryce Pilz,"Ann Arbor, MI",2020-11-15
theclique_uk,The CliquÃ© - Bloggers RT,"North West, England",2020-11-15
ChesteTrocola,Italo  Bombolini,,2020-11-15
BobisTheresa,Theresa Bobis,,2020-11-15
SportMobApp,SportMob,"Dubai, United Arab Emirates â¤",2020-11-15
BobisTheresa,Theresa Bobis,,2020-11-15
bensitges501,Nudist Men,,2020-11-15
ArchitectSladja,SlaÄ‘ana LazareviÄ‡,"Podgorica, Montenegro ",2020-11-15
sp1873,shahan petrossian,,2020-11-15
vincenzogermano,Opera23,Barcelona,2020-11-15
carstenw11,Carsten WÃ¼stenberg,"Herrenhof, Deutschland",2020-11-15
EmploiEspagne,EmploiExpatEspagne,Espagne,2020-11-15
places_calling,PlaceMatt,Unceded Kulin Nations land,2020-11-15
Brototi,Brototi Roy,"Barcelona, Spain",2020-11-15
fotosymbiose,Johannes Meger,Freiburg im Breisgau,2020-11-15
ersu1880,gÃ¶nÃ¼l akyar,tÃ¼rkiye Ä°stanbul,2020-11-15
Cristob81777882,Cristobal Francisco Cora,,2020-11-15
carmencortesvid,Carmen CortÃ©s,,2020-11-15
Wallspot_org,wallspot,,2020-11-15
KABRASS101,Kevin Brass,"San Diego, CA",2020-11-15
christianlipa,Christian Lipa,La Paz - Bolivia,2020-11-15
AshaSin24116510,Asha Singh,,2020-11-15
SosteniblesOrg,Sostenibles.org,Barcelona,2020-11-15
footballmemorys,Football Memories,Football pics from the past,2020-11-15
PSG24hours,PSG en Direct ğŸŒ,Parc des Princes,2020-11-15
researchmrx,MRX,New Jersey,2020-11-15
xvilapueyo,Xavier Vila,Barcelona,2020-11-15
academia_l,l.ACADEMIA,,2020-11-15
Laietafm,Laia,Barcelona,2020-11-15
CitiesForum_org,CITIES FORUM,Global ,2020-11-15
LondonsFinestQU,London's Finest,,2020-11-15
xavimatilla,Xavi Matilla,Barcelona/Terrassa,2020-11-15
LiamSD12,Liam Duffy,"London, England",2020-11-15
GlobetrotterVr,Globetrotter VR,,2020-11-15
Ivalanton,Valentin AntÃ³n DomÃ­n,,2020-11-15
FaithBu78980425,Faith Burns,,2020-11-15
masqtrading,ğ¹ğ‘’ğ“ğ’¾ğ“…ğ‘’ â“‚ï¸,Barcelona,2020-11-15
AnnaCountessK,Countess Anna,"Studio City, Los Angeles",2020-11-15
WatchOurCity,WatchOurCity.com,California,2020-11-15
Mohamma20946036,Mohammad Allam,Lebanon,2020-11-15
diffusereality,Diffuse Reality,,2020-11-15
neilmartinson,Neil Martinson,Snowdonia,2020-11-15
RationalAlien,Rational Alien,,2020-11-15
SimonMarincic,Simeon Orbis,"Toronto, Ontario, Canada",2020-11-15
AirfareSpot,Airfare Spot,United States,2020-11-15
WatchOurCity,WatchOurCity.com,California,2020-11-15
Remogaming,Remo Gaming,,2020-11-15
SolomonSeal6,SolomonSeal,"EU, RT=argree or worth noting",2020-11-15
EuropeanUnionC,European Union Club,,2020-11-15
KMaster49620335,KMasters,,2020-11-15
urbanitaeterin,Beatrice Stude,Vienna | Europe,2020-11-15
StadDoha_en,Stad Doha,Qatar,2020-11-15
healthylifeofsu,Suzie W,United Kingdom,2020-11-15
sasj,SarahJenkinson,,2020-11-15
shirtstopcorner,Top Corner Shirts,"London, Great Britain",2020-11-15
TallerGingell,Taller Gingell Ceramics,"Barcelona, Spain",2020-11-15
Lloyd_Dsouza03,Lloyd Dsouza,,2020-11-15
ExpatExchange,Expat Exchange,United States,2020-11-15
Alpha_Yom,Akitiolu,,2020-11-15
lori_clydesdale,Lori Clydesdale,"California, USA",2020-11-15
arbeitsplatz_EU,German Jobs Abroad,Germany,2020-11-15
firstpost,Firstpost,"Mumbai, India",2020-11-15
FirstpostSports,Firstpost Sports,India,2020-11-15
xaviercusso,Xavier CussÃ³,Barcelonaâ€”Remote,2020-11-15
alex93cy,Alexandros Kyriacou,Cyprus,2020-11-15
24Feast,Football Feast 24,,2020-11-15
NikolasKozloff,Nikolas Kozloff,"Brooklyn, NY",2020-11-15
BellaPisman,Bella Pisman,,2020-11-15
FootyKitMarket,Football Kit Market,"Nottingham, England",2020-11-15
TravelingWithS,Cathy Sweeney,"Scottsdale, AZ",2020-11-15
StandingRivers,Standing Rivers,,2020-11-15
jenkers_en,Jenkers News (ENG),San Francisco,2020-11-15
ngoamazing2009,Liverpool Mama,Nigeria,2020-11-15
cleanerair,Downwinders at Risk,Downwind,2020-11-15
NomadicBrits,Look at our World,Currently in the UK,2020-11-15
elCampeone,MOJ Ù…Ù„Ú©××•×¡××”,uXbRiDgE/ IslAMaBAD,2020-11-15
Stefan_Laurell,Stefan Laurell,Sweden,2020-11-15
ELIANT_ELIAS,E L I A N T - E L I A S,"Barcelona, Spain",2020-11-15
mflarad,Maria Fernanda Lara,BogotÃ ,2020-11-15
SFotonium,Sotirios Papathanasiou,Spain,2020-11-15
gulf_news,Gulf News,United Arab Emirates,2020-11-15
diffusereality,Diffuse Reality,,2020-11-15
AbaturRama,Abatur Rama,"Stockholm, Sverige",2020-11-15
DianaEscobarVi1,Diana Escobar Vicent,"Barcelona, EspaÃ±a",2020-11-15
moore2nick,Nicholas Moore,Dubai,2020-11-15
SoccerWalksNYC,Soccer Walks NYC,"New York, NY",2020-11-15
PerumalSports,Perumal,,2020-11-15
jobely,Jobely.com,USA,2020-11-15
TheOnlyTaps,Tapiwa Winston Muza,Zidane's basement,2020-11-15
DiegoLorijn,Diego Lorijn,"Barcelona, Spain",2020-11-15
AppeningWhats,whats appening podcast,,2020-11-15
WatchOurCity,WatchOurCity.com,California,2020-11-15
IExpressSports,Express Sports,New Delhi,2020-11-15
bibliotequesXBM,BibliotequesXBM,Barcelona,2020-11-15
FilmMusicTracks,Film Music Tracks,World,2020-11-15
Sarao_Music,SaraoMusic,Production Music Label,2020-11-15
ghostntmachine,GhostintheMachine,"EastEnd, London",2020-11-15
f1fanview,f1fanview,Worldwide,2020-11-15
PeterArde,Pietro Ardemagni,"Milano, Lombardia",2020-11-15
snoddas13,Pisse Mugg,,2020-11-15
swajones,Sam Jones,,2020-11-15
noreenwriter,Noreen Kompanik,"San Diego, CA",2020-11-15
75LT75,TI75Lima75,,2020-11-15
DevMicrocosm,Dev Microcosm,,2020-11-15
fiddi,David Schneider,"Barcelona, Spain",2020-11-15
Taktiskse,Taktisk,,2020-11-15
myfoodfantasy69,Charles Friedo Frize,"Manchester, England",2020-11-15
EpaddockIT,Epaddock,Italia ğŸ‡®ğŸ‡¹ ğŸ,2020-11-15
Laura_GastroN,Laura DÃ­az CaÃ±adas,"Miraflores de la Sierra, EspaÃ±a",2020-11-15
Laura_GastroN,Laura DÃ­az CaÃ±adas,"Miraflores de la Sierra, EspaÃ±a",2020-11-15
SkillsearchJobs,SkillsearchGamesJobs,,2020-11-15
FrikiFishBCN,FrikiFish,"Barcelona, Spain",2020-11-15
Gabriels_Mok,Mr Mok,Barcelona-Spain,2020-11-15
AgilentCareers,Agilent Careers,Worldwide,2020-11-15
marcosbustabad,marcos bustabad,,2020-11-15
carrersBCN,Carrers BCN,"Barcelona, Spain",2020-11-15
Vineet1016,38th Parallel,"Kaech'Ån, DPRK ğŸ‡°ğŸ‡µ",2020-11-15
CanalanzaCBD,Club Cannabis Canalanza,"Puerto del carmen, Lanzarote, ",2020-11-15
HarleyD74475812,Harley Davidson,,2020-11-15
ghostntmachine,GhostintheMachine,"EastEnd, London",2020-11-15
TheTravelBag1,The Travel Bag,,2020-11-15
Ariadnaclapes,Ariadna ClapÃ©s,,2020-11-15
adrianferrari,Adrian Ferrari,Sorocaba - SP / Brasil,2020-11-15
JacobOke3,Jacob Oke,"Imo, Nigeria",2020-11-15
AmakaAgwu2,Amaka Agwu,"Lagos, Nigeria",2020-11-15
TundeOshodi5,Tunde Oshodi,"Ogun, Nigeria",2020-11-15
mayowa_yemi,Yemi Mayowa,"Kano, Nigeria",2020-11-15
MagnusRanstorp,Magnus Ranstorp,Stockholm,2020-11-15
CFOPUBREL,CHARLES IGBINIDU,Nigeria,2020-11-15
BisolaJohn1,Bisola John,"Ogun, Nigeria",2020-11-15
Christi07205035,Christian Ifeanyi,"Asaba, Nigeria",2020-11-15
NwosuGift9,Nwosu Gift,"Abuja, Nigeria",2020-11-15
SSusannaturisme,Santa Susanna,"Santa Susanna, EspaÃ±a",2020-11-15
BisolaJohn1,Bisola John,"Ogun, Nigeria",2020-11-15
phacus_bcn,Francesc CamÃ­,"Barcelona, Catalunya",2020-11-15
DevMicrocosm,Dev Microcosm,,2020-11-15
BerlinFmi,FMI BERLIN,,2020-11-15
Andreilinho,Andreilinho,,2020-11-15
daniguties,Dani GutiÃ©rrez,"Masquefa, Barcelona",2020-11-15
WatchOurCity,WatchOurCity.com,California,2020-11-15
VMurzio,Veronica Murzio,"Translator, Customer Care",2020-11-15
AnnikaPatregna1,Annika Patregnani,,2020-11-15
zprcampbell,Zac Campbell,"London, England",2020-11-15
Hangry_es,Hangry,Madrid,2020-11-15
SMARTEESproject,SMARTEESproject,Europe,2020-11-15
ascameorg,ASCAME ğŸŒ,Barcelona,2020-11-15
petitejean1,jeannie,,2020-11-15
SkillsearchJobs,SkillsearchGamesJobs,,2020-11-15
izziey68,izziddeen Adam,"kaduna, Nigeria ",2020-11-15
DominiqueDebay,Dominique Debay,Manhattan - New York,2020-11-15
raffpantucci,Raffaello Pantucci,,2020-11-15
SecretsAndSpies,Secrets & Spies Podcast (The Dry CleanerCast),Worldwide & Behind you :),2020-11-15
WillBaldet,William BaldÃ©t MBE,United Kingdom,2020-11-15
OlivierGuitta,Olivier Guitta,London,2020-11-15
tigrillovlog,fan de tigrillovlog,Santa cruz de tenerife,2020-11-15
TorivoJobs,Torivo,United Kingdom,2020-11-15
TorivoJobs,Torivo,United Kingdom,2020-11-15
EngineersDay,Engineering Daily,"Atlanta, GA USA",2020-11-15
EngineersDay,Engineering Daily,"Atlanta, GA USA",2020-11-15
DOLFINHO4,DOLFINHO,,2020-11-15
Rahul_Jain_Here,Rahul Jain,,2020-11-15
LucidXtreme,LucidXtreme,Earth,2020-11-15
HeadlineFutbol,Headline Football,,2020-11-15
onedayoneimage,OneDay Photography,"Brooklyn, NY",2020-11-15
enriclopezj,Enric LÃ³pez Jurado/â™¥ï¸ğŸ‡ªğŸ‡º,Barcelona / Brussels,2020-11-15
Sportsmonks,SportsMonks,worldwide,2020-11-15
ChopFishandMore,ChopFish&More,Nigeria,2020-11-15
PapatyaKaradede,Papatya Karadede,"Ä°stanbul, TÃ¼rkiye",2020-11-15
tripstations,Tripstations,United States,2020-11-15
Barcinno,Barcinno,"Barcelona, Spain",2020-11-15
grepUPF,Prosodic Studies Group (GrEP),"Barcelona, Catalunya",2020-11-15
Tuko_co_ke,Tuko.co.ke,"Nairobi, Kenya",2020-11-15
Sirkomayalee1,Godisgood,,2020-11-15
JuliaFloritPons,JÃºlia Florit-Pons,Barcelona; Menorca,2020-11-15
thesuitesBCN,thesuites Barcelona,"Barcelona, EspaÃ±a",2020-11-15
Never1Surrender,Iglesias Etxezarreta,Barcelona,2020-11-15
ESlanguagejobs,Europe Language Jobs- Job board for jobs abroad,Spain,2020-11-15
betsihill,"Betsi, Betsi's World","Florida, USA",2020-11-15
sle7in1,Sle7in,,2020-11-15
sle7in1,Sle7in,,2020-11-15
MBenedejcic,Minca BenedejÄiÄ,Ljubljana,2020-11-15
citiesthefuture,Cities Of The Future,Barcelona,2020-11-15
Timoalan,Timo Alan,"Cape Town, South Africa",2020-11-15
glee_sports,GleeSports,,2020-11-15
ErimConsulting,ERIM Consulting,Global,2020-11-15
_Wanderlusters_,Wanderlusters,,2020-11-15
AllegoryPR,Lisa Morales,Miami,2020-11-15
isolutions_bcn,isolutions Barcelona,Barcelona,2020-11-15
davi326,Andrew Davis,"London, England",2020-11-15
RUZA1234,Ruairi O'Brien-Kelly,"Melbourne, Australia",2020-11-15
ingridvilag,"Ingrid VilÃ -GimÃ©nez, PhD","Girona-Barcelona, Catalunya",2020-11-15
emploi_abroad,Emploi Ã  l'Ã©tranger,France,2020-11-15
aethon99,AETHON,,2020-11-15
IvicaPodnar,ivica,the centre of toronto,2020-11-15
iam_lil_jojo,Usman Jaafaru Abubakar,Nigeria,2020-11-15
ESlanguagejobs,Europe Language Jobs- Job board for jobs abroad,Spain,2020-11-15
SMARTEESproject,SMARTEESproject,Europe,2020-11-15
Drbawa11,ğŸ¥‡Ismaâ€™eel BğŸ¥‡,"Shika, Nigeria",2020-11-15
Runkyc_,U_M_M_I_EğŸŒº,,2020-11-15
9ja_phonestore,9japhonestore | KADUNA CARS,MAKARFI PLAZA KADUNA,2020-11-15
BoxesStores,Lightbox Good Man,United States,2020-11-15
evacarbo1,Eva CarbÃ³ Estrada,"Barcelona, Catalunya",2020-11-15
JorgeH_NunezCOT,Jorge H. NÃºÃ±ez,Barcelona,2020-11-15
livescore,LiveScore,URL,2020-11-15
Takking_gou,hatena_tao,Japan,2020-11-15
agoraphobic101,Nabin (Riqui Puig FC),Kathmandu,2020-11-15
hart_engel,Hart Engel,Toronto ğŸ‡¨ğŸ‡¦,2020-11-15
nitl_app,NITL,Global,2020-11-15
LeVanKh83996937,Le Van Khai,laos,2020-11-15
9mPjdqBOpmXEpat,Ğ˜Ñ€Ğ¸Ğ½Ğ° ĞŸ,,2020-11-15
EU_group,EU Business School,"BCN, GVA, MTX, MUC",2020-11-15
BartHanssens,Bart Hanssens,Belgium,2020-11-15
onomsalam2pas,onom,,2020-11-15
citiesthefuture,Cities Of The Future,Barcelona,2020-11-15
rocioruizsa,RocÃ­o Ruiz,,2020-11-15
BrainsreNews,Brainsre News,,2020-11-15
StephanosEco,Stephanos Economides,"Athens, Greece",2020-11-15
Joinup_eu,Joinup.eu,"Brussels, Belgium",2020-11-15
iMarketingHotel,Ramona Kramp,D - Bayern und ES - Malaga,2020-11-15
camnnine,Ã§Ã¤mÄ“rÃ¸Å„,Gaillimh,2020-11-15
grecil_lab,Grecil Lab (UOC-UB),"Barcelona, CataluÃ±a",2020-11-15
m3_artworks,ğ•¸3_ğ–†ğ–—ğ–™ğ–œğ–”ğ–—ğ–ğ–˜,"Barcelona, EspaÃ±a",2020-11-15
InsideSportIND,InsideSport,"à¤¨à¤ˆ à¤¦à¤¿à¤²à¥à¤²à¥€, à¤­à¤¾à¤°à¤¤",2020-11-15
GauthamSingh152,Gautham Singh Lodh ğŸ,"Hyderabad, India",2020-11-15
dna,DNA,India,2020-11-15
hautahbuhgee,Curtis D. Hutcherson,korea,2020-11-15
NiaOlivaB,Estefania Oliva Bust,"Santiago, Chile",2020-11-15
ESlanguagejobs,Europe Language Jobs- Job board for jobs abroad,Spain,2020-11-15
OrujosElCoteron,ğŸ‡ Orujos El CoterÃ³n âš—ï¸,ArgÃ¼Ã©banes-LiÃ©bana-Cantabria,2020-11-15
oman170490,ğ“ƒ.ğ“‡.ğ“ƒğ’¶ğ“‡ğ’¶ğ“ğ’¶ğ“ƒ á´¡Éªá´›Êœá´á´œá´› á´á´€ÊŸÉªá´„á´‡ ÉªÉ´ ğŸ¥ ÊŸá´€É´á´… ğŸŒ¹,"Muscat, Oman",2020-11-15
betsmasterpro,Williams Iwu,"Jos,Nigeria",2020-11-15
IntelliTraveler,Intelligent Traveler,,2020-11-15
livescore,LiveScore,URL,2020-11-15
Hangar_org,Hangar.org,"Emilia Coranty, 16. Barcelona",2020-11-15
abhi_7_jit,Abhijit Debnath,India,2020-11-15
Hostalremona,â–¸ Hostal RemoÃ±a ğŸ¡ Turismo Rural,"Espinama, EspaÃ±a",2020-11-15
Martian171Lars,Lars Larsen,"Austin, TX",2020-11-15
vidisorin,Vidisorin,"Bucharest, BucureÅŸti",2020-11-15
esberginia,EsbergÃ­nia Â·.,"Barcelona, CAT.",2020-11-15
Trofeo_21,Merovingian,,2020-11-15
PilarPVives,Pilar Prieto ğŸŒ¹ğŸ—,,2020-11-15
_Wanderlusters_,Wanderlusters,,2020-11-15
AlexandraNGlz,Alexandra Navarrete,Barcelona,2020-11-15
IgualadaAlfonso,Alfonso Igualada,,2020-11-15
Fola_jnr20,DMW's Last ShildğŸ–¤ğŸ¦‹,,2020-11-15
ss2577171,aditya,,2020-11-15
Hashtag_Caps,Hashtag Caps,EspaÃ±a,2020-11-15
DerKaiserFrank,Kaiser Frank,,2020-11-15
emeka6010,Emeka,,2020-11-15
Stefano4118899,pÑ”Ô€Ño zÑ”Ñ”â„¢,Nevada ,2020-11-15
nidibou,nidibou,,2020-11-15
academia_l,l.ACADEMIA,,2020-11-15
livescore,LiveScore,URL,2020-11-15
BvonStamm,Bettina von Stamm,UK,2020-11-15
BarcelonaCsrc,CSRC_Barcelona,"Barcelona, CataluÃ±a",2020-11-15
PSG24hours,PSG en Direct ğŸŒ,Parc des Princes,2020-11-15
MasdeSantLlei,Mas de Sant LleÃ­,Barcelona,2020-11-15
Adeyemi62306626,Adeyemi Opeyemi,,2020-11-15
rosa_g_abella,Rosa Garcia Abella,,2020-11-15
TocHostels,Toc Hostels,EspaÃ±a,2020-11-15
NatJanne,Nathalie Janne,Bruxelles,2020-11-15
academia_l,l.ACADEMIA,,2020-11-15
NorakBaleares,Bernd - NORAK Group,Palma de Mallorca - Spain,2020-11-15
academia_l,l.ACADEMIA,,2020-11-15
LeagueThatDay,League that Day,Europe,2020-11-15
civil_spanish,TheSpanishCivilWar,"Edinburgh, Scotland",2020-11-15
netbuzzafrica,Netbuzz Africa,Africa,2020-11-15
Clement_Steuer,ClÃ©ment Steuer,,2020-11-15
marc_guerrero,Marc Guerrero âš¡ï¸,"Pedralbes, Barcelona",2020-11-15
NowgoalScore,Nowgoal Livescore,,2020-11-15
helpHousing_,helpHousing,"Calle Gran VÃ­a, 22B, Madrid",2020-11-15
CDakuku,Somtochukwu Kalu,Nigeria ,2020-11-15
CNIC_CARDIO,CNIC,"Madrid, Spain",2020-11-15
trialmaster,Trialmaster,Europe ,2020-11-15
VicoSalama,Victor Salama,,2020-11-15
Roca_Junyent,Roca Junyent,Spain,2020-11-15
SunshineAdorer,Sunshine Adorer| Traveller| Travel blog,Where the sun shines. ,2020-11-15
EuroMedRights,EuroMed Rights,"Copenhagen, Brussels, Tunis",2020-11-15
bois_dinde,Bois d'Inde,paris,2020-11-15
GemaGruesoOtalo,Gema Grueso Otalo,Madrid Spain,2020-11-15
cosyblogclub,The Cosy Bloggersâ€™ Club,,2020-11-15
JFA_unijuntos,JFA-Unijuntos,France,2020-11-15
BloggersTribe,ğŸ’»BloggersTribeğŸ’»,United Kingdom,2020-11-15
citiesthefuture,Cities Of The Future,Barcelona,2020-11-15
LasTapasDeLola,Las Tapas De Lola,"12 Wexford Street, Dublin 2",2020-11-15
ESlanguagejobs,Europe Language Jobs- Job board for jobs abroad,Spain,2020-11-15
VetteLetters,VetteLetters,"Amsterdam, The Netherlands",2020-11-15
NorakGroup,Stephan Oeller,Madrid - Munich - Hong Kong,2020-11-15
FootTheBall,FootTheBall,Locker Room,2020-11-15
llucetina,LÃ­dia PifarrÃ©âš¡,Barcelona,2020-11-15
uvalenti,Ugo Valenti - #SCLive2020,Barcelona,2020-11-15
uvalenti,Ugo Valenti - #SCLive2020,Barcelona,2020-11-15
365Scores,365Scores,,2020-11-15
Norakgijon,Jaime - NORAK Group,GijÃ³n  - Spain,2020-11-15
NorakBarcelona,BCN - NORAK Group,Barcelona .- Spain,2020-11-15
JuliaMirallesdI,JÃºlia Miralles de Imperial,Barcelona,2020-11-15
ArtsAtCERN,Arts at CERN,"CERN. Geneva, Switzerland.",2020-11-15
cricketn_live,CricketnLive.com,Punjab,2020-11-15
cricketn_live,CricketnLive.com,Punjab,2020-11-15
BelfortCentre,Belfort Language centre,Barcelona,2020-11-15
playpongis,Pongis,Japan,2020-11-15
playpongis,Pongis,Japan,2020-11-15
playpongis,Pongis,Japan,2020-11-15
PMFarma,PMFarma,EspaÃ±a,2020-11-15
__subwaysurfer,Subway Surfer,"South East, England",2020-11-15
TrungTi41138261,Trung Tin,USA,2020-11-15
HealthandEnv,Health and Environment Alliance (HEAL),"Brussels, Belgium",2020-11-15
graffiti_bot,graffiti_bot,,2020-11-15
jobs_language,Jobs in Europe,,2020-11-15
laserbarcelona,Justo Heras,,2020-11-15
Outlookindia,Outlook Magazine,"New Delhi, India",2020-11-15
50BestBars,50BestBars,,2020-11-15
ThilanWijegunar,Thilan Wijegunaratne,Sri Lanka (Ceylon),2020-11-15
Wallspot_org,wallspot,,2020-11-15
An77Ver,An77Ver,,2020-11-15
Coxill_Andrew,Andy,Wales,2020-11-15
Skorewit,Skorewit,Madrid EspaÃ±a,2020-11-15
ESlanguagejobs,Europe Language Jobs- Job board for jobs abroad,Spain,2020-11-15
against_beth,For God And Country ğŸ‡ºğŸ‡¸ ğŸ‡®ğŸ‡±,,2020-11-15
InfinityLoveEvy,MaryMar,"Madrid, EspaÃ±a",2020-11-15
BTA_tennis,BTA,Spain,2020-11-15
fcbxshreya,SHREYAğŸŒ»,India,2020-11-15
BcnVIPtour,VIP BCN Tour Guides,"Av: Pau Casals, 38, 2Âº,5Âª, BCN",2020-11-15
arbeitsplatz_EU,German Jobs Abroad,Germany,2020-11-15
ME_BCN,Michaela,"Barcelona, Spanien",2020-11-15
365Scores,365Scores,,2020-11-15
IQ_Bet,IQ-Bet.com,London - office@ltd-rs.com,2020-11-15
armelcastellan,Armel Castellan,UncededLekwungenTer/VictoriaBC,2020-11-15
PTRClinic1,John Rutherford MCSP DC HCPC PT Illinois USA,"Harley Street London, England",2020-11-15
Rose70022,Rose ğŸŒ¹,"Scotland, United Kingdom",2020-11-15
joanlopezphoto,Joan LÃ³pez i Casanoves,"Barcelona, Espanya",2020-11-15
debbradb,Debbra Brouillette,"Evansville, IN",2020-11-15
MonkeyofParis,MonkeyofParis,"Paris, France",2020-11-15
TheKitmanUK,TheKitman.co.uk,"Bristol, England",2020-11-15
ZurdoSoledad,Soledad Sacristan Zurdo,,2020-11-15
LucaCisternino1,Bernardo ( Luca ) Soares,Italia,2020-11-15
joanlopezphoto,Joan LÃ³pez i Casanoves,"Barcelona, Espanya",2020-11-15
pedro_torres_m,Pedro Torres ğŸ“¡,"Dammarie-les-Lys, France",2020-11-15
Rose70022,Rose ğŸŒ¹,"Scotland, United Kingdom",2020-11-15
MisuMisuRecords,Misu Misu Records,"Marbella, EspaÃ±a",2020-11-15
joanlopezphoto,Joan LÃ³pez i Casanoves,"Barcelona, Espanya",2020-11-15
WanderlustXL,ğŸ³ï¸â€ğŸŒˆ #WanderlustXL ğŸ³ï¸â€ğŸŒˆ,Republic of the Philippines,2020-11-15
PSG24hours,PSG en Direct ğŸŒ,Parc des Princes,2020-11-15
agbudeufuoma,Agbude Ufuoma,Warri Nigeria,2020-11-15
AkinosiBenjamin,Akin,,2020-11-15
tripwellness,Elaine J Masters,"San Diego, CA",2020-11-15
FootTheBall,FootTheBall,Locker Room,2020-11-15
Judi_Cohen,Travelingjudi,"Toronto, Ontario",2020-11-15
Outlookindia,Outlook Magazine,"New Delhi, India",2020-11-15
soccerfanatictv,Soccer Fanatic TV,,2020-11-15
cricketn_live,CricketnLive.com,Punjab,2020-11-15
Harry_my_god16,AADIT IS ON NAUGHTY LIST âœ¨â£ï¸,Eroda,2020-11-15
FootTheBall,FootTheBall,Locker Room,2020-11-15
soccerfanatichq,The Soccer Fanatic,,2020-11-15
ina39664845,ina,,2020-11-15
4ourdogs,Nikki,"South East, England",2020-11-15
Bobbstterr,Bob Garnham,Dear old Blighty,2020-11-15
ShadowBanned1,Shadow Banned,,2020-11-15
stu060381,Stuart,"West Midlands, England",2020-11-15
Natalie91231732,Natalie collins FBPE,,2020-11-15
avfcnewsgossip,AVFC News & Gossip,"Birmingham, England",2020-11-15
GulfAtlanticInd,"Gulf Atlantic Ind of America, Inc.",South Florida,2020-11-15
Americanwoman00,PRESIDENT-ELECT Freedom Lover,,2020-11-15
herreraj_2,Jordan Herrera,Right where I need to be   ,2020-11-15
AdamMilstein,Adam Milstein,Southern California,2020-11-15
BarcaHour,Barca Hour,India,2020-11-15
Gooner_Nate4,Nate,Southern California,2020-11-15
SoccerDid,Did Someone Say Soccer?,,2020-11-15
MEG_I_D,MEG Impressive Designs,,2020-11-15
MEG_I_D,MEG Impressive Designs,,2020-11-15
Veronic62377337,Veronica,,2020-11-15
Veronic62377337,Veronica,,2020-11-15
Veronic62377337,Veronica,,2020-11-15
Veronic62377337,Veronica,,2020-11-15
Veronic62377337,Veronica,,2020-11-15
Veronic62377337,Veronica,,2020-11-15
coky_find,Find to my coky,æ—¥æœ¬,2020-11-15
rb_weatherman,"Robby ""Brick"" Weatherman",United Arab Emireates,2020-11-15
kubodro,David Lee Drotar,Castleton-on-Hudson,2020-11-15
OluwatobaAmo,Alabosi-Yoruba,"Lagos, Nigeria",2020-11-15
OluwatobaAmo,Alabosi-Yoruba,"Lagos, Nigeria",2020-11-15
ghanaleaksblog,G.L.B.,"DM or Email dsai87207@gmail.com for promotions.
Ghana, Africa, US, Canada, UK, Europe, Asia.",2020-11-15
angelina_csc,Angelina Adinami,"Victoria Island, Nigeria",2020-11-15
samdave44124915,sam dave,,2020-11-15
LananaDidi,Dyan,"QuÃ©bec, Canada",2020-11-15
AduakaJ,CryptoKINGğŸ¤´,,2020-11-15
pamandgarybaker,PamandGaryBaker,,2020-11-15
Tonya_Hennessey,Tonya_Hennessey,"Vallejo, CA",2020-11-15
katywalls,Kathleen Walls,"Middleburg, Florida",2020-11-15
coky_find,Find to my coky,æ—¥æœ¬,2020-11-15
soccerfanatictv,Soccer Fanatic TV,,2020-11-15
annagestio,Anna MartÃ­,Barcelona (Catalan Countries),2020-11-15
VizcainCarmen,Maria Carmen Vizcain,,2020-11-15
soccerfanatichq,The Soccer Fanatic,,2020-11-15
LiveSpo65514689,Live Sport,,2020-11-15
voyagewriters,Lori Sweet & Sylvio Roy,"Ontario, Canada",2020-11-15
Alba031__,ğ–ˆğ•¬ğ–‘ğ–‡ğ–†,"Santander, EspaÃ±a",2020-11-15
KurtzShar,shar_kurtz,"Dallas, TX",2020-11-15
IBN_Berlin,IBN-Berlin,Berlin,2020-11-15
rb_weatherman,"Robby ""Brick"" Weatherman",United Arab Emireates,2020-11-15
by__tft,tft #Resistance,"North Sea Coast, Germany",2020-11-15
hakimki80430161,hakim kimo,,2020-11-15
ernnews,ernnews,,2020-11-15
joelat___,Joel Vogt,"Allschwil, Schweiz",2020-11-15
Hany_jean,Rocky D Antonio,Norway_Oslo,2020-11-15
danideruiz,Dani Ruiz,Barcelona (EspaÃ±a).,2020-11-15
_MarkMahon,Mark Mahon Ù…Ø§Ø±Ùƒ Ù…Ø§Ù‡ÙˆÙ†,"NYC - Wash, DC ",2020-11-15
WbWse,âˆ I Am WbWse âˆ,Heaven(5D) on Earth(Gaia),2020-11-15
Dell1712,Dell17,,2020-11-15
ceIwstia,kay,she/they,2020-11-15
ceIwstia,kay,she/they,2020-11-15
WbWse,âˆ I Am WbWse âˆ,Heaven(5D) on Earth(Gaia),2020-11-15
WeatherAmeric,Weather America,,2020-11-15
kalleoellak,kallÃ©o Hipolito,Manchester,2020-11-15
TheOmegaDork,Matthew Constantine,,2020-11-15
SeiKion,Jon,"Barcelona, EspaÃ±a",2020-11-15
dbrecruit,Deanna Buchanan,Atlanta,2020-11-15
JazzCfree,Joan Carles-JazzC,Barcelona.,2020-11-15
jaqs53,JAQS,"Barcelona, EspaÃ±a",2020-11-15
PhilHynes_,Phil Hynes,Ireland,2020-11-15
Doald12,Doald,,2020-11-15
tribescam,cameron,"Galway, Ireland",2020-11-15
bigezdaddy2017,Alfred Moesker - CASH stakepool,"Barcelona, Spain",2020-11-15
JcmorenoR23,JC,Barcelona-Madrid,2020-11-15
pollysaraujo1,pollysaraujo1,Recife,2020-11-15
BuenaVoluntadEA,Buena Voluntad de Emocionales AnÃ³nimos,"Barcelona, Spain",2020-11-15
TravelFilmer,World StockVideo,Germany,2020-11-15
AmadiChukwuebu4,ğ‘¨ğ’ğ’‚ğ’…ğ’Š ğ‘ªğ’‰ğ’–ğ’Œğ’˜ğ’–ğ’†ğ’ƒğ’–ğ’Œğ’‚,Nigeria,2020-11-15
kiwiartistica,kiwiartistica,,2020-11-15
KelanOtto,Kelan Otto,,2020-11-15
HomenetInventor,Inventor.homenet,,2020-11-15
Biomedi_cat,Biomedicat,"Barcelona, EspaÃ±a",2020-11-15
WeatherEurop,Weather Europe,,2020-11-15
marveladegbiji,ğ•„ğ•’ğ•£ğ•§ğ•–ğ•ğ• ğ•¦ğ•¤ ğŸ’¥,,2020-11-15
__subwaysurfer,Subway Surfer,"South East, England",2020-11-15
homedesignbarna,homedesignbarcelona,Barcelona,2020-11-15
Barcelo_dona,Barcelodona,"Barcelona, EspaÃ±a",2020-11-15
GEN_ETIC,Gen Etic,BARCELONA,2020-11-15
monvilalta,RAMON VILALTA,BARCELONA,2020-11-15
monvilalta,RAMON VILALTA,BARCELONA,2020-11-15
graffiti_bot,graffiti_bot,,2020-11-15
monicacurtorios,Monica,,2020-11-15
monicacurtorios,Monica,,2020-11-15
academia_l,l.ACADEMIA,,2020-11-15
academia_l,l.ACADEMIA,,2020-11-15
academia_l,l.ACADEMIA,,2020-11-15
jmhamiltonblog,J.M. Hamilton,ğŸ‡¨ğŸ‡¦ğŸ‡ºğŸ‡¸ğŸ³ï¸â€ğŸŒˆ,2020-11-15
AuthorGaleLaure,G. Laure,"Houston area, Texas",2020-11-15
NEVENassoc,NEVEN association,"Martorell, EspaÃ±a",2020-11-15
cricketn_live,CricketnLive.com,Punjab,2020-11-15
papillesetM,FranÃ§ois Chartier,"Barcelona, Montreal.",2020-11-15
merouane_moh,merouane moh kamel,,2020-11-15
Wallspot_org,wallspot,,2020-11-15
vincenzogermano,Opera23,Barcelona,2020-11-15
LiverpoolFCKen2,Liverpool FC_KeğŸ‡°ğŸ‡ª,,2020-11-15
NoemiPAH,Noemi,,2020-11-15
thgkblog,The Goalkeeping Blog,"South East, England",2020-11-15
PahNoguera,PAH La Noguera,Balaguer,2020-11-15
coky_find,Find to my coky,æ—¥æœ¬,2020-11-15
BrewBalcony,BalconyBrewReview,,2020-11-15
mutley7781,Malcolm Stoneman,,2020-11-15
IyandaIyanu,Iyanda iyanu,,2020-11-15
HowardsWayFilm,Everton Howard's Way,Goodison Park,2020-11-15
ath1194,Alan Hughes,Burbo Bank,2020-11-15
maubreakingnews,Breaking News Mau,"Maunath Bhanjan, UP, India",2020-11-15
tedsukar,Tedsukar,,2020-11-15
tedsukar,Tedsukar,,2020-11-15
PaulMBanks,Socially Distant Paul M Banks,"Gold Coast, Chicago, IL, USA",2020-11-15
coky_find,Find to my coky,æ—¥æœ¬,2020-11-15
bizflats,bizFlats,Barcelona,2020-11-15
the_prbb,Biomedicina BCN,Barcelona,2020-11-15
tedsukar,Tedsukar,,2020-11-15
sampsoid,David Sampson,,2020-11-15
lisagoldapple,Lisa Goldappleâš¡,Barcelona 08 via London E8,2020-11-15
ARANERALEMO,MMP,Madrid EspaÃ±a,2020-11-15
pina_krassov,Pina Krassovski,EspaÃ±a,2020-11-15
PahNoguera,PAH La Noguera,Balaguer,2020-11-15
laughinglasses,Laughing Lasses,Newcastle upon Tyne,2020-11-15
JackieJ99020499,Jackie Jones,Earth,2020-11-15
LA_PAH,Afectadas por la hipoteca,Estatal,2020-11-15
ManUtdCorner7,Man Utd Corner,,2020-11-15
Lloyd_Dsouza03,Lloyd Dsouza,,2020-11-15
LeonCRi1,Leon FootballğŸ‡¬ğŸ‡§ğŸ‡¯ğŸ‡²,,2020-11-15
Sarao_Music,SaraoMusic,Production Music Label,2020-11-15
jobely,Jobely.com,USA,2020-11-15
DJDayslayer,DJ Dayslayer,"Los Angeles, CA",2020-11-15
VanThai78308430,Van Thai,CN,2020-11-15
The_Cule_,Aashirwad R,India,2020-11-15
clairesturz,TalesOfABackpackerğŸŒ,"England, United Kingdom",2020-11-15
carlosgarridoHQ,Carlos Garrido ğŸ—º Adventure Traveler,,2020-11-15
LucasADWebber,Lucas Webber,,2020-11-15
BizzwordsUK,Bizzwords,United Kingdom,2020-11-15
sonosuite,SonoSuite,Spain,2020-11-15
11vs11art,11vs11.art âœâš½ï¸,,2020-11-15
anael_garlo,Ana Elvira GarcÃ­a LÃ³pez,"Barcelona, EspaÃ±a",2020-11-15
realstemar,Bop Daddy,"Lagos, Nigeria",2020-11-15
johnleewriter,John Lee,"Vancouver, British Columbia",2020-11-15
JD_1811,Josh Dugdale,"Barcelona, Spain",2020-11-15
PlusZeroConcept,Plus Zero Concept Store,ğŸŒ,2020-11-15
coky_find,Find to my coky,æ—¥æœ¬,2020-11-15
NguyenC52413625,Nguyen Cong Hung,ha noi - viet nam,2020-11-15
JD_1811,Josh Dugdale,"Barcelona, Spain",2020-11-15
besoccer_com,BeSoccer,,2020-11-15
JD_1811,Josh Dugdale,"Barcelona, Spain",2020-11-15
marisol68347645,marisol garcia,,2020-11-15
christophkny,Christoph Kny ğŸ,"Barcelona, Spanien",2020-11-15
snikolov,NaN demeulemeester,London,2020-11-15
jobs_language,Jobs in Europe,,2020-11-15
CataloniaBioHT,CataloniaBio & HealthTech,Barcelona,2020-11-15
AshleyDwyer,Ashley Dwyer,United States,2020-11-15
FrikiFishBCN,FrikiFish,"Barcelona, Spain",2020-11-15
mOQIl,Chrâ‚¬ri,,2020-11-15
Author_PCorrell,Patricia Correll,,2020-11-15
MCACebu,Maranatha Christian Academy,,2020-11-15
BComuGlobal,BComu Global,"Barcelona, Spain",2020-11-15
JalajRathour,Blaugrana,camp nou,2020-11-15
JalajRathour,Blaugrana,camp nou,2020-11-15
IonnusPaulus,Ioannes Spanarios,New Mexico,2020-11-15
JalajRathour,Blaugrana,camp nou,2020-11-15
JalajRathour,Blaugrana,camp nou,2020-11-15
Evgeny44392460,Evgeny,,2020-11-15
JalajRathour,Blaugrana,camp nou,2020-11-15
BCNSTUDENTS,BARCELONA STUDENTS,Barcelona,2020-11-15
officiallibtv,Linda Ikeji,"Lagos, Nigeria",2020-11-15
myhealthbookguy,Mike The Health Book Guy,"Cibolo, TX",2020-11-15
apeopleFR,Approach People FR,Paris,2020-11-15
ApproachPeople,Approach People,Ireland | France | Switzerland | Spain,2020-11-15
AnaCoelhoBXL,Ana Coelho ğŸ—ğŸ€ğŸ•ŠğŸ‡ªğŸ‡º,Europe,2020-11-15
WuJi_AYaYA,æ— æAyayağŸ–‹ï¸,,2020-11-15
AntoniTonacho,Toni SÃ¡nchez,Barcelona. UAB,2020-11-15
MOTTEFlow,Star Lord,"QuinciÃ©-en-Beaujolais, France",2020-11-15
diba,DiputaciÃ³ de Barcelona,Barcelona,2020-11-15
Skorewit,Skorewit,Madrid EspaÃ±a,2020-11-15
CarlosPatm,Carlos PatiÃ±o,"MedellÃ­n, Colombia",2020-11-15
HT_Resp,High Threat Response,,2020-11-15
benceLaky,Bence Laky,,2020-11-15
emploi_abroad,Emploi Ã  l'Ã©tranger,France,2020-11-15
Thenotfakeme,#StandUpForCatalonia,"Alt Emporda,Catalunya viağŸ‡¬ğŸ‡§",2020-11-15
Bio_Jobber,BioJobber,pale blue dot,2020-11-15
Telegraph,The Telegraph,"London, UK",2020-11-15
akshit_dube,Akshit Dube,"Hyderabad, India",2020-11-15
SmartCityexpo,Smart City Expo,"Barcelona, Spain",2020-11-15
ibaiiriarte,ibai iriarte,,2020-11-15
Sports_Khabri,Sports Khabri,,2020-11-15
teki_mr,Number 1 Boy,Cognito,2020-11-15
BarcaWorldEn,BarÃ§a World,,2020-11-15
_GhostDivision,Insurgency,,2020-11-15
MapPornTweet,MapPorn,Earth,2020-11-15
RoberttaWatson,Robertta Watson,World,2020-11-15
BarneyBlues,Barney ğŸ’šğŸ¥° #XhakaIsMyArsenalCaptain,"Tampines, Singapore",2020-11-15
ChuckDalldorf,Chuck Dalldorf,,2020-11-15
DynamicFrize,Charles Friedo Frize,"Manchester,England",2020-11-15
AdeelED,Zeus,"Lahore, islamabad, stockholm",2020-11-15
DBestrong,DontbelieveBestrong,Barcelona / Catalonia,2020-11-15
ChuDu26255560,Chu Du,US,2020-11-15
Softandwild1,Soft and Wild Society,,2020-11-15
TeamWazzaleen,TeamWazzaLeen,,2020-11-15
andsoitslife,ELğŸŒATravezDeMisOjos,"Entre RÃ­os, Argentina",2020-11-15
Designpill_art,Design pill,Amazing Barcelona,2020-11-15
urbanworldserie,Urban World Series,Barcelona,2020-11-15
JoanSanx,Joan Sanz,Barcelona,2020-11-15
AnneArmorika22,Marie-Anne,"Bretagne, France",2020-11-15
MisionVienaOI,EspaÃ±a ONU Viena,,2020-11-15
ChauThinh3,Chau Thinh,MA,2020-11-15
LioM10__,Arsalan Khattak,Pakistan,2020-11-15
HeadlineFutbol,Headline Football,,2020-11-15
AzrOrganization,AZR Organization,,2020-11-15
ESlanguagejobs,Europe Language Jobs- Job board for jobs abroad,Spain,2020-11-15
FFootballShirts,FFSFootballShirts,"Birmingham, England",2020-11-15
Stefano4118899,pÑ”Ô€Ño zÑ”Ñ”â„¢,Nevada ,2020-11-15
livescore,LiveScore,URL,2020-11-15
hart_engel,Hart Engel,Toronto ğŸ‡¨ğŸ‡¦,2020-11-15
TrucLin60693405,Truc Linh,Japanese,2020-11-15
owtz69j1OSJXDPo,Ğ Ğ¸Ñ‚Ğ°,"Ğ Ğ¾ÑÑĞ¸Ñ, Ğ˜Ñ€ĞºÑƒÑ‚ÑĞº",2020-11-15
bmw5558vs,louay hammami,,2020-11-15
IBNGermany,Irish Business Network Germany,Deutschland,2020-11-15
Jsharman64,John Sharman,Rugby UK,2020-11-15
DrPatridge,Dr. Patrick Patridge,Frankfurt am Main,2020-11-15
TrungNa17512765,Trung Nam,UK,2020-11-15
FarSight3,ğŸ‡¦ğŸ‡¹ FS3 ğŸ‡­ğŸ‡º,,2020-11-15
FBL72,The72: EFL News,,2020-11-15
FRANCE24,FRANCE 24,"Paris, France",2020-11-15
coldAnalysis,Couch_Coach,Somewhere on the Pitch,2020-11-15
Sp0rting0pini0n,Sporting Opinion,,2020-11-15
ChablisPablis,Chablis Pablis,Bewilderness,2020-11-15
pmcheleno,Paulo Heleno,,2020-11-15
bogoroditzaDina,Dina Panayotova,CataluÃ±a - Bulgaria,2020-11-15
SPAINinKSA,EmbEspaÃ±a en A.SaudÃ­,"Riad, Reino de Arabia Saudi",2020-11-15
Outlookindia,Outlook Magazine,"New Delhi, India",2020-11-15
SecretFlying_eu,Secret Flying (EU),,2020-11-15
France24_en,FRANCE 24 English,"Paris, France",2020-11-15
thesuitesBCN,thesuites Barcelona,"Barcelona, EspaÃ±a",2020-11-15
ekapic,Edin KapiÄ‡,"Barcelona, Catalonia",2020-11-15
SIRRKHAY,SIRR KHAYğŸ‡¬ğŸ‡­,Ghana,2020-11-15
SecretFlying,Secret Flying,,2020-11-15
Iukephelps,Luke Phelps,,2020-11-15
SIRRKHAY,SIRR KHAYğŸ‡¬ğŸ‡­,Ghana,2020-11-15
FBL72,The72: EFL News,,2020-11-15
_fikrikamarudin,FiQ,,2020-11-15
ESlanguagejobs,Europe Language Jobs- Job board for jobs abroad,Spain,2020-11-15
TheCollectorArt,The Collector Art Gallery,"Firenze, Toscana",2020-11-15
coky_find,Find to my coky,æ—¥æœ¬,2020-11-15
awaseman88,Awaseman88,,2020-11-15
cricketn_live,CricketnLive.com,Punjab,2020-11-15
IQSTechFactory,IQS Tech Factory,Barcelona,2020-11-15
rocioruizsa,RocÃ­o Ruiz,,2020-11-15
BrainsreNews,Brainsre News,,2020-11-15
heikkierola,Heikki Erola,Barcelona,2020-11-15
trendsinAI,AI Bot,,2020-11-15
HayStackAIBCN,HayStack Analytica,"Barcelona, Spain",2020-11-15
Calicannabis3,Calicannabis,,2020-11-15
BechirSaied,BÃ©chir SaÃ¯ed,Germany,2020-11-15
Burtytweets,Chris Burton,,2020-11-15
lies_mo,Mo Lies,,2020-11-15
stevek9KS1TV,steve kay KS1 TV,"London, England",2020-11-15
TheTransferEx,The Transfer Exchange Show,"England, United Kingdom",2020-11-15
eltwitdegatobus,pau ricart,"Barcelona, CataluÃ±a",2020-11-15
IsaIsaLiman1,ğŸ†…ï¸ğŸ…¾ï¸ğŸ…»ï¸ğŸ…²ï¸ğŸ…ºï¸ğŸ†‚ï¸ğŸ†‚ï¸ ğŸ”´ğŸ”´,KANOâ€“ABUJA,2020-11-15
JFA_unijuntos,JFA-Unijuntos,France,2020-11-15
CreHerald,CRE Herald,,2020-11-15
SageCareers,Life at Sage,Global,2020-11-15
Emmytee_7,"EMMYTEE, PhD","Lagos, Nigeria ",2020-11-15
Joseph_legend10,Joseph Moses,Planent,2020-11-15
LuBo68826885,Lu Bo,US,2020-11-15
ZEE5Mena,ZEE5 - Middle East & North Africa,United Arab Emirates,2020-11-15
ZEE5CAC,ZEE5 Canada & Caribbean,Canada,2020-11-15
ZEE5APAC,ZEE5 Asia - Pacific,Singapore,2020-11-15
Zee5Africa,ZEE5 Africa,South Africa,2020-11-15
ZEE5Europe,ZEE5 Europe,United Kingdom,2020-11-15
Stefano4118899,pÑ”Ô€Ño zÑ”Ñ”â„¢,Nevada ,2020-11-15
livescore,LiveScore,URL,2020-11-15
Ray2Arsenal,Ray2Arsenal,"åŒ—äº¬, ä¸­åäººæ°‘å…±å’Œå›½",2020-11-15
_PrinceMake,Sp!keğŸ¤,,2020-11-15
WatchOurCity,WatchOurCity.com,California,2020-11-15
Alpha_Yom,Akitiolu,,2020-11-15
RilwanAbdulham2,Rilwan Abdulhamid,"Borno, Nigeria",2020-11-15
CurvesColor,Yamy Morrell,Alicante-Suiza,2020-11-15
JalajRathour,Blaugrana,camp nou,2020-11-15
Takking_gou,hatena_tao,Japan,2020-11-15
JalajRathour,Blaugrana,camp nou,2020-11-15
KlevVera,Klev & Vera Law Firm,"Barcelona, EspaÃ±a",2020-11-15
CardsFifa21,Fifa21 Custom Cards,,2020-11-15
vanhuy65597178,van huy,,2020-11-15
SocioEconAMB,Ã€rea de Desenvolupament Social i EconÃ²mic de l'AMB,"Barcelona, Espanya",2020-11-15
Barry69104159,Barry,,2020-11-15
simlewis,Simon Lewis,"Barcelona, Spain",2020-11-15
DoubleBet_eng,DoubleBet,Portugal,2020-11-15
Scorpiobets1,Scorpiobets âš½,contact.scorpiobets@gmail.com,2020-11-15
jenkers_en,Jenkers News (ENG),San Francisco,2020-11-15
EmbEspOman,Embajada EspaÃ±a OmÃ¡n ğŸ‡ªğŸ‡¦ğŸ‡´ğŸ‡²,,2020-11-15
KushagrDixit,Kushagr Dixit,"New Delhi, India",2020-11-15
tmj_spn_eng,TMJ-SPN Engin. Jobs,Spain,2020-11-15
nomadicboys,Nomadic Boys,"London, England",2020-11-15
velasco_dani,Daniel Velasco â„¢,Catalunya,2020-11-15
EmbEspAtenas,Emb EspaÃ±a en Grecia,Grecia,2020-11-15
isolutions_bcn,isolutions Barcelona,Barcelona,2020-11-15
RenatoSosua,Renato Sosua,Montreal,2020-11-15
o_kuffour,Naasei Kuffour,,2020-11-15
WatchOurCity,WatchOurCity.com,California,2020-11-15
EmbEspNicosia,EmbajadaEspaÃ±aChipre,Cyprus,2020-11-15
woodcutterBCN,woodcutter manero,Barcelona,2020-11-15
rociopenarois,Rocio Pena,,2020-11-15
betyetughana,BetYetu_Ghana,"Accra, Ghana",2020-11-15
coky_find,Find to my coky,æ—¥æœ¬,2020-11-15
Gjallarhornet,Oden,"Helsingborg, SkÃ¥ne Sweden",2020-11-15
Portela_Man,Dr. Manuel Portela ğŸˆ ğŸ¤·â€â™‚ï¸,Barcelona,2020-11-15
3D_Incubator,3DFactory Incubator,"Barcelona, Spain",2020-11-15
SmartCityexpo,Smart City Expo,"Barcelona, Spain",2020-11-15
tech_eu,Tech.eu,Europe (and Israel),2020-11-15
The_Squirrel81,The Squirrel,Barbados,2020-11-15
notsrini,Srinivas Sadhanand,,2020-11-15
notsrini,Srinivas Sadhanand,,2020-11-15
mtagofficial_,More Than A Game,,2020-11-15
mtagofficial_,More Than A Game,,2020-11-15
EmbEspanaByH,Emb. EspaÃ±a ByH,Sarajevo,2020-11-15
IanZAMMIT_sci,Ian ZAMMIT,,2020-11-15
MinhPhu45963580,Minh Phuong,korea,2020-11-15
domene_elena,Elena Domene,"Barcelona, EspaÃ±a",2020-11-15
TravelandH,Travel and Home,South Africa,2020-11-15
Arsenalnewschan,Arsenal News Channel,,2020-11-15
Naam_Hai_Bulla,random dude,Mumbai..,2020-11-15
blaugranasaf,saf,ğŸ¦‰,2020-11-15
coky_find,Find to my coky,æ—¥æœ¬,2020-11-15
EmbEspanaLibano,EspaÃ±a en LÃ­bano,LÃ­bano,2020-11-15
EmbEspSuiza,Emb. EspaÃ±a en Suiza,"Berna, Suiza",2020-11-15
cricketn_live,CricketnLive.com,Punjab,2020-11-15
kedem2134,It is well with us,"Sekondi Takoradi, Ghana",2020-11-15
SunshineAdorer,Sunshine Adorer| Traveller| Travel blog,Where the sun shines. ,2020-11-15
ESlanguagejobs,Europe Language Jobs- Job board for jobs abroad,Spain,2020-11-15
DePieterdejong,Pieter de Jong,"Utrecht, The Netherlands",2020-11-15
SmartCityexpo,Smart City Expo,"Barcelona, Spain",2020-11-15
pamya13,Pranav Chaughule,"Nashik, India",2020-11-15
Kemoklidze,Ketevan Kemoklidze,"Barcelona, Spain",2020-11-15
netbuzzafrica,Netbuzz Africa,Africa,2020-11-15
wconcerthall,World Concert Hall,"Barcelona, Catalonia",2020-11-15
rah25man,ARS,,2020-11-15
SpainMFA,Spain MFA,Madrid,2020-11-15
mjchesa,mjchesa,Barcelona,2020-11-15
N33EEJ,ğÍŸÍŸ ğ‡ÍŸÍŸ à«-áµá¶œáµË£Ë£Ë£â±áµ›,Birmingham,2020-11-15
QuangCh47826022,Quang Chien,usa,2020-11-15
AnotherBaller,SS customs,,2020-11-15
FootTheBall,FootTheBall,Locker Room,2020-11-15
SCOREwaterEU,SCOREwater,Tweeting in multiple languages,2020-11-15
wconcerthall,World Concert Hall,"Barcelona, Catalonia",2020-11-15
olivepress,The Olive Press,"Malaga, Spain",2020-11-15
NorakGroup,Stephan Oeller,Madrid - Munich - Hong Kong,2020-11-15
chefTomica,Tomislav Veseljak,"Barcelona, Catalonia",2020-11-15
Trijary,ĞŸÑ€Ğ¸Ñ,,2020-11-15
ThisIsDrea,ANDREW ANANE,In His Presence,2020-11-15
NowgoalScore,Nowgoal Livescore,,2020-11-15
EllZozz,âš«ğŸ”´Milan Per SempreğŸ”´âš«,"Leeds, England",2020-11-15
NguyenVanChat18,Nguyen Van Chat,korea,2020-11-15
365Scores,365Scores,,2020-11-15
comeinbookshop,Come In Bookshop,Barcelona,2020-11-15
ManUtdFanKe,manchester united  fansğŸ‡°ğŸ‡ª,"Nairobi, Kenya",2020-11-15
pau_shop,PauRicartTheShop,"08171, Sant Cugat del VallÃ¨s",2020-11-15
NowgoalScore,Nowgoal Livescore,,2020-11-15
medical_stories,Peter Sykes,Manchester,2020-11-15
taylorwfarley,taylorwfarley,"Toronto, Ontario",2020-11-15
iamtzi,@thomas@social.tzi.fr,Lyon,2020-11-15
247robby,STUDIO192.NL,"Almere, Nederland",2020-11-15
MakesFootball,Football Makes History,Europe,2020-11-15
betyetughana,BetYetu_Ghana,"Accra, Ghana",2020-11-15
sherlot21,Tushar Agrawal,"Delhi, India",2020-11-15
miltonkeynetaxi,Milton Keynes Taxi No1 Airport Transfers,Milton Keynes,2020-11-15
NorakVigo,NORAK VIGO,Vigo - Spain,2020-11-15
XuanToa67366817,Xuan Toan,USA,2020-11-15
Norakgijon,Jaime - NORAK Group,GijÃ³n  - Spain,2020-11-15
NorakBarcelona,BCN - NORAK Group,Barcelona .- Spain,2020-11-15
NorakBarcelona,BCN - NORAK Group,Barcelona .- Spain,2020-11-15
BrodorHodor,sharktittylazerguns,on a rock floating to infinity,2020-11-15
NorakBarcelona,BCN - NORAK Group,Barcelona .- Spain,2020-11-15
ESlanguagejobs,Europe Language Jobs- Job board for jobs abroad,Spain,2020-11-15
trinidoesfly,Shanelle,"New York, NY",2020-11-15
Abuenoll,Anna Bueno Llorca,Barcelona,2020-11-15
FBall_Dreams,FBall Dreams,,2020-11-15
AzrOrganization,AZR Organization,,2020-11-15
DinhTri37683107,Dinh Tri,NY,2020-11-15
smpn_national,"Students Media Personalities, Nigeria ğŸŒ",Nigeria,2020-11-15
FSElite,FSElite,,2020-11-15
__subwaysurfer,Subway Surfer,"South East, England",2020-11-15
DiMiOrganic,Dimitri-Î”Î·Î¼Î®Ï„ÏÎ·Ï‚-Ø¯ÙŠÙ…ØªØ±ÙŠ,EuroMed,2020-11-15
graffiti_bot,graffiti_bot,,2020-11-15
ideararemaps,Idea Rare Maps,Brescia,2020-11-15
jobb_utomlands,Lediga Job Utomlands,Sweden,2020-11-15
KyLunasea,KLunaseaphoto,,2020-11-15
Wallspot_org,wallspot,,2020-11-15
tom_george,tom_george,"Barcelona, EspaÃ±a",2020-11-15
Sir_Arabz,King ArabğŸ‘‘ğŸ‘‘,"Kaduna, Nigeria",2020-11-15
montse_barcelo,Montse BarcelÃ³ Riera,Barcelona,2020-11-15
SportsLeoAfrica,Sports Leo Africa,,2020-11-15
ESlanguagejobs,Europe Language Jobs- Job board for jobs abroad,Spain,2020-11-15
cristinajolonch,Cristina Jolonch,,2020-11-15
Est1818,Est1818,,2020-11-15
DucThan79855271,Duc Thang,JP,2020-11-15
WatchOurCity,WatchOurCity.com,California,2020-11-15
AzrOrganization,AZR Organization,,2020-11-15
clintzmix,Femi Adeleke,,2020-11-15
BcnVIPtour,VIP BCN Tour Guides,"Av: Pau Casals, 38, 2Âº,5Âª, BCN",2020-11-15
xterradellas,Xavi Terradellas ğŸ—,Barcelona,2020-11-15
coky_find,Find to my coky,æ—¥æœ¬,2020-11-15
2020_crg,CRG Barcelona 2021,,2020-11-15
ChaudhuriAbir,ğ€ğ›ğ¢ğ«,India,2020-11-15
winterkoffee,winterkoffee,,2020-11-15
quach_hoe,Quach Hoe,China,2020-11-15
KeyTab,KEY TAB,,2020-11-15
Guixers,Guixers,CAT MÃ©s amunt que la muntanya ,2020-11-15
goalooin_live,GoalooIN,India,2020-11-15
allnewsngr,AllNews Nigeria,Nigeria,2020-11-15
SpainSEA,Spain in S.E.A.,Indonesia,2020-11-15
jotalbotbowen,Jo Talbot Bowen,"Devon, UK",2020-11-15
emohcean,Vania,,2020-11-15
joanlopezphoto,Joan LÃ³pez i Casanoves,"Barcelona, Espanya",2020-11-15
ekemma,Ifeanyi Nsofor,Global,2020-11-15
InquestIntelli1,Inquest Intelligence,,2020-11-15
joanlopezphoto,Joan LÃ³pez i Casanoves,"Barcelona, Espanya",2020-11-15
ArgIoannid,"Argyrios Ioannidis MD, PhD(c)","Î‘Ï„Ï„Î¹ÎºÎ®, Î•Î»Î»Î¬Ï‚",2020-11-15
mbulwekatiz,mbulwe katilungu,Kitwe Zambia,2020-11-15
MichealPhyo2,Micheal Phyo,,2020-11-15
giangan84633883,giang anh,"22 Serangoon Rd, Singapore 21",2020-11-15
bcgoodsintl,bcgoodsintl,,2020-11-15
AdityaPrantik,Prantik Aditya,kolkata,2020-11-15
Wakawa_Hamid,â™ŸğŸ§—ğŸ½Eques,"Keffi, Nigeria",2020-11-15
TanThuyHoan2,Tan Thuy Hoan,CHiNa,2020-11-15
FootTheBall,FootTheBall,Locker Room,2020-11-15
Nova88official,Nova88,,2020-11-15
papillesetM,FranÃ§ois Chartier,"Barcelona, Montreal.",2020-11-15
MisuMisuRecords,Misu Misu Records,"Marbella, EspaÃ±a",2020-11-15
AbagyinaProf,PROF COLLINS ABAGYINA,,2020-11-15
Ivliane4,Ivliane,,2020-11-15
AlexanderSri11,ğŸ‘‘ Alexander SrivastavağŸ‘‘,,2020-11-15
coky_find,Find to my coky,æ—¥æœ¬,2020-11-15
Bennie_Daas,CEO ğŸ¤« ğŸ‡°ğŸ‡ª ğŸ‡¹ğŸ‡¿ ğŸ‡°ğŸ‡² ğŸ‡²ğŸ‡¬ ğŸ‡²ğŸ‡¼ ğŸ‡²ğŸ‡¿ ğŸ‡¿ğŸ‡¼ ğŸ‡¿ğŸ‡²ğŸ‡ºğŸ‡¬,Nairobery ,2020-11-15
Outlookindia,Outlook Magazine,"New Delhi, India",2020-11-15
PhuongB31129509,Phuong Binh,VN,2020-11-15
IndianExpress,The Indian Express,India,2020-11-15
sportstarweb,Sportstar,,2020-11-15
IExpressSports,Express Sports,New Delhi,2020-11-15
latestly,LatestLY,"Mumbai, India",2020-11-15
goalooin_live,GoalooIN,India,2020-11-15
Xmentalist1,Xmentalist,,2020-11-15
digitaljournal,Digital Journal,Global,2020-11-15
CGTNSports,CGTN Sports,"Beijing, China",2020-11-15
wconcerthall,World Concert Hall,"Barcelona, Catalonia",2020-11-15
EngineersDay,Engineering Daily,"Atlanta, GA USA",2020-11-15
FCB_AFCupdate,Lee,ëŒ€í•œë¯¼êµ­,2020-11-15
goalooco,GoalooMobi,Indonesia,2020-11-15
TrungNa90962709,Trung Nam,UK,2020-11-15
kollerhead,CharlieKoller,The Internet,2020-11-15
Lizzyalmarzcall,Elizabeth Almaraz,,2020-11-15
PakPassionSport,PakPassion Sport,,2020-11-15
anirpaul,Anirban Paul,"Kolkata, India",2020-11-15
e5929,will,,2020-11-15
e5929,will,,2020-11-15
iamfootball77,I am Football,,2020-11-15
byH_Leitenbauer,HUBERT LEITENBAUER,AUSTRIA - EUROPE - WORLDWIDE,2020-11-15
aliyu_waziri,Aliyu waziri,"Kaduna, Nigeria",2020-11-15
Faujijpn_,Fauji #RikudoSenninğŸ‡²ğŸ‡¨ğŸ‡µğŸ‡¸ğŸ‡¯ğŸ‡µ,Indonesia,2020-11-15
Kaly53937991,Kaly,,2020-11-15
ThePolishedEdge,The Polished Edge,"Kansas City, MO",2020-11-15
lucky1017,Anne M. Kavanagh ğŸ˜,Ireland,2020-11-15
digital_mar,digital Marine,"Wien, Ã–sterreich",2020-11-15
hrodriguez66,HernÃ¡n RodrÃ­guez M.,"Cali, Colombia",2020-11-15
iotforall,IoT For All,United States,2020-11-15
BrownTwidder,Bad News,,2020-11-15
palectric,Paolo Manenti #SixStarFinisher,Milano ITA âšªï¸âš«ï¸JUVE! SE worker,2020-11-15
FootyZoneNet,FootyZone.net,,2020-11-15
ernnews,ernnews,,2020-11-15
SpiritualCrypt1,Wizz the SlotPro,London,2020-11-15
esberginia,EsbergÃ­nia Â·.,"Barcelona, CAT.",2020-11-15
grafiti,grafitesque,Melbourne,2020-11-15
HillThalisAUP,HillThalisArch,"Sydney, Australia",2020-11-15
MediaCulturedUK,Media Cultured CIC,UK,2020-11-15
NewDayStarts,Ivan Humble,Lowestoft - England,2020-11-15
petesflorida,liberal voice,"Florida, USA",2020-11-15
kspaintravel,KSpain Travel and Leisure,"Bilbao, EspaÃ±a",2020-11-15
MiquelRPlanas,Miquel Rodriguez Planas,"Barcelona, Catalunya",2020-11-15
AmjidKhazir,Amjid Khazir,The duniya,2020-11-15
wysyq,wysyq,NaziluÃ‘a (ğŸ‡ªğŸ‡¸),2020-11-15
WallaceNamar,Game Fantasy Official,,2020-11-15
graffiti_bot,graffiti_bot,,2020-11-15
iolanda_mh,Born in BCN,,2020-11-15
HaertschD,David Haertsch,"Sydney, New South Wales",2020-11-15
62Bigben,Sara ğŸ‡ªğŸ‡¸ğŸ‡ªğŸ‡º,"Tabarnia, Spain",2020-11-15
rjl_rjl1111,J-L,,2020-11-15
Leo_Proettel,Leo_Proettel,"Braunschweig, Europe",2020-11-15
stafe76,stefano portelli,"Rome, Italy",2020-11-15
jrdbcn,JRDBCN - Jordi Saez - Barcelona Photographer,"Barcelona, Spain",2020-11-15
planman55,Ross Nimmo,,2020-11-15
victoriawalks,Victoria Walks,"Victoria, Australia",2020-11-15
andraspapp,Andras Papp,"Geneva, Switzerland",2020-11-15
catomaro,Toni Garcia,,2020-11-15
Barcinno,Barcinno,"Barcelona, Spain",2020-11-15
love2day240,Love Emily,"Federal Capital Territory, Nig",2020-11-15
tribescam,cameron,"Galway, Ireland",2020-11-15
Alvaro88840498,Alvaro,,2020-11-15
publicspaceCCCB,publicspace,Barcelona,2020-11-15
abdullahaddas,Ø¯. Ø¹Ø¨Ø¯Ø§Ù„Ù„Ù‡ Ø¹Ø¯Ø§Ø³Dr.Abdullah Addas,"Jeddah, Makkah Al Mukarrama",2020-11-15
IvanBruce,Ivan Bruce,Washington DC,2020-11-15
KyleWOrton,Kyle Orton,"London and Wirral, Britain",2020-11-15
alexlockton1,alex lockton #renewables,,2020-11-15
StreetopiaUWS,Streetopia Upper West Side,"Upper West Side, Manhattan",2020-11-15
LURNING2,LURNING,,2020-11-15
graffiti_bot,graffiti_bot,,2020-11-15
therfer,Therfer,Biosfera,2020-11-15
BrycePilz,Bryce Pilz,"Ann Arbor, MI",2020-11-15
theclique_uk,The CliquÃ© - Bloggers RT,"North West, England",2020-11-15
ChesteTrocola,Italo  Bombolini,,2020-11-15
BobisTheresa,Theresa Bobis,,2020-11-15
SportMobApp,SportMob,"Dubai, United Arab Emirates â¤",2020-11-15
BobisTheresa,Theresa Bobis,,2020-11-15
bensitges501,Nudist Men,,2020-11-15
ArchitectSladja,SlaÄ‘ana LazareviÄ‡,"Podgorica, Montenegro ",2020-11-15
sp1873,shahan petrossian,,2020-11-15
vincenzogermano,Opera23,Barcelona,2020-11-15
carstenw11,Carsten WÃ¼stenberg,"Herrenhof, Deutschland",2020-11-15
EmploiEspagne,EmploiExpatEspagne,Espagne,2020-11-15
places_calling,PlaceMatt,Unceded Kulin Nations land,2020-11-15
Brototi,Brototi Roy,"Barcelona, Spain",2020-11-15
fotosymbiose,Johannes Meger,Freiburg im Breisgau,2020-11-15
ersu1880,gÃ¶nÃ¼l akyar,tÃ¼rkiye Ä°stanbul,2020-11-15
Cristob81777882,Cristobal Francisco Cora,,2020-11-15
carmencortesvid,Carmen CortÃ©s,,2020-11-15
Wallspot_org,wallspot,,2020-11-15
KABRASS101,Kevin Brass,"San Diego, CA",2020-11-15
christianlipa,Christian Lipa,La Paz - Bolivia,2020-11-15
AshaSin24116510,Asha Singh,,2020-11-15
SosteniblesOrg,Sostenibles.org,Barcelona,2020-11-15
footballmemorys,Football Memories,Football pics from the past,2020-11-15
PSG24hours,PSG en Direct ğŸŒ,Parc des Princes,2020-11-15
researchmrx,MRX,New Jersey,2020-11-15
xvilapueyo,Xavier Vila,Barcelona,2020-11-15
academia_l,l.ACADEMIA,,2020-11-15
Laietafm,Laia,Barcelona,2020-11-15
CitiesForum_org,CITIES FORUM,Global ,2020-11-15
LondonsFinestQU,London's Finest,,2020-11-15
xavimatilla,Xavi Matilla,Barcelona/Terrassa,2020-11-15
LiamSD12,Liam Duffy,"London, England",2020-11-15
GlobetrotterVr,Globetrotter VR,,2020-11-15
Ivalanton,Valentin AntÃ³n DomÃ­n,,2020-11-15
FaithBu78980425,Faith Burns,,2020-11-15
masqtrading,ğ¹ğ‘’ğ“ğ’¾ğ“…ğ‘’ â“‚ï¸,Barcelona,2020-11-15
AnnaCountessK,Countess Anna,"Studio City, Los Angeles",2020-11-15
WatchOurCity,WatchOurCity.com,California,2020-11-15
Mohamma20946036,Mohammad Allam,Lebanon,2020-11-15
diffusereality,Diffuse Reality,,2020-11-15
neilmartinson,Neil Martinson,Snowdonia,2020-11-15
RationalAlien,Rational Alien,,2020-11-15
SimonMarincic,Simeon Orbis,"Toronto, Ontario, Canada",2020-11-15
AirfareSpot,Airfare Spot,United States,2020-11-15
WatchOurCity,WatchOurCity.com,California,2020-11-15
Remogaming,Remo Gaming,,2020-11-15
SolomonSeal6,SolomonSeal,"EU, RT=argree or worth noting",2020-11-15
EuropeanUnionC,European Union Club,,2020-11-15
KMaster49620335,KMasters,,2020-11-15
urbanitaeterin,Beatrice Stude,Vienna | Europe,2020-11-15
StadDoha_en,Stad Doha,Qatar,2020-11-15
healthylifeofsu,Suzie W,United Kingdom,2020-11-15
sasj,SarahJenkinson,,2020-11-15
shirtstopcorner,Top Corner Shirts,"London, Great Britain",2020-11-15
TallerGingell,Taller Gingell Ceramics,"Barcelona, Spain",2020-11-15
Lloyd_Dsouza03,Lloyd Dsouza,,2020-11-15
ExpatExchange,Expat Exchange,United States,2020-11-15
Alpha_Yom,Akitiolu,,2020-11-15
lori_clydesdale,Lori Clydesdale,"California, USA",2020-11-15
arbeitsplatz_EU,German Jobs Abroad,Germany,2020-11-15
firstpost,Firstpost,"Mumbai, India",2020-11-15
FirstpostSports,Firstpost Sports,India,2020-11-15
xaviercusso,Xavier CussÃ³,Barcelonaâ€”Remote,2020-11-15
alex93cy,Alexandros Kyriacou,Cyprus,2020-11-15
24Feast,Football Feast 24,,2020-11-15
NikolasKozloff,Nikolas Kozloff,"Brooklyn, NY",2020-11-15
BellaPisman,Bella Pisman,,2020-11-15
FootyKitMarket,Football Kit Market,"Nottingham, England",2020-11-15
TravelingWithS,Cathy Sweeney,"Scottsdale, AZ",2020-11-15
StandingRivers,Standing Rivers,,2020-11-15
jenkers_en,Jenkers News (ENG),San Francisco,2020-11-15
ngoamazing2009,Liverpool Mama,Nigeria,2020-11-15
cleanerair,Downwinders at Risk,Downwind,2020-11-15
NomadicBrits,Look at our World,Currently in the UK,2020-11-15
elCampeone,MOJ Ù…Ù„Ú©××•×¡××”,uXbRiDgE/ IslAMaBAD,2020-11-15
Stefan_Laurell,Stefan Laurell,Sweden,2020-11-15
ELIANT_ELIAS,E L I A N T - E L I A S,"Barcelona, Spain",2020-11-15
mflarad,Maria Fernanda Lara,BogotÃ ,2020-11-15
SFotonium,Sotirios Papathanasiou,Spain,2020-11-15
gulf_news,Gulf News,United Arab Emirates,2020-11-15
diffusereality,Diffuse Reality,,2020-11-15
AbaturRama,Abatur Rama,"Stockholm, Sverige",2020-11-15
DianaEscobarVi1,Diana Escobar Vicent,"Barcelona, EspaÃ±a",2020-11-15
moore2nick,Nicholas Moore,Dubai,2020-11-15
SoccerWalksNYC,Soccer Walks NYC,"New York, NY",2020-11-15
PerumalSports,Perumal,,2020-11-15
jobely,Jobely.com,USA,2020-11-15
TheOnlyTaps,Tapiwa Winston Muza,Zidane's basement,2020-11-15
DiegoLorijn,Diego Lorijn,"Barcelona, Spain",2020-11-15
AppeningWhats,whats appening podcast,,2020-11-15
WatchOurCity,WatchOurCity.com,California,2020-11-15
IExpressSports,Express Sports,New Delhi,2020-11-15
bibliotequesXBM,BibliotequesXBM,Barcelona,2020-11-15
FilmMusicTracks,Film Music Tracks,World,2020-11-15
Sarao_Music,SaraoMusic,Production Music Label,2020-11-15
ghostntmachine,GhostintheMachine,"EastEnd, London",2020-11-15
f1fanview,f1fanview,Worldwide,2020-11-15
PeterArde,Pietro Ardemagni,"Milano, Lombardia",2020-11-15
snoddas13,Pisse Mugg,,2020-11-15
swajones,Sam Jones,,2020-11-15
noreenwriter,Noreen Kompanik,"San Diego, CA",2020-11-15
75LT75,TI75Lima75,,2020-11-15
DevMicrocosm,Dev Microcosm,,2020-11-15
fiddi,David Schneider,"Barcelona, Spain",2020-11-15
Taktiskse,Taktisk,,2020-11-15
myfoodfantasy69,Charles Friedo Frize,"Manchester, England",2020-11-15
EpaddockIT,Epaddock,Italia ğŸ‡®ğŸ‡¹ ğŸ,2020-11-15
Laura_GastroN,Laura DÃ­az CaÃ±adas,"Miraflores de la Sierra, EspaÃ±a",2020-11-15
Laura_GastroN,Laura DÃ­az CaÃ±adas,"Miraflores de la Sierra, EspaÃ±a",2020-11-15
SkillsearchJobs,SkillsearchGamesJobs,,2020-11-15
FrikiFishBCN,FrikiFish,"Barcelona, Spain",2020-11-15
Gabriels_Mok,Mr Mok,Barcelona-Spain,2020-11-15
AgilentCareers,Agilent Careers,Worldwide,2020-11-15
marcosbustabad,marcos bustabad,,2020-11-15
carrersBCN,Carrers BCN,"Barcelona, Spain",2020-11-15
Vineet1016,38th Parallel,"Kaech'Ån, DPRK ğŸ‡°ğŸ‡µ",2020-11-15
CanalanzaCBD,Club Cannabis Canalanza,"Puerto del carmen, Lanzarote, ",2020-11-15
HarleyD74475812,Harley Davidson,,2020-11-15
ghostntmachine,GhostintheMachine,"EastEnd, London",2020-11-15
TheTravelBag1,The Travel Bag,,2020-11-15
Ariadnaclapes,Ariadna ClapÃ©s,,2020-11-15
adrianferrari,Adrian Ferrari,Sorocaba - SP / Brasil,2020-11-15
JacobOke3,Jacob Oke,"Imo, Nigeria",2020-11-15
AmakaAgwu2,Amaka Agwu,"Lagos, Nigeria",2020-11-15
TundeOshodi5,Tunde Oshodi,"Ogun, Nigeria",2020-11-15
mayowa_yemi,Yemi Mayowa,"Kano, Nigeria",2020-11-15
MagnusRanstorp,Magnus Ranstorp,Stockholm,2020-11-15
CFOPUBREL,CHARLES IGBINIDU,Nigeria,2020-11-15
BisolaJohn1,Bisola John,"Ogun, Nigeria",2020-11-15
Christi07205035,Christian Ifeanyi,"Asaba, Nigeria",2020-11-15
NwosuGift9,Nwosu Gift,"Abuja, Nigeria",2020-11-15
SSusannaturisme,Santa Susanna,"Santa Susanna, EspaÃ±a",2020-11-15
BisolaJohn1,Bisola John,"Ogun, Nigeria",2020-11-15
phacus_bcn,Francesc CamÃ­,"Barcelona, Catalunya",2020-11-15
DevMicrocosm,Dev Microcosm,,2020-11-15
BerlinFmi,FMI BERLIN,,2020-11-15
Andreilinho,Andreilinho,,2020-11-15
daniguties,Dani GutiÃ©rrez,"Masquefa, Barcelona",2020-11-15
WatchOurCity,WatchOurCity.com,California,2020-11-15
VMurzio,Veronica Murzio,"Translator, Customer Care",2020-11-15
AnnikaPatregna1,Annika Patregnani,,2020-11-15
zprcampbell,Zac Campbell,"London, England",2020-11-15
Hangry_es,Hangry,Madrid,2020-11-15
SMARTEESproject,SMARTEESproject,Europe,2020-11-15
ascameorg,ASCAME ğŸŒ,Barcelona,2020-11-15
petitejean1,jeannie,,2020-11-15
SkillsearchJobs,SkillsearchGamesJobs,,2020-11-15
izziey68,izziddeen Adam,"kaduna, Nigeria ",2020-11-15
DominiqueDebay,Dominique Debay,Manhattan - New York,2020-11-15
raffpantucci,Raffaello Pantucci,,2020-11-15
SecretsAndSpies,Secrets & Spies Podcast (The Dry CleanerCast),Worldwide & Behind you :),2020-11-15
WillBaldet,William BaldÃ©t MBE,United Kingdom,2020-11-15
OlivierGuitta,Olivier Guitta,London,2020-11-15
tigrillovlog,fan de tigrillovlog,Santa cruz de tenerife,2020-11-15
TorivoJobs,Torivo,United Kingdom,2020-11-15
TorivoJobs,Torivo,United Kingdom,2020-11-15
EngineersDay,Engineering Daily,"Atlanta, GA USA",2020-11-15
EngineersDay,Engineering Daily,"Atlanta, GA USA",2020-11-15
DOLFINHO4,DOLFINHO,,2020-11-15
Rahul_Jain_Here,Rahul Jain,,2020-11-15
LucidXtreme,LucidXtreme,Earth,2020-11-15
HeadlineFutbol,Headline Football,,2020-11-15
onedayoneimage,OneDay Photography,"Brooklyn, NY",2020-11-15
enriclopezj,Enric LÃ³pez Jurado/â™¥ï¸ğŸ‡ªğŸ‡º,Barcelona / Brussels,2020-11-15
Sportsmonks,SportsMonks,worldwide,2020-11-15
ChopFishandMore,ChopFish&More,Nigeria,2020-11-15
PapatyaKaradede,Papatya Karadede,"Ä°stanbul, TÃ¼rkiye",2020-11-15
tripstations,Tripstations,United States,2020-11-15
Barcinno,Barcinno,"Barcelona, Spain",2020-11-15
grepUPF,Prosodic Studies Group (GrEP),"Barcelona, Catalunya",2020-11-15
Tuko_co_ke,Tuko.co.ke,"Nairobi, Kenya",2020-11-15
Sirkomayalee1,Godisgood,,2020-11-15
ina39664845,ina,,2020-11-15
4ourdogs,Nikki,"South East, England",2020-11-15
Bobbstterr,Bob Garnham,Dear old Blighty,2020-11-15
ShadowBanned1,Shadow Banned,,2020-11-15
stu060381,Stuart,"West Midlands, England",2020-11-15
Natalie91231732,Natalie collins FBPE,,2020-11-15
avfcnewsgossip,AVFC News & Gossip,"Birmingham, England",2020-11-15
GulfAtlanticInd,"Gulf Atlantic Ind of America, Inc.",South Florida,2020-11-15
Americanwoman00,PRESIDENT-ELECT Freedom Lover,,2020-11-15
herreraj_2,Jordan Herrera,Right where I need to be   ,2020-11-15
AdamMilstein,Adam Milstein,Southern California,2020-11-15
BarcaHour,Barca Hour,India,2020-11-15
Gooner_Nate4,Nate,Southern California,2020-11-15
SoccerDid,Did Someone Say Soccer?,,2020-11-15
MEG_I_D,MEG Impressive Designs,,2020-11-15
MEG_I_D,MEG Impressive Designs,,2020-11-15
Veronic62377337,Veronica,,2020-11-15
Veronic62377337,Veronica,,2020-11-15
Veronic62377337,Veronica,,2020-11-15
Veronic62377337,Veronica,,2020-11-15
Veronic62377337,Veronica,,2020-11-15
Veronic62377337,Veronica,,2020-11-15
coky_find,Find to my coky,æ—¥æœ¬,2020-11-15
rb_weatherman,"Robby ""Brick"" Weatherman",United Arab Emireates,2020-11-15
kubodro,David Lee Drotar,Castleton-on-Hudson,2020-11-15
OluwatobaAmo,Alabosi-Yoruba,"Lagos, Nigeria",2020-11-15
OluwatobaAmo,Alabosi-Yoruba,"Lagos, Nigeria",2020-11-15
ghanaleaksblog,G.L.B.,"DM or Email dsai87207@gmail.com for promotions.
Ghana, Africa, US, Canada, UK, Europe, Asia.",2020-11-15
angelina_csc,Angelina Adinami,"Victoria Island, Nigeria",2020-11-15
samdave44124915,sam dave,,2020-11-15
LananaDidi,Dyan,"QuÃ©bec, Canada",2020-11-15
AduakaJ,CryptoKINGğŸ¤´,,2020-11-15
pamandgarybaker,PamandGaryBaker,,2020-11-15
Tonya_Hennessey,Tonya_Hennessey,"Vallejo, CA",2020-11-15
katywalls,Kathleen Walls,"Middleburg, Florida",2020-11-15
coky_find,Find to my coky,æ—¥æœ¬,2020-11-15
soccerfanatictv,Soccer Fanatic TV,,2020-11-15
annagestio,Anna MartÃ­,Barcelona (Catalan Countries),2020-11-15
VizcainCarmen,Maria Carmen Vizcain,,2020-11-15
soccerfanatichq,The Soccer Fanatic,,2020-11-15
LiveSpo65514689,Live Sport,,2020-11-15
JuliaFloritPons,JÃºlia Florit-Pons,Barcelona; Menorca,2020-11-15
thesuitesBCN,thesuites Barcelona,"Barcelona, EspaÃ±a",2020-11-15
Never1Surrender,Iglesias Etxezarreta,Barcelona,2020-11-15
ESlanguagejobs,Europe Language Jobs- Job board for jobs abroad,Spain,2020-11-15
betsihill,"Betsi, Betsi's World","Florida, USA",2020-11-15
sle7in1,Sle7in,,2020-11-15
sle7in1,Sle7in,,2020-11-15
MBenedejcic,Minca BenedejÄiÄ,Ljubljana,2020-11-15
citiesthefuture,Cities Of The Future,Barcelona,2020-11-15
Timoalan,Timo Alan,"Cape Town, South Africa",2020-11-15
glee_sports,GleeSports,,2020-11-15
ErimConsulting,ERIM Consulting,Global,2020-11-15
_Wanderlusters_,Wanderlusters,,2020-11-15
AllegoryPR,Lisa Morales,Miami,2020-11-15
isolutions_bcn,isolutions Barcelona,Barcelona,2020-11-15
davi326,Andrew Davis,"London, England",2020-11-15
RUZA1234,Ruairi O'Brien-Kelly,"Melbourne, Australia",2020-11-15
ingridvilag,"Ingrid VilÃ -GimÃ©nez, PhD","Girona-Barcelona, Catalunya",2020-11-15
emploi_abroad,Emploi Ã  l'Ã©tranger,France,2020-11-15
aethon99,AETHON,,2020-11-15
IvicaPodnar,ivica,the centre of toronto,2020-11-15
iam_lil_jojo,Usman Jaafaru Abubakar,Nigeria,2020-11-15
ESlanguagejobs,Europe Language Jobs- Job board for jobs abroad,Spain,2020-11-15
SMARTEESproject,SMARTEESproject,Europe,2020-11-15
Drbawa11,ğŸ¥‡Ismaâ€™eel BğŸ¥‡,"Shika, Nigeria",2020-11-15
Runkyc_,U_M_M_I_EğŸŒº,,2020-11-15
9ja_phonestore,9japhonestore | KADUNA CARS,MAKARFI PLAZA KADUNA,2020-11-15
BoxesStores,Lightbox Good Man,United States,2020-11-15
evacarbo1,Eva CarbÃ³ Estrada,"Barcelona, Catalunya",2020-11-15
JorgeH_NunezCOT,Jorge H. NÃºÃ±ez,Barcelona,2020-11-15
livescore,LiveScore,URL,2020-11-15
Takking_gou,hatena_tao,Japan,2020-11-15
agoraphobic101,Nabin (Riqui Puig FC),Kathmandu,2020-11-15
hart_engel,Hart Engel,Toronto ğŸ‡¨ğŸ‡¦,2020-11-15
nitl_app,NITL,Global,2020-11-15
LeVanKh83996937,Le Van Khai,laos,2020-11-15
9mPjdqBOpmXEpat,Ğ˜Ñ€Ğ¸Ğ½Ğ° ĞŸ,,2020-11-15
EU_group,EU Business School,"BCN, GVA, MTX, MUC",2020-11-15
BartHanssens,Bart Hanssens,Belgium,2020-11-15
onomsalam2pas,onom,,2020-11-15
citiesthefuture,Cities Of The Future,Barcelona,2020-11-15
rocioruizsa,RocÃ­o Ruiz,,2020-11-15
BrainsreNews,Brainsre News,,2020-11-15
StephanosEco,Stephanos Economides,"Athens, Greece",2020-11-15
Joinup_eu,Joinup.eu,"Brussels, Belgium",2020-11-15
iMarketingHotel,Ramona Kramp,D - Bayern und ES - Malaga,2020-11-15
camnnine,Ã§Ã¤mÄ“rÃ¸Å„,Gaillimh,2020-11-15
grecil_lab,Grecil Lab (UOC-UB),"Barcelona, CataluÃ±a",2020-11-15
m3_artworks,ğ•¸3_ğ–†ğ–—ğ–™ğ–œğ–”ğ–—ğ–ğ–˜,"Barcelona, EspaÃ±a",2020-11-15
InsideSportIND,InsideSport,"à¤¨à¤ˆ à¤¦à¤¿à¤²à¥à¤²à¥€, à¤­à¤¾à¤°à¤¤",2020-11-15
GauthamSingh152,Gautham Singh Lodh ğŸ,"Hyderabad, India",2020-11-15
dna,DNA,India,2020-11-15
hautahbuhgee,Curtis D. Hutcherson,korea,2020-11-15
NiaOlivaB,Estefania Oliva Bust,"Santiago, Chile",2020-11-15
ESlanguagejobs,Europe Language Jobs- Job board for jobs abroad,Spain,2020-11-15
OrujosElCoteron,ğŸ‡ Orujos El CoterÃ³n âš—ï¸,ArgÃ¼Ã©banes-LiÃ©bana-Cantabria,2020-11-15
oman170490,ğ“ƒ.ğ“‡.ğ“ƒğ’¶ğ“‡ğ’¶ğ“ğ’¶ğ“ƒ á´¡Éªá´›Êœá´á´œá´› á´á´€ÊŸÉªá´„á´‡ ÉªÉ´ ğŸ¥ ÊŸá´€É´á´… ğŸŒ¹,"Muscat, Oman",2020-11-15
betsmasterpro,Williams Iwu,"Jos,Nigeria",2020-11-15
IntelliTraveler,Intelligent Traveler,,2020-11-15
livescore,LiveScore,URL,2020-11-15
Hangar_org,Hangar.org,"Emilia Coranty, 16. Barcelona",2020-11-15
abhi_7_jit,Abhijit Debnath,India,2020-11-15
Hostalremona,â–¸ Hostal RemoÃ±a ğŸ¡ Turismo Rural,"Espinama, EspaÃ±a",2020-11-15
Martian171Lars,Lars Larsen,"Austin, TX",2020-11-15
vidisorin,Vidisorin,"Bucharest, BucureÅŸti",2020-11-15
esberginia,EsbergÃ­nia Â·.,"Barcelona, CAT.",2020-11-15
Trofeo_21,Merovingian,,2020-11-15
PilarPVives,Pilar Prieto ğŸŒ¹ğŸ—,,2020-11-15
_Wanderlusters_,Wanderlusters,,2020-11-15
AlexandraNGlz,Alexandra Navarrete,Barcelona,2020-11-15
IgualadaAlfonso,Alfonso Igualada,,2020-11-15
Fola_jnr20,DMW's Last ShildğŸ–¤ğŸ¦‹,,2020-11-15
ss2577171,aditya,,2020-11-15
Hashtag_Caps,Hashtag Caps,EspaÃ±a,2020-11-15
DerKaiserFrank,Kaiser Frank,,2020-11-15
emeka6010,Emeka,,2020-11-15
Stefano4118899,pÑ”Ô€Ño zÑ”Ñ”â„¢,Nevada ,2020-11-15
nidibou,nidibou,,2020-11-15
academia_l,l.ACADEMIA,,2020-11-15
livescore,LiveScore,URL,2020-11-15
BvonStamm,Bettina von Stamm,UK,2020-11-15
BarcelonaCsrc,CSRC_Barcelona,"Barcelona, CataluÃ±a",2020-11-15
PSG24hours,PSG en Direct ğŸŒ,Parc des Princes,2020-11-15
MasdeSantLlei,Mas de Sant LleÃ­,Barcelona,2020-11-15
Adeyemi62306626,Adeyemi Opeyemi,,2020-11-15
rosa_g_abella,Rosa Garcia Abella,,2020-11-15
TocHostels,Toc Hostels,EspaÃ±a,2020-11-15
NatJanne,Nathalie Janne,Bruxelles,2020-11-15
academia_l,l.ACADEMIA,,2020-11-15
NorakBaleares,Bernd - NORAK Group,Palma de Mallorca - Spain,2020-11-15
academia_l,l.ACADEMIA,,2020-11-15
LeagueThatDay,League that Day,Europe,2020-11-15
civil_spanish,TheSpanishCivilWar,"Edinburgh, Scotland",2020-11-15
netbuzzafrica,Netbuzz Africa,Africa,2020-11-15
Clement_Steuer,ClÃ©ment Steuer,,2020-11-15
marc_guerrero,Marc Guerrero âš¡ï¸,"Pedralbes, Barcelona",2020-11-15
NowgoalScore,Nowgoal Livescore,,2020-11-15
helpHousing_,helpHousing,"Calle Gran VÃ­a, 22B, Madrid",2020-11-15
CDakuku,Somtochukwu Kalu,Nigeria ,2020-11-15
CNIC_CARDIO,CNIC,"Madrid, Spain",2020-11-15
trialmaster,Trialmaster,Europe ,2020-11-15
VicoSalama,Victor Salama,,2020-11-15
Roca_Junyent,Roca Junyent,Spain,2020-11-15
SunshineAdorer,Sunshine Adorer| Traveller| Travel blog,Where the sun shines. ,2020-11-15
EuroMedRights,EuroMed Rights,"Copenhagen, Brussels, Tunis",2020-11-15
bois_dinde,Bois d'Inde,paris,2020-11-15
GemaGruesoOtalo,Gema Grueso Otalo,Madrid Spain,2020-11-15
cosyblogclub,The Cosy Bloggersâ€™ Club,,2020-11-15
JFA_unijuntos,JFA-Unijuntos,France,2020-11-15
BloggersTribe,ğŸ’»BloggersTribeğŸ’»,United Kingdom,2020-11-15
citiesthefuture,Cities Of The Future,Barcelona,2020-11-15
LasTapasDeLola,Las Tapas De Lola,"12 Wexford Street, Dublin 2",2020-11-15
ESlanguagejobs,Europe Language Jobs- Job board for jobs abroad,Spain,2020-11-15
VetteLetters,VetteLetters,"Amsterdam, The Netherlands",2020-11-15
NorakGroup,Stephan Oeller,Madrid - Munich - Hong Kong,2020-11-15
FootTheBall,FootTheBall,Locker Room,2020-11-15
llucetina,LÃ­dia PifarrÃ©âš¡,Barcelona,2020-11-15
uvalenti,Ugo Valenti - #SCLive2020,Barcelona,2020-11-15
uvalenti,Ugo Valenti - #SCLive2020,Barcelona,2020-11-15
365Scores,365Scores,,2020-11-15
Norakgijon,Jaime - NORAK Group,GijÃ³n  - Spain,2020-11-15
NorakBarcelona,BCN - NORAK Group,Barcelona .- Spain,2020-11-15
JuliaMirallesdI,JÃºlia Miralles de Imperial,Barcelona,2020-11-15
ArtsAtCERN,Arts at CERN,"CERN. Geneva, Switzerland.",2020-11-15
cricketn_live,CricketnLive.com,Punjab,2020-11-15
cricketn_live,CricketnLive.com,Punjab,2020-11-15
BelfortCentre,Belfort Language centre,Barcelona,2020-11-15
playpongis,Pongis,Japan,2020-11-15
playpongis,Pongis,Japan,2020-11-15
playpongis,Pongis,Japan,2020-11-15
PMFarma,PMFarma,EspaÃ±a,2020-11-15
__subwaysurfer,Subway Surfer,"South East, England",2020-11-15
TrungTi41138261,Trung Tin,USA,2020-11-15
HealthandEnv,Health and Environment Alliance (HEAL),"Brussels, Belgium",2020-11-15
graffiti_bot,graffiti_bot,,2020-11-15
jobs_language,Jobs in Europe,,2020-11-15
laserbarcelona,Justo Heras,,2020-11-15
Outlookindia,Outlook Magazine,"New Delhi, India",2020-11-15
50BestBars,50BestBars,,2020-11-15
ThilanWijegunar,Thilan Wijegunaratne,Sri Lanka (Ceylon),2020-11-15
Wallspot_org,wallspot,,2020-11-15
An77Ver,An77Ver,,2020-11-15
Coxill_Andrew,Andy,Wales,2020-11-15
Skorewit,Skorewit,Madrid EspaÃ±a,2020-11-15
ESlanguagejobs,Europe Language Jobs- Job board for jobs abroad,Spain,2020-11-15
against_beth,For God And Country ğŸ‡ºğŸ‡¸ ğŸ‡®ğŸ‡±,,2020-11-15
InfinityLoveEvy,MaryMar,"Madrid, EspaÃ±a",2020-11-15
BTA_tennis,BTA,Spain,2020-11-15
fcbxshreya,SHREYAğŸŒ»,India,2020-11-15
BcnVIPtour,VIP BCN Tour Guides,"Av: Pau Casals, 38, 2Âº,5Âª, BCN",2020-11-15
arbeitsplatz_EU,German Jobs Abroad,Germany,2020-11-15
ME_BCN,Michaela,"Barcelona, Spanien",2020-11-15
365Scores,365Scores,,2020-11-15
IQ_Bet,IQ-Bet.com,London - office@ltd-rs.com,2020-11-15
armelcastellan,Armel Castellan,UncededLekwungenTer/VictoriaBC,2020-11-15
PTRClinic1,John Rutherford MCSP DC HCPC PT Illinois USA,"Harley Street London, England",2020-11-15
Rose70022,Rose ğŸŒ¹,"Scotland, United Kingdom",2020-11-15
joanlopezphoto,Joan LÃ³pez i Casanoves,"Barcelona, Espanya",2020-11-15
debbradb,Debbra Brouillette,"Evansville, IN",2020-11-15
MonkeyofParis,MonkeyofParis,"Paris, France",2020-11-15
TheKitmanUK,TheKitman.co.uk,"Bristol, England",2020-11-15
ZurdoSoledad,Soledad Sacristan Zurdo,,2020-11-15
LucaCisternino1,Bernardo ( Luca ) Soares,Italia,2020-11-15
joanlopezphoto,Joan LÃ³pez i Casanoves,"Barcelona, Espanya",2020-11-15
pedro_torres_m,Pedro Torres ğŸ“¡,"Dammarie-les-Lys, France",2020-11-15
Rose70022,Rose ğŸŒ¹,"Scotland, United Kingdom",2020-11-15
MisuMisuRecords,Misu Misu Records,"Marbella, EspaÃ±a",2020-11-15
joanlopezphoto,Joan LÃ³pez i Casanoves,"Barcelona, Espanya",2020-11-15
WanderlustXL,ğŸ³ï¸â€ğŸŒˆ #WanderlustXL ğŸ³ï¸â€ğŸŒˆ,Republic of the Philippines,2020-11-15
PSG24hours,PSG en Direct ğŸŒ,Parc des Princes,2020-11-15
agbudeufuoma,Agbude Ufuoma,Warri Nigeria,2020-11-15
AkinosiBenjamin,Akin,,2020-11-15
tripwellness,Elaine J Masters,"San Diego, CA",2020-11-15
FootTheBall,FootTheBall,Locker Room,2020-11-15
Judi_Cohen,Travelingjudi,"Toronto, Ontario",2020-11-15
Outlookindia,Outlook Magazine,"New Delhi, India",2020-11-15
soccerfanatictv,Soccer Fanatic TV,,2020-11-15
cricketn_live,CricketnLive.com,Punjab,2020-11-15
Harry_my_god16,AADIT IS ON NAUGHTY LIST âœ¨â£ï¸,Eroda,2020-11-15
FootTheBall,FootTheBall,Locker Room,2020-11-15
soccerfanatichq,The Soccer Fanatic,,2020-11-15
ina39664845,ina,,2020-11-15
4ourdogs,Nikki,"South East, England",2020-11-15
Bobbstterr,Bob Garnham,Dear old Blighty,2020-11-15
ShadowBanned1,Shadow Banned,,2020-11-15
stu060381,Stuart,"West Midlands, England",2020-11-15
Natalie91231732,Natalie collins FBPE,,2020-11-15
avfcnewsgossip,AVFC News & Gossip,"Birmingham, England",2020-11-15
GulfAtlanticInd,"Gulf Atlantic Ind of America, Inc.",South Florida,2020-11-15
Americanwoman00,PRESIDENT-ELECT Freedom Lover,,2020-11-15
herreraj_2,Jordan Herrera,Right where I need to be   ,2020-11-15
AdamMilstein,Adam Milstein,Southern California,2020-11-15
BarcaHour,Barca Hour,India,2020-11-15
Gooner_Nate4,Nate,Southern California,2020-11-15
SoccerDid,Did Someone Say Soccer?,,2020-11-15
MEG_I_D,MEG Impressive Designs,,2020-11-15
MEG_I_D,MEG Impressive Designs,,2020-11-15
Veronic62377337,Veronica,,2020-11-15
Veronic62377337,Veronica,,2020-11-15
Veronic62377337,Veronica,,2020-11-15
Veronic62377337,Veronica,,2020-11-15
Veronic62377337,Veronica,,2020-11-15
Veronic62377337,Veronica,,2020-11-15
coky_find,Find to my coky,æ—¥æœ¬,2020-11-15
rb_weatherman,"Robby ""Brick"" Weatherman",United Arab Emireates,2020-11-15
kubodro,David Lee Drotar,Castleton-on-Hudson,2020-11-15
OluwatobaAmo,Alabosi-Yoruba,"Lagos, Nigeria",2020-11-15
angelina_csc,Angelina Adinami,"Victoria Island, Nigeria",2020-11-15
samdave44124915,sam dave,,2020-11-15
LananaDidi,Dyan,"QuÃ©bec, Canada",2020-11-15
AduakaJ,CryptoKINGğŸ¤´,,2020-11-15
pamandgarybaker,PamandGaryBaker,,2020-11-15
Tonya_Hennessey,Tonya_Hennessey,"Vallejo, CA",2020-11-15
katywalls,Kathleen Walls,"Middleburg, Florida",2020-11-15
AlbertoPicchioB,Alberto,,2020-11-15
xtinap1,Kris ğŸ˜˜,she/her. blm,2020-11-15
SPORTVMX,SPORTV MX,"Guadalajara, Jalisco",2020-11-15
timao13579,Corinthians TimÃ£o,,2020-11-15
chandra_kelvin6,Chandra Meiditya,"Palembang, Sumatera Selatan",2020-11-15
SimberWann,Simber MadridistağŸ˜âœŒğŸ»ğŸ‘ŠğŸ»,"Kona, Ghana",2020-11-15
sexyfootygirls1,Sexy Football Girls,,2020-11-15
federacionmadr2,federacionmadridistascam,"Madrid, Comunidad de Madrid",2020-11-15
fmtoday,Free Malaysia Today,Malaysia,2020-11-15
Omaralberoni,SoloALBERONI,,2020-11-15
RodriMC8,Rodri ğŸ‡ªğŸ‡¸ ğŸ‡µğŸ‡¹,"Madrid, EspaÃ±a",2020-11-15
emenems1899,âš¡emenemsâš¡,"KrakÃ³w, Polska",2020-11-15
Kyzrah7,Matteo7,,2020-11-15
AndresReynaDL,AndrÃ©s Reyna,,2020-11-15
brujomentiroso,brujomentiroso,,2020-11-15
HDF_ESPN,Hablemos de FÃºtbol,Argentina,2020-11-15
maiulu20,Ghost,"Kano, Nigeria ",2020-11-15
ESPNFutbolClub,ESPN FÃºtbol Club,,2020-11-15
GANDALFELGRlS,GANDALF,Alicante,2020-11-15
LuisDel00,Luis Delgado,Ecuador,2020-11-15
lewis50895661,lewis,,2020-11-15
