Michel_Calcio,Michel Sakr,A Comfortable 4-1 Victory for Juventus over Ferencvaros with #Morata and #Dybala Both earning Braces! ğŸ‘‡ğŸ‘‡â€¦ https://t.co/ZbkF0krPul,0,"Beirut, Lebanon"
danielrosli_,ğƒğšğ§ğ§ğ² ğŸ‡²ğŸ‡¾,"RT @footballitalia: Andrea Pirlo was â€˜satisfied with the result, but not the performanceâ€™ against Ferencvaros and complained Juventus forwaâ€¦",10,Malaysia
VinceTacchi,Vince Tacchi,"RT @ZekeTell: #Juventus, #Pirlo's post-match: ""The win is good, but we must perform better"" https://t.co/FmPUJW9bio",3,"New York, NY"
flyingeze,Flying Eze,"Juve wins big, Barca outlasts 12-save teen GK
https://t.co/MPMwcgy2UI
 #-PremierLeague #ÃlvaroMorataâ€¦ https://t.co/l1715VCpot",0,
Sportivo1897,Rob,Hope so #Juventus https://t.co/5vpIrVtL7Q,0,Australia
khaleejtimes,Khaleej Times,"#ChampionsLeague: #Barcelona, #Juventus win as woeful #ManchesterUtd beaten @ktimessport 
https://t.co/4FTugBPhJK",0,United Arab Emirates
jacobeshun2,jacobeshun,RT @footballitalia: Alvaro Morata explains why he has rediscovered his form at Juventus. â€˜The motivation is the same as any person needs inâ€¦,9,western region.Bogoso
icha23utami,IcHa Diah Utami,RT @footballitalia: Alvaro Morata explains why he has rediscovered his form at Juventus. â€˜The motivation is the same as any person needs inâ€¦,9,Buminya Allah
sportsreportz1,Sports Reportz,"âš½ï¸ğŸ”¥VIP gets a much-needed sweep as the 3-0 day concludes with #Juventus - #Ferencvaros O2.5, 3 as Juve takes a 4-0â€¦ https://t.co/FvR9I8BOgN",0,United States
footballitalia,footballitalia,Alvaro Morata explains why he has rediscovered his form at Juventus. â€˜The motivation is the same as any person needâ€¦ https://t.co/ZvACkAQ4MM,9,
ilcano22,Pablito,"RT @ZekeTell: #Juventus, #Pirlo's post-match: ""The win is good, but we must perform better"" https://t.co/FmPUJW9bio",3,Canada
vgcancino,Guillermo Cancino,"#Ferencvaros - #Juventus 1:4
#ChampionsLeague
âš½ğŸ†âš½ğŸ†âš½ğŸ†
ğŸ¤ğŸ–¤ğŸ¤ğŸ–¤ğŸ¤ğŸ–¤

More info: https://t.co/l9yFQZPbtV https://t.co/e2UqEQnDeJ",0,"Regina, Saskatchewan"
Nino_Romeo,Nino Romeo,Se lo dice The Donald... ğŸ˜‚ğŸ˜‚ğŸ˜‚ #Elections2020 #Juventus #ChampionsLeague #Trump2020 https://t.co/J6y3KtVS6g,0,"Roma, Lazio"
ZekeTell,Zeke Tell,"#Juventus, #Pirlo's post-match: ""The win is good, but we must perform better"" https://t.co/FmPUJW9bio",3,"New York, NY"
JSA31,SOULA JEAN-JACQUES,RT @OptaPaolo: 4 - #Juventus have scored 4+ goals in a Champions League match for their first time since September 2016 (a 4-0 win againstâ€¦,6,
letsgopunk69,stefan eka,RT @OptaPaolo: 4 - #Juventus have scored 4+ goals in a Champions League match for their first time since September 2016 (a 4-0 win againstâ€¦,6,
Alec34494342,Alec,CR7 fans are pathetic! Saying Dybala was selfish for not passing!? He scored!! And Ronaldo didnâ€™t look happy at allâ€¦ https://t.co/FBkf56C3xd,0,
itsgullysports,Gully Sports,"It was all smooth for the heavyweights in terms of a win today in the matchday 3 of @ChampionsLeague . 

#UCLâ€¦ https://t.co/BQEQLUO6si",0,Chennai
kupaleon,Six God,"RT @footballitalia: Andrea Pirlo was â€˜satisfied with the result, but not the performanceâ€™ against Ferencvaros and complained Juventus forwaâ€¦",10,We Global
ThePatNasty,qaatil | ğŸº,"I do what I do. 

ğŸ¤·ğŸ¾â€â™‚ï¸ğŸ’°ğŸ¤—

|| âš½ï¸ ğŸ¥… || #barcelona #DynamoKiev #FerencvarosJuve #Juventus #Sevilla #FCKrasnodarâ€¦ https://t.co/KArb4oysPz",0,786 - 757 - 843 - 704
zakkibibbir,Ridwan Muzakki,RT @OptaPaolo: 4 - #Juventus have scored 4+ goals in a Champions League match for their first time since September 2016 (a 4-0 win againstâ€¦,6,Bekasi - Bandung - Milan
RadioTifosi,Tifosi Football Radio,"Juventus and Lazio get it done. Much better results for the Italian clubs today. Analysis to come tomorrow ğŸ‘¥ğŸ—£

#Juventus #Lazio",0,
SMLigue1,Sports Mole Ligue 1,Champions League roundup: Man United suffer surprise loss to Istanbul Basaksehir https://t.co/So98WKUeCS #mufc #cfcâ€¦ https://t.co/e0coQbqoyq,0,
CR7PT1,CR7 KING,"RT @footballitalia: Andrea Pirlo was â€˜satisfied with the result, but not the performanceâ€™ against Ferencvaros and complained Juventus forwaâ€¦",10,Football 
OldjuveFS,oldjuveFS,"The takeaways from #Juventus' win over Ferencvaros, including effusive praise for Alvaro Morata and Adrien Rabiot.â€¦ https://t.co/Q8X2ZSsvq1",0,
BelissimoGioco,Belissimo Gioco,"Champions League:
Ferencvaros 1-4 #Juventus 
Andrea Pirloâ€™s side bounce back from last weekâ€™s defeat to Barcelona wâ€¦ https://t.co/zpMdlW6wFs",0,
p_russo5,Pasquale Russo â˜…â˜…â˜…,"RT @footballitalia: Andrea Pirlo was â€˜satisfied with the result, but not the performanceâ€™ against Ferencvaros and complained Juventus forwaâ€¦",10,
footballitalia,footballitalia,"Andrea Pirlo was â€˜satisfied with the result, but not the performanceâ€™ against Ferencvaros and complained Juventus fâ€¦ https://t.co/VQJPs4RMaC",10,
Vlostissimo,Vlost,RT @Route1futbol: Juventus have scored 4+ goals in a Champions League match for their first time since September 2016. [opta] #Juventus #UCâ€¦,3,"San Marcellino, Campania"
dy158,Diana Yeow,Phew.ğŸ˜‰ #UCL #FerencvarosJuve #Juventus https://t.co/uiuoV1ic11,0,Singapore
DepalomitaOk,DePalomita,"Iâ€™m back ğŸ”¥ğŸ¤– 

#cristianator #juventus #machine #vecchiasignora #illustration #football #depalomita https://t.co/dDWEI4aLHP",0,"Buenos Aires, Argentina"
mhd_david,Al Kahfi,RT @OptaPaolo: 4 - #Juventus have scored 4+ goals in a Champions League match for their first time since September 2016 (a 4-0 win againstâ€¦,6,"Pekanbaru , riau "
jaganofficial01,Jaganâšªâš«,Dybala got his confidence back âšªâš«ğŸ’ªğŸ»Froza Juve #Juventus https://t.co/sN0P5ukGgO,0,Chennai
kwasiarthur6,Jordan,RT @Route1futbol: Juventus have scored 4+ goals in a Champions League match for their first time since September 2016. [opta] #Juventus #UCâ€¦,3,United States
Jorgesa07394731,Aguila 4ever!!!ğŸ’ªğŸ»ğŸ¦…,"RT @AlvaritoMorales: Â¡TOPS! ğŸ”ğŸ”ğŸ”

#ferencvarosvsjuventus #CHAMPIONSxESPN #ChampionsLeague #CR7 #juventus #FerencvarosJuve #espn https://t.coâ€¦",4,Puebla
Route1futbol,RouteOneFootball,Juventus have scored 4+ goals in a Champions League match for their first time since September 2016. [opta]â€¦ https://t.co/sgwamfwjnC,3,
rutoofficial,Ruto Câ€¢,"Trend fr G.O.A.T
Like for MESSI
Rt. For RONALDO         #Barca #Juventus https://t.co/6trh91E0Np",0,Everywhere
TOAzT_MAzTERn,CR SE7EN,RT @Man72Muesli: @ForzaJuveEN Don't let this 4-0 fool you this Juve side is the most  shittiest side full backs with no creativity uselessâ€¦,2,
footballitalia,footballitalia,Andrea Pirlo comments are up first on the Liveblog https://t.co/fuARRN5DIi #FerencvarosJuve #UCL  #Juventus,0,
brainypsychic,à¤•à¥à¤¶à¤¾à¤² à¤ªà¤¾à¤£à¥à¤¡à¥‡à¤¯ ğŸ•µğŸ»â€â™‚ï¸,"#UCL #ChampionsLeague #Juventus 
Danilo is embarrassing.I could never understand why juventus let cancelo go &amp; replâ€¦ https://t.co/0d00kV4rDR",0,"New Delhi,India"
TOAzT_MAzTERn,CR SE7EN,RT @Man72Muesli: @ForzaJuveEN Don't let this 4-0 fool you this Juve side is the most  shittiest side full backs with no creativity uselessâ€¦,1,
sportseries247,Sport Series,"UEFA CHAMPIONS LEAGUE WEDNESDAY RESULTS (FT) 

#Barcelona 2-1 #DynamoKiev 
#SevillaFC 3-2 Krasnodar
#ClubBrugge 0-3â€¦ https://t.co/Y6clab4B8u",0,"Washington, D.C."
Man72Muesli,The Muesli_man72,@ForzaJuveEN Don't let this 4-0 fool you this Juve side is the most  shittiest side full backs with no creativity uâ€¦ https://t.co/rAoAb4jNVq,1,
TOAzT_MAzTERn,CR SE7EN,RT @Man72Muesli: @ForzaJuveEN Don't let this 4-0 fool you this Juventus side is the most boring shittiest side full backs with no creativitâ€¦,3,
footballitalia,footballitalia,Giorgio Chiellini admits Juventus â€˜were too comfortableâ€™ at times in the 4-1 Champions League win away to Ferencvarâ€¦ https://t.co/2wdnJ24ZNx,2,
The_21_Savage,The_21_Savage,RT @Man72Muesli: @ForzaJuveEN Don't let this 4-0 fool you this Juventus side is the most boring shittiest side full backs with no creativitâ€¦,3,Amerikas fÃ¶renta stater
OptaPaolo,OptaPaolo,4 - #Juventus have scored 4+ goals in a Champions League match for their first time since September 2016 (a 4-0 winâ€¦ https://t.co/V76re0GgH6,6,Italy
SerieA_Aust,Frank,"RT @DanieleLucc: My latest piece on one of my favourite #SerieA players to watch, #DomenicoBerardi. The #Sassuolo attacker looks to be finaâ€¦",13,"New South Wales, Australia"
valebianconero1,ValebianConeRo7,"RT @Alessandra_PD10: Boysâšªâš«â¤ğŸ”¥ 

#Juventus #FinoAllaFine #FerencvarosJuve #ChampionsLeague https://t.co/H6PkzxdwGT",1,"Torino, Piemonte"
eqg_radio,Equipo que gana no se toca ğŸ™ï¸,"ğŸ“Œ Posiciones del grupo G:
#Barcelona ğŸ‡ªğŸ‡¦ 9ï¸âƒ£ 
#Juventus ğŸ‡®ğŸ‡¹ 6ï¸âƒ£
#DinamoKiev ğŸ‡ºğŸ‡¦ 1ï¸âƒ£
#Ferencvarosi ğŸ‡­ğŸ‡º 1ï¸âƒ£ https://t.co/bHt0f1WpDh",0,Argentina
frijtersben,frijtersben,1-4 is a satisfying result. #Juventus remains in progress but it's nice to see progress. Hopefully Ramsey won't beâ€¦ https://t.co/MIuMFIIreB,0,
KonceptKitz,KonceptKitz,"25% off of 2020/21 shirts at Kitbag, if you use the code ""BOOTS"" at check out. Time to do some early shopping for tâ€¦ https://t.co/2ObcUPIAUc",0,"East, England"
HMA__23,HM_23,"The King ğŸ–¤ğŸ¤

#Juventus #ForzaJuve #FinoAllaFine https://t.co/kiluEHtFb4",0,"""Ù…Ø¬Ø±Ø© Ø¯Ø±Ø¨ Ø§Ù„ØªØ¨Ø§Ù†Ø©"""
DBrovis,Da Brovis Football World,Morata rejuvenated at #Juventus!! He puts two more pass the opposition and these were not even offsidesğŸ‘€ Complete dâ€¦ https://t.co/ju8yIf7rOV,0,"Milwaukee, WI"
Alessandra_PD10,_alessandra.xâšªâš«,"Boysâšªâš«â¤ğŸ”¥ 

#Juventus #FinoAllaFine #FerencvarosJuve #ChampionsLeague https://t.co/H6PkzxdwGT",1,"Gallipoli, Puglia"
DayOldCheeze,Rowe Ronald,RT @Man72Muesli: @ForzaJuveEN Don't let this 4-0 fool you this Juve side is the most  shittiest side full backs with no creativity uselessâ€¦,2,"Tennessee, USA"
Nomad_Nights,Mr. Nobody,"As usual shit gameplay by Juventus
Glad we won the game
No goal for Ronaldo, Good luck kingğŸ
Chiesa is bs
Juve needâ€¦ https://t.co/815RvpvsoI",0,Ubiquitous
CaptainStrongh2,Captain Strongheart,Juventus vs FerencvÃ¡rosi didn't feel like a Champions League match at all ğŸ˜ª Seems like both of them were having friâ€¦ https://t.co/3olKbB5OgF,0,
zazoomblog,Zazoom Social News,VIDEO Ferencvaros Juventus HIGHLIGHTS -  #VIDEO #Ferencvaros #Juventus  https://t.co/15gIpX6N1K,0,Italia
DanieleRaponi,Daniele Raponi Dany Sport Notizie,"#BarcellonaKiev 
#Barcelona 9
#Juventus 6
#DinamoKiev 1
#Ferencvaros 1
Girone G
#UCLÂ #ChampionsLeague #calcioâ€¦ https://t.co/hKDvXxebDM",0,Roma
iamayonimous,Ayonimous Taiwo,@Minarzouki Great game today. Great team spirit and effort. Looking forward to seeing more of this #ChampionsLeague #Juventus,0,"Lagos, Nigeria"
DanieleRaponi,Daniele Raponi Dany Sport Notizie,"#Ferencvaros
1-4 #Juventus #Morata 7â€™ 60â€™ #Dybala 73â€™ #Dvali aut 81â€™ #Boli 89â€™ #FERJUV #FerencvarosJuventusâ€¦ https://t.co/yv2pyQ9IBH",0,Roma
Man72Muesli,The Muesli_man72,@Dannn777 Don't let this 4-0 fool you this Juve side is the most  shittiest side full backs with no creativity uselâ€¦ https://t.co/eQGAdDc0gi,0,
madridistarosh,Roshila Shrestha,Match under the rain and juventus came through the sweet victory. Though lots of error were made. But the victory iâ€¦ https://t.co/coeePu6hRW,0,Nepal
IAMTHATIS6,Juventus (ğŸ¤ªğŸ’¯),RT @MARVEL_GARRA: Juventus need to start getting crosses into the box without thinking ...how can you have to #ronaldo and #morata and youâ€¦,1,
Man72Muesli,The Muesli_man72,RT @Man72Muesli: @ForzaJuveEN Don't let this 4-0 fool you this Juve side is the most  shittiest side full backs with no creativity uselessâ€¦,2,
Man72Muesli,The Muesli_man72,@ForzaJuveEN Don't let this 4-0 fool you this Juve side is the most  shittiest side full backs with no creativity uâ€¦ https://t.co/vWVpHbp42y,2,
rt_Premier,#premierleague,"#UCL 
#UEFAChampionsLeague    
#FERJUV 
#Ferencvaros 1-4 #Juventus 
watch
https://t.co/g7aRHmiZlg",0,North london - coyg
ShadowsGhosts,Emordi98ğŸ¯ğŸ¯,"They bothered bout election, Iâ€™m watching UEFA #ChampionsLeague #VOTE ##Juventus",0,"Georgia, USA"
footballitalia,footballitalia,"#Ferencvaros 1-4 #Juventus 

Alvaro Morata bagged a brace before Paulo Dybala pounced on two shocking Ferencvaros dâ€¦ https://t.co/M38acVGPpU",1,
Man72Muesli,The Muesli_man72,RT @Man72Muesli: @ForzaJuveEN Don't let this 4-0 fool you this Juve side is the most  shittiest side full backs with no creativity uselessâ€¦,2,
Man72Muesli,The Muesli_man72,@ForzaJuveEN Don't let this 4-0 fool you this Juve side is the most  shittiest side full backs with no creativity uâ€¦ https://t.co/1wQQHhXdUV,2,
MARVEL_GARRA,WTF,Juventus need to start getting crosses into the box without thinking ...how can you have to #ronaldo and #morata anâ€¦ https://t.co/B36z9OTDMO,1,
Man72Muesli,The Muesli_man72,RT @Man72Muesli: @AroundTurin Don't let this 4-0 fool you this Juve side is the most  shittiest side full backs with no creativity uselessâ€¦,1,
Man72Muesli,The Muesli_man72,@AroundTurin Don't let this 4-0 fool you this Juve side is the most  shittiest side full backs with no creativity uâ€¦ https://t.co/Miu21272sJ,1,
azalat_,azalat_,"âœ…Partita terminata | #UCL 
â¡ï¸#FerencvarosğŸ†š#Juventus | 1âƒ£-4âƒ£

â–â–â–
#FerencvarosJuventus #UCL #ChampionsLeague #calcioâ€¦ https://t.co/9lvwv7dEhD",0,Italia
RizzoMB,Michael Rizzo,"Since heâ€™s scoring goals, no better time to show off my latest #Dybala #SoccerCard #juventus #FerencvarosJuve https://t.co/gU9NyUfOSC",0,"Historic Kittanning, Pa"
rt_Premier,#premierleague,"#UCL 
#UEFAChampionsLeague    
#FERJUV 
FULL-TIME
#Ferencvaros 1-4 #Juventus 
watch
https://t.co/g7aRHmiZlg",0,North london - coyg
rt_Premier,#premierleague,"#UCL 
#UEFAChampionsLeague    
#FERJUV 
live 92 min
#Ferencvaros 1-4 #Juventus 
watch
https://t.co/g7aRHmiZlg",0,North london - coyg
Man72Muesli,The Muesli_man72,RT @Man72Muesli: @juventusfcen Don't let this 4-0 fool you this Juve side is the most  shittiest side full backs with no creativity uselessâ€¦,1,
Man72Muesli,The Muesli_man72,@juventusfcen Don't let this 4-0 fool you this Juve side is the most  shittiest side full backs with no creativityâ€¦ https://t.co/PMVJwNln4u,1,
asdrubal3000,asdrubal #DaleRT,#ferencvaros  1   -   #juventus  4  final  #UCL,0,globe
Man72Muesli,The Muesli_man72,RT @Man72Muesli: @ForzaJuveEN Don't let this 4-0 fool you this Juve side is the most  shittiest side full backs with no creativity uselessâ€¦,1,
Man72Muesli,The Muesli_man72,@ForzaJuveEN Don't let this 4-0 fool you this Juve side is the most  shittiest side full backs with no creativity uâ€¦ https://t.co/XlJtVfONNN,1,
ronanodowd,El_Poderoso,#Juventus 4-0 and cruising so Bernardeschi decides to give Ferencvaros a helping hand.,0,Dublin
rt_Premier,#premierleague,"#UCL 
#UEFAChampionsLeague    
#FERJUV 
live 91 min
#Ferencvaros 1-4 #Juventus 
watch
https://t.co/g7aRHmiZlg",0,North london - coyg
2Stayonthepath,Richard,"#Juventus 4-1 up and no goal from #Ronaldo

@davepearson77 stag do, I had a wander round Budapest and went round Feâ€¦ https://t.co/DJHbwf79HX",0,"Tarleton, England"
rt_Premier,#premierleague,"#UCL 
#UEFAChampionsLeague    
#FERJUV 
live 90 min
#Ferencvaros 1-4 #Juventus 
watch
https://t.co/g7aRHmiZlg",0,North london - coyg
rt_Premier,#premierleague,"#UCL 
#UEFAChampionsLeague    
#FERJUV 
live 89 min
#Ferencvaros 1-4 #Juventus 
watch
https://t.co/g7aRHmiZlg",0,North london - coyg
Terrell_E3trada,Terrell Estrada,Morata started this season like ah bat outta hell #Juventus #UCL,0,Trinidad and Tobago
ligi_e,Eldad_ligiâš«âšª,when was the last time we scored 4 goals in back to back matches? #Juventus,0,TLV
Man72Muesli,The Muesli_man72,RT @Man72Muesli: @ForzaJuveEN Don't let this 4-0 fool you this Juventus side is the most boring shittiest side full backs with no creativitâ€¦,3,
Man72Muesli,The Muesli_man72,@ForzaJuveEN Don't let this 4-0 fool you this Juventus side is the most boring shittiest side full backs with no crâ€¦ https://t.co/TujCq1rCdu,3,
rt_Premier,#premierleague,"#UCL 
#UEFAChampionsLeague    
#FERJUV 
live 87 min
#Ferencvaros 0-4 #Juventus 
watch
https://t.co/g7aRHmiZlg",0,North london - coyg
CrapanzanoRobin,robin crapanzano,RT @Route1futbol: Paulo Dybala ğŸ‡¦ğŸ‡· is the only player to score in all the last six seasons of the Champions League with the Juventus shirt.â€¦,1,
sheyitokz9,ğŸ”°OluwaseyiğŸ”°,"Juventus is showing the no mercy badge
#Juventus 
#OleOut #olesatthewheel #ChampionsLeague #ManchesterUnited https://t.co/FzvJ2x0IQa",0,SoakAway
Route1futbol,RouteOneFootball,Paulo Dybala ğŸ‡¦ğŸ‡· is the only player to score in all the last six seasons of the Champions League with the Juventus sâ€¦ https://t.co/LXlIHIzCwc,1,
footygen,Footy Gen,"Paolo Dybala's goal drought is over after two errors from the Ferencvaros goalkeeper ğŸ‘€

#UCLÂ  #Juventus https://t.co/IeoPxpPrH1",0,Footy General
mavakaga,Mavakaga,CHAMPIONS LEAGUE REPORT OF ALL MATCHES PICKS AND PREDICTIONS 11/04/2020 https://t.co/F22zLumIqF via @YouTube #UCLâ€¦ https://t.co/TslFO2vdps,0,
rt_Premier,#premierleague,"#UCL 
#UEFAChampionsLeague    
#FERJUV 
live 84 min
#Ferencvaros 0-4 #Juventus 
watch
https://t.co/g7aRHmiZlg",0,North london - coyg
NaOyoe,Naa Oyoe Ofei,What team is #Juventus playing?  All the players need to forfeit their pay for the week. #FERJUV #UCL,0,ğŸ‡¬ğŸ‡­
MarrelliFabio,Fabio Gennaro,"I hope that gives Dybala a lot of confidence for the coming weeks!
#Dybala #Juventus #ForzaJuve https://t.co/ImBsezonKo",0,
rt_Premier,#premierleague,"#UCL 
#UEFAChampionsLeague    
#FERJUV 
live 83 min
#Ferencvaros 0-4 #Juventus 
watch
https://t.co/g7aRHmiZlg",0,North london - coyg
pauljohnsontog,Paul Johnson Tog ğŸ“¸,RT @footballitalia: #Ferencvaros 0-4 #Juventus : Paulo Dybala on to the second awful back-pass... Liveblog https://t.co/fuARRN5DIi #Ferencvâ€¦,4,
winningsidewins,TheWinningSide.net,"âš½ï¸ğŸ”¥VIP gets a much-needed sweep as the 3-0 day concludes with #Juventus - #Ferencvaros O2.5, 3 as Juve takes a 4-0â€¦ https://t.co/B6y8AHXB6I",0,"Las Vegas, NV"
zipperian,Michael Tanubrata,RT @footballitalia: #Ferencvaros 0-4 #Juventus : Paulo Dybala on to the second awful back-pass... Liveblog https://t.co/fuARRN5DIi #Ferencvâ€¦,4,"Jakarta Capital Region, Indone"
OllieGlanvill,Ollie Glanvill,RT @footballitalia: #Ferencvaros 0-4 #Juventus : Paulo Dybala on to the second awful back-pass... Liveblog https://t.co/fuARRN5DIi #Ferencvâ€¦,4,London
footballitalia,footballitalia,#Ferencvaros 0-4 #Juventus : Paulo Dybala on to the second awful back-pass... Liveblog https://t.co/fuARRN5DIi #FerencvarosJuve #UCL,4,
Giaco_analytics,Giacomo,"FT// Juventus U23 1-1 Livorno

Goal from Elia Petrelli in the 80th to level the score!

#Juventus #JuventusYouth",0,"Villar Perosa, Piemonte"
rt_Premier,#premierleague,"#UCL 
#UEFAChampionsLeague    
#FERJUV 
live 78 min
#Ferencvaros 0-3 #Juventus 
watch
https://t.co/g7aRHmiZlg",0,North london - coyg
rt_Premier,#premierleague,"#UCL 
#UEFAChampionsLeague    
#FERJUV 
live 76 min
#Ferencvaros 0-3 #Juventus 
watch
https://t.co/g7aRHmiZlg",0,North london - coyg
BettingMaestr0,The Maestro,"ğŸ”¥ğŸ”¥ğŸš¨Collab WinnerğŸš¨ğŸ”¥ğŸ”¥

Hope some of you tailed @TwoLooney @TootsieCapper and I and made some ğŸ¤‘ğŸ¤‘ğŸ¤‘ LFGâ€¦ https://t.co/xWcmRbRj3n",0,"Colorado, USA"
frijtersben,frijtersben,First goal of the season by #Dybala but what a horrible back pass by Ferencvaros. #FerencvarosJuventus #Juventus,0,
Karangu52869517,Karangupta,"Just need one Ronaldo goal now 
#Juventus #juve #CR7 #CristianoRonaldo #UCL",0,
RachitPahwa2,Rachit Pahwa,I tweeted earlier dybala is back with Ronaldo today weâ€™ll see his true colours #Juventus #FinoAllaFine,0,"Brampton, Ontario"
NycJuventus,Juventus Fans NYC,WHAT A GOAL ğŸ˜ğŸ˜ dybala&gt;pele ğŸ’ğŸ’ğŸ’ #dybala #ChampionsLeague #juventus,0,
cash86821521,Eastcoast picks & parleys,ğŸš¨#barca #Juventus #Chelsea  you get A goal you get A goal  you get A goal  Everyone gets A goal letâ€™s go ğŸ»#sweep https://t.co/JdwjUGBezA,0,"Reading, MA"
rt_Premier,#premierleague,"#UCL 
#UEFAChampionsLeague    
#FERJUV 
live 70 min
#Ferencvaros 0-2 #Juventus 
watch
https://t.co/g7aRHmiZlg",0,North london - coyg
dc_juventus,Juventus DC Fan Club,These next 20 min could prove to be tremendously important for @PauDybala_JR .. vai #dybala #Juventus #ChampionsLeague #FinoAllaFine,0,
shirtlane,@ShirtLane,"#Morata is banging them in for #Juventus but he's also offside A LOT! 

Who's the first player that comes to mind wâ€¦ https://t.co/3vcUUVVzzu",0,"Wales, United Kingdom"
SajidAnNafiew,S. M. Sajid An Nafiew,"@AlvaroMorata at his best!!!!!!!!!! #FerencvarosJuve #UCL
 #Juventus #AlvaroMorata",0,"Magura, Bangladesh"
footballitalia,footballitalia,Dybala replaces Morata with #Juventus 2-0 up. Liveblog https://t.co/fuARRN5DIi #FerencvarosJuve #UCL,0,
Nomad_Nights,Mr. Nobody,"I freaking hate Chiesa!! 
#FerencvarosJuve #Juventus #ForzaJuve",0,Ubiquitous
gothambatman14,Frank De Luca,"@WilliamShatner Love you Cap, but #Juventus all the way!",0,
Route1futbol,RouteOneFootball,"Juventus have scored 4 goals in theÂ Champions League this season, Alvaro Morata ğŸ‡ªğŸ‡¸ has scored all 4 of them. ğŸ”¥â€¦ https://t.co/gdIS5C5jJy",0,
austin4sports,austin4sports,#SPORTsMINT TAMMY needs to improve on his positional awareness and movement!WHAT IS WRONG in these pictures?ğŸ‘‡â€¦ https://t.co/DrpYnkE3xT,0,London
Caeesch_33,Caeesch_33,Pad those stats now #Juventus #UEFAChampionsLeague https://t.co/Br0FaeoC5C https://t.co/R6DGopPxN4,0,
IamNOTcrazy__,Pavlos,#Morata when he plays for #Juventus https://t.co/e1zDb3S1t3,0,"Cyprus,Nicosia"
KlausLFC,Ni'ğŠğ¥ğšğ®ğ¬,What happened to De Ligt ? #Juventus,0,"Mars, Red Planet "
euroweenie,max pennock,Who needs Ronaldo when you have Morata!?!?!? Not #Juventus #FerencvarosJuventus,0,"Heidelberg, Germany"
n_digiovanni,Nicholas Di Giovanni,"RT @DanieleLucc: My latest piece on one of my favourite #SerieA players to watch, #DomenicoBerardi. The #Sassuolo attacker looks to be finaâ€¦",13,"MontrÃ©al, QuÃ©bec"
DiscGawlfer,DiscGawlfer,Morata still has it #Juventus,0,Here sometimes
kevinkonapaka,Kev,Wow Morata. Beautiful dummy by McKennie. Beautiful finish by Alvaro. #juventus,0,
pmatos9_juve,pmatos âš«âšª,"Dybala who?
Turin's finest is back at home

Deal with it haters .. Morata was born to play for Juve.
Destiny speaksâ€¦ https://t.co/h57ZNKPOEV",1,"Aveiro, Portugal"
MarrelliFabio,Fabio Gennaro,"Morata! what a player.
It's like he never left
#Juventus #ForzaJuve 
#FerencvarosJuventus https://t.co/b21CPdk252",0,
eastdeflection,USMNT east,"RT @SiriusXMFC: Weston McKennie is on for #Juventus! 

#UCL https://t.co/WEKgOlXtqu",1,
Ley3Lo,Ley Lo,"Now that a pass is justified, mr #Robaldo decides to go it alone with a very unfavorable angle when #moratalla wasâ€¦ https://t.co/8cncY7qLfW",0,"Neverland, Co"
dgodard84,Darryl Godard,Pass that ball Cristiano!! #UCL #Juventus,0,
9ja_vibez,9jacracker,"RT @okemofficial: #juventus live matche..
Rt and follow me for more live matches https://t.co/XGWB4vIT1k",1,Nigeria
SiriusXMFC,SiriusXM FC 157 âš½ï¸ğŸ“»,"Weston McKennie is on for #Juventus! 

#UCL https://t.co/WEKgOlXtqu",1,SiriusXM Channel 157
okemofficial,Anambra_billionaireğŸ’°,"#juventus live matche..
Rt and follow me for more live matches https://t.co/XGWB4vIT1k",1,"Lagos, Nigeria"
calciochat1,Thoughts on Calcio Blog,"Iâ€™m not surprised to see two fairly early changes from Pirlo to alter the middle. The initial 3 wasnâ€™t working, notâ€¦ https://t.co/838Xgfzyif",0,
Karangu52869517,Karangupta,Our midfieldand defense always wait for intercepting the pass not to recover it by going for it very slow midfieldâ€¦ https://t.co/Ou8jiwQp8j,0,
Levi_kosi,Osi OsiğŸ‡¬ğŸ‡­ğŸ‡³ğŸ‡¬ğŸ‡¬ğŸ‡­ğŸ‡³ğŸ‡¬,"RT @DayKooora: Live match Streaming ğŸ’¯ #Ø¨Ø«_Ù…Ø¨Ø§Ø´Ø±
#BarÃ§a ğŸ†š #DynamoKiev
Link HD : https://t.co/FLOFfWbMx1
#Chelsea ğŸ†š #rennes
Link HD : https:/â€¦",1,"Tamale, Ghana"
stats_c3,C3Stats,"#InPlay
#EuropaLeague 

ğŸ´ó §ó ¢ó ¥ó ®ó §ó ¿Chelsea-RennesğŸ‡«ğŸ‡·
Abraham to score @ 2.50

ğŸ‡­ğŸ‡ºFerencvaros-JuventusğŸ‡®ğŸ‡¹
Nguen to score @â€¦ https://t.co/dsLrenrv8P",0,Republic of Slovenia
calciochat1,Thoughts on Calcio Blog,"Bentancour on for Arthur, Pirlo had to change it, it wasnâ€™t working. There was no need for Arthur to drop deep lookâ€¦ https://t.co/YrIl8zfYAy",0,
footballitalia,footballitalia,"Arthur off, Bentancur on for #Juventus 

Liveblog https://t.co/fuARRN5DIi #FerencvarosJuve #UCL",0,
dc_juventus,Juventus DC Fan Club,#Juventus needs to stop being so fucking cute in the final third .. Iâ€™ll take an ugly goal over a brilliant miss anâ€¦ https://t.co/iXEoW8J7Yw,0,
LondonsFinestS2,London's Finest Show Feed,"On today's show, the guys reviewed yesterday's crazy results, previewed today's Chelsea match, and played Place Youâ€¦ https://t.co/O3QvFIf9H3",0,
cash86821521,Eastcoast picks & parleys,ğŸš¨ updates  #barca #chelsea. Ov 1.5 #Sevilla Max play #Juventus ğŸ» https://t.co/njvAdRWxPJ,0,"Reading, MA"
_virgil7_,U T K A R S H ğŸ‘‘,"First of all there is no such thing as  ""Midfield"" in this Juve team nd if there is, then Chiellini, Bonucci nd Danâ€¦ https://t.co/vkHxP8EOhS",0,India
SandroDeYoung,Sandro De Young,Bro @arthurhromelo. Stop hiding and show yourself #Juventus,0,Sweden
frijtersben,frijtersben,Again the pace is too slow but at least #Juventus is in full control of the game. Morata keeps on impressing me. Atâ€¦ https://t.co/i1euWnzQ44,0,
Man72Muesli,The Muesli_man72,@ITruth98 @arieldalca Positive This #Morata - #Ronaldo - #Chiesa trio with #Arthur #Ramsey looks deadly as well asâ€¦ https://t.co/9unWYskbvD,0,
BazmaOZ,$Bazma,"RT @Mayriadel: Just to remind you say I be spec
#LAYCONtent #Dubai #Juventus #Ronaldo https://t.co/IGu5n5shPO",8,Nigeria
Wasqlicious,AM Waskitoady D,how can Pirlo gave bonucci Role to control the game..?? why you play arthur or Ramsey if you let bonucci or chielliâ€¦ https://t.co/IE2OZG0R90,0,Only God knows where am i...
footballitalia,footballitalia,"Half-Time Report: #Ferencvaros 0-1 #Juventus 

Alvaro Morata was on target yet again to give Juventus the half-timeâ€¦ https://t.co/tviyHEgu0n",0,
DayKooora,KOOORA 4 DAY,"@ChelseaFC @TimoWerner Live match Streaming ğŸ’¯ #Ø¨Ø«_Ù…Ø¨Ø§Ø´Ø±
#BarÃ§a ğŸ†š #DynamoKiev
Watch here : @DayKooora 
#Chelsea ğŸ†šâ€¦ https://t.co/UqJZZKI4XK",0,
DayKooora,KOOORA 4 DAY,"@FCBarcelona @ANSUFATI Live match Streaming ğŸ’¯ #Ø¨Ø«_Ù…Ø¨Ø§Ø´Ø±
#BarÃ§a ğŸ†š #DynamoKiev
Watch here : @DayKooora 
#Chelsea ğŸ†šâ€¦ https://t.co/Waa0Iw4LJm",0,
DayKooora,KOOORA 4 DAY,"@juventusfc @AlvaroMorata Live match Streaming ğŸ’¯ #Ø¨Ø«_Ù…Ø¨Ø§Ø´Ø±
#BarÃ§a ğŸ†š #DynamoKiev
Watch here : @DayKooora 
#Chelsea ğŸ†šâ€¦ https://t.co/ks5HRhIKjg",0,
Wasqlicious,AM Waskitoady D,Idiotic Possesion football i've ever seen... #Juventus,0,Only God knows where am i...
Man72Muesli,The Muesli_man72,RT @Man72Muesli: @ForzaJuveEN Positive This #Morata - #Ronaldo - #Chiesa trio with #Arthur #Ramsey looks deadly as well as works deadly . ğŸ’¥â€¦,1,
Man72Muesli,The Muesli_man72,@ForzaJuveEN Positive This #Morata - #Ronaldo - #Chiesa trio with #Arthur #Ramsey looks deadly as well as works deaâ€¦ https://t.co/NfZECW3Xb4,1,
DayKooora,KOOORA 4 DAY,"@fcbarcelona_ara Live match Streaming ğŸ’¯ #Ø¨Ø«_Ù…Ø¨Ø§Ø´Ø±
#BarÃ§a ğŸ†š #DynamoKiev
Watch here : @DayKooora 
#Chelsea ğŸ†š #rennesâ€¦ https://t.co/JfEds6cF5V",0,
Ctk_Matem,Orlando de Carvalho,"ğŸ´ó §ó ¢ó ¥ó ®ó §ó ¿
With this jersey, is #Juventus preparing for some guerrilla action? #UCL",0,
DayKooora,KOOORA 4 DAY,"@fcbarcelona_ara Live match Streaming ğŸ’¯ #Ø¨Ø«_Ù…Ø¨Ø§Ø´Ø±
#BarÃ§a ğŸ†š #DynamoKiev
Watch here : @DayKooora 
#Chelsea ğŸ†š #rennesâ€¦ https://t.co/mTdHDSjfdK",0,
DayKooora,KOOORA 4 DAY,"@ChelseaFC @TimoWerner Live match Streaming ğŸ’¯ #Ø¨Ø«_Ù…Ø¨Ø§Ø´Ø±
#BarÃ§a ğŸ†š #DynamoKiev
Watch here : @DayKooora 
#Chelsea ğŸ†šâ€¦ https://t.co/PzxFWlcbgE",0,
DayKooora,KOOORA 4 DAY,"@ChelseaFC Live match Streaming ğŸ’¯ #Ø¨Ø«_Ù…Ø¨Ø§Ø´Ø±
#BarÃ§a ğŸ†š #DynamoKiev
Watch here : @DayKooora 
#Chelsea ğŸ†š #rennes
Watchâ€¦ https://t.co/4YRxqOc0t2",0,
san_mat7,Sandeep Matharu,Rabiot is one of the worst signings Juve has done. Good for nothing #Juventus,0,"Ontario, Canada"
DayKooora,KOOORA 4 DAY,"@Juventusfcar Live match Streaming ğŸ’¯ #Ø¨Ø«_Ù…Ø¨Ø§Ø´Ø±
#BarÃ§a ğŸ†š #DynamoKiev
Watch here : @DayKooora 
#Chelsea ğŸ†š #rennes
Watâ€¦ https://t.co/Z2uH0fO42W",0,
DayKooora,KOOORA 4 DAY,"@ChelseaFC Live match Streaming ğŸ’¯ #Ø¨Ø«_Ù…Ø¨Ø§Ø´Ø±
#BarÃ§a ğŸ†š #DynamoKiev
Watch here : @DayKooora 
#Chelsea ğŸ†š #rennes
Watchâ€¦ https://t.co/wEL8mlBDEN",0,
calciochat1,Thoughts on Calcio Blog,"That middle three of Artur, Rabiot and Ramsay isnâ€™t working for me. Artur needlessly dropping deep to receive whenâ€¦ https://t.co/kdAEknlcwN",0,
LondonsFinestQU,London's Finest,"Time for another round of Place Your Wagers! On tap for today:

âšª Juventus clean sheet (EVEN, -125)
âšª PSG v. Leipziâ€¦ https://t.co/cpHVLszbyn",0,
Man72Muesli,The Muesli_man72,"@IconicCristiano @arieldalca This #Morata - #Ronaldo duo with #Arthur #Ramsey looks deadly as well as works deadly . ğŸ’¥ğŸ’¥ğŸ’¥â¤ï¸
#Juventus #ucl",0,
Man72Muesli,The Muesli_man72,@juventusfcen @Cristiano @AlvaroMorata This #Morata - #Ronaldo duo with #Arthur #Ramsey looks deadly as well as worâ€¦ https://t.co/xsXWAVUn6B,0,
DayKooora,KOOORA 4 DAY,"@fcbarcelona_ara @mterstegen1 Live match Streaming ğŸ’¯ #Ø¨Ø«_Ù…Ø¨Ø§Ø´Ø±
#BarÃ§a ğŸ†š #DynamoKiev
Watch here : @DayKoooraâ€¦ https://t.co/nNOFGidqI8",0,
maddeof,maddeof,"bruh how are morata &amp; rabiot so bad :( ? 

#Juventus #UCL",0,
dc_juventus,Juventus DC Fan Club,#Morata is gonna give me fucking agida ğŸ˜’ #Juventus #ChampionsLeague,0,
DayKooora,KOOORA 4 DAY,"@juventusfc @AlvaroMorata Live match Streaming ğŸ’¯ #Ø¨Ø«_Ù…Ø¨Ø§Ø´Ø±
#BarÃ§a ğŸ†š #DynamoKiev
Watch here : @DayKooora 
#Chelsea ğŸ†šâ€¦ https://t.co/CwxvH14LX1",0,
DayKooora,KOOORA 4 DAY,"@juventusfc @AlvaroMorata @Cristiano Live match Streaming ğŸ’¯ #Ø¨Ø«_Ù…Ø¨Ø§Ø´Ø±
#BarÃ§a ğŸ†š #DynamoKiev
Watch here : @DayKoooraâ€¦ https://t.co/Xz3YEyKR1o",0,
Man72Muesli,The Muesli_man72,"RT @Man72Muesli: @ForzaJuveEN This #Morata - #Ronaldo duo with #Arthur #Ramsey looks deadly as well as works deadly . ğŸ’¥ğŸ’¥ğŸ’¥â¤ï¸
#Juventus #ucl",1,
Man72Muesli,The Muesli_man72,"@ForzaJuveEN This #Morata - #Ronaldo duo with #Arthur #Ramsey looks deadly as well as works deadly . ğŸ’¥ğŸ’¥ğŸ’¥â¤ï¸
#Juventus #ucl",1,
DayKooora,KOOORA 4 DAY,"@FCBarcelona @mterstegen1 Live match Streaming ğŸ’¯ #Ø¨Ø«_Ù…Ø¨Ø§Ø´Ø±
#BarÃ§a ğŸ†š #DynamoKiev
Watch here : @DayKooora 
#Chelsea ğŸ†šâ€¦ https://t.co/AinwoB6yB7",0,
Man72Muesli,The Muesli_man72,"@Juvepodcast This #Morata - #Ronaldo duo with #Arthur #Ramsey looks deadly as well as works deadly . ğŸ’¥ğŸ’¥ğŸ’¥â¤ï¸
#Juventus #ucl",0,
DayKooora,KOOORA 4 DAY,"@FCBarcelona @ChampionsLeague Live match Streaming ğŸ’¯ #Ø¨Ø«_Ù…Ø¨Ø§Ø´Ø±
#BarÃ§a ğŸ†š #DynamoKiev
Watch here : @DayKoooraâ€¦ https://t.co/zXloj4UIxl",0,
dbryantmcghee,Bronson Arroyo,"Was #Chiesa giving Ronaldo attitude because he didnâ€™t get the ball on time?? 

Ronaldo and his entourage are goingâ€¦ https://t.co/iDlPInYlsW",0,"Boston, MA"
DayKooora,KOOORA 4 DAY,"@FCBarcelona @ChampionsLeague Live match Streaming ğŸ’¯ #Ø¨Ø«_Ù…Ø¨Ø§Ø´Ø±
#BarÃ§a ğŸ†š #DynamoKiev
Link HD :â€¦ https://t.co/moYMSJbued",0,
Man72Muesli,The Muesli_man72,"RT @Man72Muesli: @juventusfcen @AlvaroMorata @ForzaJuveEN can #Danilo ffs for once pass the ball forward ???? 
Absolutely shit back pass stâ€¦",1,
Man72Muesli,The Muesli_man72,"@juventusfcen @AlvaroMorata @ForzaJuveEN can #Danilo ffs for once pass the ball forward ???? 
Absolutely shit backâ€¦ https://t.co/ap7xCoXwNR",1,
ndha_mella,Ndha.IDFL,#Ferencvaros vs #Juventus Full Match &amp; #Highlights #Replay #UCL 2020 #FerencvarosJuve #JuveUCL #FinoAllaFineâ€¦ https://t.co/HJzse23YYm,0,"@IDFL Sports,Public n Subtitle"
Stevenfr3shh,Made by Da 90's,Was this planned? Lol #ChampionsLeague #barcaDynamo #PSG #Juventus #chelsea https://t.co/wp5SchWd5F,0,
Man72Muesli,The Muesli_man72,"RT @Man72Muesli: @dxewy @arieldalca @ForzaJuveEN can #Danilo ffs for once pass the ball forward ???? 
Absolutely shit back pass style is baâ€¦",1,
Man72Muesli,The Muesli_man72,"@dxewy @arieldalca @ForzaJuveEN can #Danilo ffs for once pass the ball forward ???? 
Absolutely shit back pass stylâ€¦ https://t.co/qrqmFeUtCW",1,
NoronhaSullivan,Sullivan Noronha,This unpronouncable team that #Juventus are playing are actually playing much better than the Italians. Should haveâ€¦ https://t.co/6JLy7rXv33,0,"Goa, India"
MaxSchoech,Maxime Schoech,"@Digo39498003 #Juventus jersey tonight
#FerencvarosJuve #UCL #frosties https://t.co/IJa1yDKH7x",0,"Lyon, France"
Lisa_carson004,Aliz,"#UEFAChampionsLeague 
#UCL 
#Ronaldo 
#Juventus  vs #FerencvarosJuve  live streaming commentary https://t.co/YuMUlH0kH3 via @YouTube",0,"New York, NY"
Lisa_carson004,Aliz,"#UEFAChampionsLeague 
#UCL 

#Juventus  vs #FerencvarosJuve  live streaming commentary https://t.co/YuMUlH0kH3 via @YouTube",0,"New York, NY"
Lisa_carson004,Aliz,#Juventus  vs #FerencvarosJuve  live streaming commentary https://t.co/YuMUlH0kH3 via @YouTube,0,"New York, NY"
Man72Muesli,The Muesli_man72,"RT @Man72Muesli: @Dannn777 @ForzaJuveEN can #Danilo ffs for once pass the ball forward ???? 
Absolutely shit back pass style is back #Pirloâ€¦",1,
Man72Muesli,The Muesli_man72,"RT @Man72Muesli: @IndianRegista @ForzaJuveEN can #Danilo ffs for once pass the ball forward ???? 
Absolutely shit back pass style is back #â€¦",1,
Man72Muesli,The Muesli_man72,"@IndianRegista @ForzaJuveEN can #Danilo ffs for once pass the ball forward ???? 
Absolutely shit back pass style isâ€¦ https://t.co/2ZCi0Y0soZ",1,
Man72Muesli,The Muesli_man72,"@Dannn777 @ForzaJuveEN can #Danilo ffs for once pass the ball forward ???? 
Absolutely shit back pass style is backâ€¦ https://t.co/PPqrhpBtmn",1,
calciofanblogs1,Calcio Fan Blogs,"RT @DanieleLucc: My latest piece on one of my favourite #SerieA players to watch, #DomenicoBerardi. The #Sassuolo attacker looks to be finaâ€¦",13,
cash86821521,Eastcoast picks & parleys,ğŸš¨that dident take long UPDATES #psg 1-0. #Juventus 1-0. #Sevilla cash it ov 1.5 goalsğŸ’° #barca 1-0. https://t.co/zjMV47gVDn,0,"Reading, MA"
quadriinvention,Togetherness,"RT @Bolt_Global: Coronavirus will deny fans a much-anticipated reunion between Cristiano Ronaldo and Lionel Messi, but it will still be a sâ€¦",292,Lagos
alex60494,Alex T ğŸ‡µğŸ‡¹ğŸ‡¨ğŸ‡¦,#UnpopularOpinion #Juventus should go back to their classic kit/logo. So much history washed away when adidas startâ€¦ https://t.co/SJQDrQuOhz,0,Vancouver B.C
calciochat1,Thoughts on Calcio Blog,"Artur dropping deeper with Rabiot to his left and Ramsay to his right, not offering too much. Itâ€™s been a frustratiâ€¦ https://t.co/YwaDQau0ZS",0,
Vitalus916,Vitalus,"#Juventus score !! 

Need one more fellas bring it home 

:... https://t.co/VgvUkd35HR",0,"Sacramento, CA"
ildico1,Rosie Trenta | #bytStrategiNu,"RT @SajidAnNafiew: @AlvaroMorata is really a beast for @juventusfc . Oh sorry! Has always been ğŸ”¥ğŸ”¥ğŸ”¥
#FerencvarosJuve #UCL #Juventus #AlvaroMâ€¦",1,"MalmÃ¶, Sweden"
SajidAnNafiew,S. M. Sajid An Nafiew,"@AlvaroMorata is really a beast for @juventusfc . Oh sorry! Has always been ğŸ”¥ğŸ”¥ğŸ”¥
#FerencvarosJuve #UCL #Juventus #AlvaroMorata",1,"Magura, Bangladesh"
juventina5,Tay,With this many fans in the stadium it almost feel like 2019. #Juventus https://t.co/Gq3r9L5xUn,0,
qmadesignpad,abiodun olanrewaju,"RT @Bolt_Global: Coronavirus will deny fans a much-anticipated reunion between Cristiano Ronaldo and Lionel Messi, but it will still be a sâ€¦",292,lagos
ThePatNasty,qaatil | ğŸº,WERNER GOOOOOAAAAAL!!  ğŸ’° âš½ï¸ ğŸ¥… || #barcelona #DynamoKiev #FerencvarosJuve #Juventus #Sevilla #FCKrasnodar #Chelseaâ€¦ https://t.co/2eUgAAVvRO,0,786 - 757 - 843 - 704
RachitPahwa2,Rachit Pahwa,How many goals for cr7 today ? #Juventus @juvefcdotcom,0,"Brampton, Ontario"
juventina5,Tay,When will #juventus start wearing black and white again?,0,
Man72Muesli,The Muesli_man72,"RT @Man72Muesli: @eMaxStatman @ForzaJuveEN This #Morata - #Ronaldo duo with #Arthur #Ramsey looks deadly as well as works deadly . ğŸ’¥ğŸ’¥ğŸ’¥â¤ï¸
#Jâ€¦",1,
Man72Muesli,The Muesli_man72,"@eMaxStatman @ForzaJuveEN This #Morata - #Ronaldo duo with #Arthur #Ramsey looks deadly as well as works deadly . ğŸ’¥ğŸ’¥ğŸ’¥â¤ï¸
#Juventus #ucl",1,
rossip0tamus,Decomissioned Mail Sorting Machine,"How old is Alvaro Morata?

#UCL #Juventus",0,
Man72Muesli,The Muesli_man72,"@ForzaJuveEN This #Morata - #Ronaldo duo with #Arthur #Ramsey looks deadly as well as works deadly . ğŸ’¥ğŸ’¥ğŸ’¥â¤ï¸
#Juventus #ucl",0,
calciochat1,Thoughts on Calcio Blog,So it looks like Juventus are 4-4-2 without possession with Cuadrado pushing up to make it a back 3 when in possessâ€¦ https://t.co/NkkoKW5m5t,0,
iMadeSatanCum,â„•ğ•šğ•¤ğ•™ â„ğ• ğ•Ÿğ•’ğ•ğ••ğ• âœ¨,"RT @OmairNaeem: Alvaro Morata doing some unreal things in Juventus
#Juventus 
#UCL",1,Singapore
RachitPahwa2,Rachit Pahwa,Thankgod itâ€™s not an offside . #gooooaaaaallll #juventus #FinoAllaFine @AlvaroMorata,0,"Brampton, Ontario"
maxo41,Master Class,"Watch LIVE |#UCL| #Ferencvaros vs #Juventus

https://t.co/j2PtgvK6vX https://t.co/uhUw3EMnl1",0,"Cayes, Haiti"
finoallafineang,ang,Arthur really impressive with the ball #Juventus,0,UofT
OmairNaeem,Omi Mirza,"Alvaro Morata doing some unreal things in Juventus
#Juventus 
#UCL",1,Pakistan
ConJClancy,Conor Clancy,RT @RabbitRabbitOn: That #Juventus kit really is fucking awful,1,"Parma, Emilia Romagna"
Mexe5,Mohamed saleck ğŸŒ¹,"Jeez! Morata can't ship and won't stop!
#UEFAChampionsLeague 
#juventus",0,Chicago 
RabbitRabbitOn,Kev Pogorzelski,That #Juventus kit really is fucking awful,1,Allegedly reside in England
pythaginboots,Pythagoras in Boots (Football Analysis),"RT @pythaginboots: Tactical Profile â€¢ Dejan Kulusevski 

Havertz-like ...rangy and has a delicate eye for a pass (2 key passes PG) but arguâ€¦",3,"Birmingham, England"
RowOC99,Rowan O,"RT @The_TopCorner: âš½ï¸ UCL GOALS SHOW! âš½ï¸

âš½ï¸ The final Matchday until December - with big games including Chelsea v Rennes + RB Leipzig v Pâ€¦",1,
ildico1,Rosie Trenta | #bytStrategiNu,"'Less said about the #Juventus kit the better.' Needless to say, I fully agree with the British commentator. Whoeveâ€¦ https://t.co/QwmMTdaIeB",0,"MalmÃ¶, Sweden"
The_TopCorner,The Sports Corner,"âš½ï¸ WE'RE NOW LIVE! âš½ï¸

âš½ï¸ Haven't got access to the Champions League fixtures? Join us for our goals show, as we coâ€¦ https://t.co/DJaLTNEHGP",0,
SportMobApp,SportMob,Pasquale Bruno: Ronaldo doesn't esteem Juventus players and Italians https://t.co/IuOWH0mAJi #Christiano_ronaldoâ€¦ https://t.co/v3l5yb9O8l,0,"Dubai, United Arab Emirates â¤"
sunshine_srk,ğŸ‘‘SUNNY,"Need a hat -trick today man 
Bang on ğŸ”¥ğŸ”¥ @Cristiano #Juventus",0,
tigawoo19,Michael Tiger.,Let him go RT @footballitalia: #Juventus director Fabio Paratici would not deny Paul Pogba could return to the clubâ€¦ https://t.co/k8VhGK3kQL,0,Nigeria
RowOC99,Rowan O,"âš½ï¸ UCL GOALS SHOW! âš½ï¸

âš½ï¸The final Matchday until December - with big games including Dortmund v Brugge + RB Leipziâ€¦ https://t.co/I35xTGk6AM",0,
NathanCosta101,Nathan Costa,Ronaldo and Morata at it again! #Juventus #UCL,0,"Ontario, Canada"
Sidharth7783,Sidharth Sekhar,"Clearly the cheap #Juventus knock-off jersey is also not working in favour of @paulpogba.
#IBFKvMUN
#UCL 
@ManUtd",0,
footballitalia,footballitalia,We have kick-off in #Ferencvaros v #Juventus ! Liveblog https://t.co/fuARRN5DIi #FerencvarosJuve #UCL https://t.co/tR9kyd7ade,0,
ThePatNasty,qaatil | ğŸº,itâ€™s time!!! ğŸ’° âš½ï¸ ğŸ¥… || #barcelona #DynamoKiev #FerencvarosJuve #Juventus #Sevilla #FCKrasnodar #Chelsea #Rennesâ€¦ https://t.co/uKLEujNyfp,0,786 - 757 - 843 - 704
EmaliKeith,EmalibakersğŸ§ğŸ‚,"RT @footballitalia: #Juventus director Fabio Paratici would not deny Paul Pogba could return to the club, just as Alvaro Morata did. â€˜Itâ€™sâ€¦",3,
LondonsFinestQU,London's Finest,"11.4: Lopsided scorelines galore (Gladbach, Liverpool), Madrid stay alive in Group B, Chelsea v. Rennes, Place Yourâ€¦ https://t.co/9jAK82SHhW",0,
BBobunov,Romes Juventino,Letâ€™s do this!! âšªï¸âš«ï¸ğŸ‡®ğŸ‡¹ğŸ’ª #Juventus,0,
AsuuGeneral,Rabiu Ibrahim Oladapo,"RT @footballitalia: #Juventus director Fabio Paratici would not deny Paul Pogba could return to the club, just as Alvaro Morata did. â€˜Itâ€™sâ€¦",3,"Oyo, Nigeria"
footballitalia,footballitalia,"#Juventus director Fabio Paratici would not deny Paul Pogba could return to the club, just as Alvaro Morata did. â€˜Iâ€¦ https://t.co/WQLsLZaKd6",3,
pauljohnsontog,Paul Johnson Tog ğŸ“¸,Weird watching this game seeing a sizeable crowd #Juventus,0,
403DrWalker,Dr. Walker,Man U are so shitty! Haha. Fire Ol already before Juventus fire Pirlo and grab him or Barca and Koeman. #ManUtdâ€¦ https://t.co/ED7UtH5c47,0,
365Scores,365Scores,At last #CristianoRonaldo is starting his #ChampionsLeague campaign in 2020-21. Will he find the net tonight vsâ€¦ https://t.co/r7ieeWGL2w,0,
Huseyintheman,Huseyin Azmi Uzunoglu,#Ronaldo  Lets Goooo  #Juventus,0,Canada/kÄ±brÄ±s 
BettingMaestr0,The Maestro,"ğŸš¨Collab AlertğŸš¨

@TwoLooney @TootsieCapper and I are going with 

ğŸ’¥Juventus TT O2.5 (+105)ğŸ’¥

#GamblingTwitter #UCL #Juventus",0,"Colorado, USA"
dmburgess85,David Burgess,"My to be booked bet, singles + acca. #UCL #Barcelona #Chelsea #dortmund #Juventus #PSG #Sevilla https://t.co/7SkT5YkUZv",0,"Bristol, United Kingdom"
fd240094ca8149e,Mohamed Zameer,"RT @Juventus_Club19: Cristiano is back!
#CristianoRonaldo #Juventus https://t.co/tseQdCPmvt",6,Colombo
dalelloydb,dale,RT @JusJems: #ManUnited tried using their 3rd kits to trick #pogba into playing like he did for #juventus. Iâ€™m on to yâ€™all #rags,1,Jamaica
dmburgess85,David Burgess,"My anytime goalscorer bet, singles + acca. #UCL #Chelsea #RBLeipzig #Dortmund #Kiev #Juventus #Krasnodar https://t.co/2az2IoLqez",0,"Bristol, United Kingdom"
CalcioMoneyball,Weston McPapi,"We know Weston is - but anybody else ready for a Champions League clash?! 

#USMNT 
#USMcNT
#Juventus https://t.co/QnV05jVuW2",0,
JusJems,J,#ManUnited tried using their 3rd kits to trick #pogba into playing like he did for #juventus. Iâ€™m on to yâ€™all #rags,1,Earth
queen_station,Queen,MILAN (Reuters) - Italian #SerieA champion club #Juventus said it would make its official TV channel available viaâ€¦ https://t.co/BEO5C7XYDI,0,"Concrete Jungle, Tomorrowland"
KieLawler,Kieran,"âš½ï¸ UCL GOALS SHOW! âš½ï¸

âš½ï¸ The final Matchday until December - with big games including Chelsea v Rennes + RB Leipziâ€¦ https://t.co/dYL4xmspnM",0,"England, United Kingdom"
JPS0080,JPS,"Juventusâ€™ playing XI for tonight.. 

#Juventus #ChampionsLeague https://t.co/TJ53xob9HD",0,India
tifosidownunder,Tifosi Down Under,"RT @DanieleLucc: My latest piece on one of my favourite #SerieA players to watch, #DomenicoBerardi. The #Sassuolo attacker looks to be finaâ€¦",13,"Down Under, Australia"
LynqSports,Lynq Sports,Ronaldo is back in #ChampionsLeague action as #Juventus travel to Hungary to square off with #Ferencvaros!â€¦ https://t.co/EU9bsbq8q5,0,"Chicago, IL"
darkkinghjcf,HÃ©ctor CariÃ±o,"RT @JuventusFC_VEN: Link #Ferencvaros ğŸ‡­ğŸ‡º vs #Juventus ğŸ‡®ğŸ‡¹

https://t.co/Y3DCuQ2R6J",1,Cuernavaca/Morelos- Mexico
Lucava99,Luca,#Dybala on the bench. To me it's a good decision because recently he seems quite apathetic and moreover Ramsey giveâ€¦ https://t.co/tRh1vPjiHc,0,
JuventusFC_VEN,Juventus Venezuela ğŸ‡»ğŸ‡ª,"Link #Ferencvaros ğŸ‡­ğŸ‡º vs #Juventus ğŸ‡®ğŸ‡¹

https://t.co/Y3DCuQ2R6J",1,ğ—©ğ—²ğ—»ğ—²ğ˜‡ğ˜‚ğ—²ğ—¹ğ—® ğŸ‡»ğŸ‡ª
Giaco_analytics,Giacomo,"Mister Zauli has released the lineup for todayâ€™s game.
 
#Juventus #ForzaJuve #Under23 https://t.co/zTfl8JAUFn",0,"Villar Perosa, Piemonte"
Route1futbol,RouteOneFootball,Cristiano Ronaldo ğŸ‡µğŸ‡¹ is set to appear in his 18th consecutive Champions League campaign - in the history of the comâ€¦ https://t.co/TqFokoEpnq,0,
Intertops,Intertops,Who will pick up a crucial #ChampionsLeague victory as the group phase continues? https://t.co/5UI9FYULvi #UCLâ€¦ https://t.co/w8nzPR5cR9,0,Antigua
TheCalcioGuys,TheCalcioGuys,"RT @DanieleLucc: My latest piece on one of my favourite #SerieA players to watch, #DomenicoBerardi. The #Sassuolo attacker looks to be finaâ€¦",13,"MontrÃ©al, QuÃ©bec"
Memo03129468,Crypto Memo #LTCâš¡#BTCâš¡,@ChampionsLeague @ManUtd #ManUtd steal #Juventus Home Kit https://t.co/zlpmqJHvNR,0,"Florida, USA"
sr3v__,khalid,"Cristiano is backğŸ”¥ğŸ”¥ 
#CR7 #Juventus https://t.co/gcZpECyUUw",0,Hail
DFS_Richac1,HoldTheDoor_DFS,"RT @FSi_DFS: Monkey Knife Fight #ChampionsLeague Plays!

@mkf ğŸ’ğŸ”ªğŸ‘Š

Goal Rush âš½ï¸âš½ï¸âš½ï¸ - Over 1.5 Goals

Barcelona Match
- Messi
- Tsygankov
-â€¦",3,
TKNation47,TK,"RT @FSi_DFS: Monkey Knife Fight #ChampionsLeague Plays!

@mkf ğŸ’ğŸ”ªğŸ‘Š

Goal Rush âš½ï¸âš½ï¸âš½ï¸ - Over 1.5 Goals

Barcelona Match
- Messi
- Tsygankov
-â€¦",3,"Cleveland, OH"
DayKooora,KOOORA 4 DAY,"Live match Streaming ğŸ’¯ #Ø¨Ø«_Ù…Ø¨Ø§Ø´Ø±
#BarÃ§a ğŸ†š #DynamoKiev
Link HD : https://t.co/FLOFfWbMx1
#Chelsea ğŸ†š #rennes
Link HDâ€¦ https://t.co/mfhmoHzIH6",1,
Yoihenbach13,Yoihenba Chingtham,Just under 45 mins to kick off the new season for Cristiano Ronaldo in Champions league. Hope this will be a memoraâ€¦ https://t.co/2RESICQJp9,0,
SerieASitdown,Serie A Sitdown,"RT @DanieleLucc: My latest piece on one of my favourite #SerieA players to watch, #DomenicoBerardi. The #Sassuolo attacker looks to be finaâ€¦",13,"Milan, Milwaukee & Wash D.C. "
R_Kharman,Richard Kharman,"RT @DanieleLucc: My latest piece on one of my favourite #SerieA players to watch, #DomenicoBerardi. The #Sassuolo attacker looks to be finaâ€¦",13,Washington DC Metro area
ArmydragonDFS,Armydragon,"RT @FSi_DFS: Monkey Knife Fight #ChampionsLeague Plays!

@mkf ğŸ’ğŸ”ªğŸ‘Š

Goal Rush âš½ï¸âš½ï¸âš½ï¸ - Over 1.5 Goals

Barcelona Match
- Messi
- Tsygankov
-â€¦",3,DMV
OfcScotland,Juventus OFC Scotland,What do we think of the lineup tonight? #FinoAllaFine #ForzaJuve  #Juventus https://t.co/g2LuChTnEy,0,
Chadwick991212,Black Panther,"RT @SonySportsIndia: The King ğŸ‘‘. The GOAT ğŸ. Cristiano Ronaldo ğŸ˜

Cr7 returns to the UEFA Champions League, when Ferencvaros host Juventusâ€¦",5,Telidu gurtuledu marchipoya
FSi_DFS,Fantasy Sports Insight,"Monkey Knife Fight #ChampionsLeague Plays!

@mkf ğŸ’ğŸ”ªğŸ‘Š

Goal Rush âš½ï¸âš½ï¸âš½ï¸ - Over 1.5 Goals

Barcelona Match
- Messi
-â€¦ https://t.co/N4HXbSEdcG",3,"Buffalo, WY"
This_is_Salimo,Reincarnated as a Nerd,"Let's Fucking GOOOOOOOOOOOOOOOOOOOOOOOOOOO

#UEFA  #UCL  #Juve  #Juventus https://t.co/8r6sdE89KK",0,Algeria
LeonCRi1,Leon FootballğŸ‡¬ğŸ‡§ğŸ‡¯ğŸ‡²,This Champions League.    Let's go Cristiano Ronaldo and Juventus #uclâ€¯â€¯â€¯ #ChampionsLeague #Juventus,0,
The_TopCorner,The Sports Corner,"âš½ï¸ UCL GOALS SHOW! âš½ï¸

âš½ï¸ The final Matchday until December - with big games including Chelsea v Rennes + RB Leipziâ€¦ https://t.co/nsY4Bel4hc",1,
CoerverWLondon,Coerver West London,"RT @CoerverEW: #UCL Matchday 3 ğŸ™Œ

Which teams will do the business tonight? âš½ï¸âš½ï¸âš½ï¸

Will #Juventus â¬›ï¸â¬œï¸ sneak a win against FerencvÃ¡rosi TCâ€¦",1,West London
cHoPiN2406,Attilio Bartoli,"RT @juvandme: Itâ€™s Time ğŸ’ªğŸ»ğŸ¤ğŸ–¤
@championsleague 
#ferencvarosjuve #JuveUCL
Till The End ğŸ–¤ğŸ¤ğŸ’ªğŸ»

 #juventus https://t.co/U69zVGEDSf",2,"Palermo, Sicilia"
BarOneRacing,Bar One Racing,"ğŸ†™ ğğ‘ğˆğ‚ğ„ ğğğğ’ğ“

ğŸ“Œ Ronaldo to score 2âƒ£ or more goals

â¬†ï¸ 3/1

ğŸ“±ğŸ‘‰ https://t.co/H05xDAJFZo

#UCL #Juventus https://t.co/WkTZ6BQO2H",0,Ireland
Giaco_analytics,Giacomo,"Juventus U23 faces Livorno at the Armando Picchi Arena. 

Do our boys have what it take?

#Juventus #JuventusYouth",0,"Villar Perosa, Piemonte"
MayorofLagos13,the last Airbender,RT @footballitalia: POLL: Who wins #Ferencvaros v #Juventus ? Liveblog https://t.co/fuARRN5DIi #FerencvarosJuve #UCL,1,
footballitalia,footballitalia,POLL: Who wins #Ferencvaros v #Juventus ? Liveblog https://t.co/fuARRN5DIi #FerencvarosJuve #UCL,1,
footballitalia,footballitalia,"Line-ups: #Ferencvaros v #Juventus 

Cristiano Ronaldo and Giorgio Chiellini return to the starting XI for Juventusâ€¦ https://t.co/54sqbxBXge",0,
bongani_saidi,Mtanzania Asiyejua Kiswahili,"RT @bongani_saidi: 1st point number 7: #Ferencvaros v #Juventus 
#Ferencvaros has seen at least 2 goals scored in each of their last 5 gameâ€¦",1,"Dar es Saalam, Tanzania"
Route1futbol,RouteOneFootball,"Ferencvaros and Juventus starting line-ups. 

CR7 ğŸ‡µğŸ‡¹ starts his first game in Champions League this season. âœ…â€¦ https://t.co/cCa0LClKrg",0,
kostadino_tase,TaÅ¡e Kostadino,"Especially for Morata! Ferguson once said that Filippo Inzaghi was born in an offside position, so Morata must haveâ€¦ https://t.co/1l9OWLDOUQ",0,Prague
anapaumaup,Ana Pau MaupomÃ©,"RT @English_AS: Cristiano Ronaldo looking to catch up after time out

#UCL #Juventus 
https://t.co/AXWWT07War",1,WorldWide
Dhanush44707899,Dhanush ğŸ¤ ,"ğŸ˜ğŸ˜ğŸ˜ğŸ˜ King is a back ğŸ’
#UEFA 
#Juventus https://t.co/EFfouvIxP6",0,
RabbitRabbitOn,Kev Pogorzelski,"Any particular reason that #Ferencvaros are playing #Juventus at the Puskas Arena in Budapest, rather than their own stadium?",0,Allegedly reside in England
WorldFootballi,World Football Index,"RT @DanieleLucc: My latest piece on one of my favourite #SerieA players to watch, #DomenicoBerardi. The #Sassuolo attacker looks to be finaâ€¦",13,contact@worldfootballindex.com
NegrescopronosE,Negrescopronos (English),"[04/11/2020]
 USAFE Ticket

â­#Chelsea - #Rennes : Chelsea to Win

 +

â­#Ferencvaros - #Juventus : Juventus to Winâ€¦ https://t.co/T4NPWK2cZF",0,
Cucciolina96251,Cucciolina9625,"RT @GiovaAlbanese: Are you ready? ğŸ†âœ…
#FerencvarosJuve âš½ï¸
ğŸ“² @junews24com ğŸ“º
#Juventus âšªâš« #UCL https://t.co/xdgy8tvfpf",6,
Xeric_Sports,XERIC Sports Management,#USMNT @WMckennie has settled into his role at #Juventus to continue his journey as a professional footballer in aâ€¦ https://t.co/nbV26b6MsC,0,USA
TMLASR,GINO ğŸ‡®ğŸ‡¹,"RT @DanieleLucc: My latest piece on one of my favourite #SerieA players to watch, #DomenicoBerardi. The #Sassuolo attacker looks to be finaâ€¦",13,Canada
Johnnyfishalot,John LaMorte,"RT @DanieleLucc: My latest piece on one of my favourite #SerieA players to watch, #DomenicoBerardi. The #Sassuolo attacker looks to be finaâ€¦",13,
DavidFilms7,DavidFilms,"Â¿Who wins?ğŸ†
#Ferencvaros vs #Juventus
#UCL",0,
TimesNow,TIMES NOW,"RT @timesnowsports: 'Ignorant' Cristiano Ronaldo has no respect for team-mates or Italians: Ex-Juventus star slams CR7

#Ronaldo #Juventusâ€¦",1,India
novibet_uk,novibet UK,"#ChampionsLeague  Acca Promos

#Chelsea #Sebilla #Juventus - 6/4

and/or

#Brugge #Dortmund #Leipzig #PSG - 8/5

Alâ€¦ https://t.co/2blMGRpL7D",0,"London, England"
josue62750183,josue,"RT @AlvaritoMorales: Â¡TOPS! ğŸ”ğŸ”ğŸ”

#ferencvarosvsjuventus #CHAMPIONSxESPN #ChampionsLeague #CR7 #juventus #FerencvarosJuve #espn https://t.coâ€¦",4,
abhishekrkaneri,ğŸ‡®ğŸ‡³ABHISHEK KANERI à¤…à¤­à¤¿à¤·à¥‡à¤• à¤•à¤£à¥‡à¤°à¥€ â€ŒğŸš©,"As a die-hard fan of football, want to see  today #messi 's hattrick against #fcdynamo. I hope it's worth.
 And hapâ€¦ https://t.co/4ghYPnkrlZ",0,
PedroAJA5,PedroAJA,"RT @AlvaritoMorales: Â¡TOPS! ğŸ”ğŸ”ğŸ”

#ferencvarosvsjuventus #CHAMPIONSxESPN #ChampionsLeague #CR7 #juventus #FerencvarosJuve #espn https://t.coâ€¦",4,
VicManDelarosa,VÃ­cktor Manuelle Â©,"RT @AlvaritoMorales: Â¡TOPS! ğŸ”ğŸ”ğŸ”

#ferencvarosvsjuventus #CHAMPIONSxESPN #ChampionsLeague #CR7 #juventus #FerencvarosJuve #espn https://t.coâ€¦",4,MÃ©xico
AlvaritoMorales,Ãlvaro Morales,"Â¡TOPS! ğŸ”ğŸ”ğŸ”

#ferencvarosvsjuventus #CHAMPIONSxESPN #ChampionsLeague #CR7 #juventus #FerencvarosJuve #espn https://t.co/4usuYFVbfB",4,Antiguo pueblo de Mixcoac
mmarcinex,MarcS,"Love it or hate it, itâ€™s ğŸ”¥ #Juventus #Juve #ForzaJuve #FinoAllaFine #humanracefootball #adidas âš½ï¸#adidasfootballâ€¦ https://t.co/EWAIdjmqwj",0,NYC
ssciavilloCdT,ssciavilloCdT,"RT @DanieleLucc: My latest piece on one of my favourite #SerieA players to watch, #DomenicoBerardi. The #Sassuolo attacker looks to be finaâ€¦",13,
Tempobet,Tempobet,ğŸ‡­ğŸ‡ºâš½ğŸ‡®ğŸ‡¹ #UEFA Group G #hungarian team #Ferencvaros host #Italian #champions #Juventus in the #ChampionsLeague #UCLâ€¦ https://t.co/KbIjdZTAAt,0,"London, UK"
timesnowsports,Times Now Sports,"'Ignorant' Cristiano Ronaldo has no respect for team-mates or Italians: Ex-Juventus star slams CR7

#Ronaldoâ€¦ https://t.co/L3RM9KscyC",1,
_MrChase,Andy,"RT @AndySoccerLocks: CHAMPIONS LEAGUE 11/4/20

PARLAY - 2.5 Units (wagered)
Manchester United ML -265
Juventus ML -385
Parlays comes out toâ€¦",1,Think Positive
AndySoccerLocks,Andy,"CHAMPIONS LEAGUE 11/4/20

PARLAY - 2.5 Units (wagered)
Manchester United ML -265
Juventus ML -385
Parlays comes outâ€¦ https://t.co/LzPEBbgjgA",1,"St Louis, MO"
English_AS,AS English,"Cristiano Ronaldo looking to catch up after time out

#UCL #Juventus 
https://t.co/AXWWT07War",1,"Madrid, EspaÃ±a"
CorvoRaffaello,Raffaello Corvo ğŸ’,"RT @juvandme: Itâ€™s Time ğŸ’ªğŸ»ğŸ¤ğŸ–¤
@championsleague 
#ferencvarosjuve #JuveUCL
Till The End ğŸ–¤ğŸ¤ğŸ’ªğŸ»

 #juventus https://t.co/U69zVGEDSf",2,Barletta
macmax22,massimiliano,"RT @Striped_Hearts: De Ligt &amp; Sandro will be back after the international break ğŸ’ªğŸ»ğŸ³ï¸ğŸ´

Whatâ€™s your ideal back 3 and wing backs once these gâ€¦",2,liguria
DanieleLucc,Daniel Lucci,"My latest piece on one of my favourite #SerieA players to watch, #DomenicoBerardi. The #Sassuolo attacker looks toâ€¦ https://t.co/gssS4Qc4pl",13,"Toronto, Ontario"
sports_xplore,XploreSports,"âš½ï¸ Juventus, #Barcelona, #Chelsea play tonight. #UCLMatch Previews...ğŸ‘‡ğŸ‘‡
https://t.co/JbUrW9HsAd

#UCLâ€¦ https://t.co/uwggDEuj5v",0,Pune
soccercapper69,SoccerPicks2020,"Letâ€™s get this money ğŸ’° ğŸ”¥ğŸ’°

#ucl #UCLPredicts #Chelsea #Dortmund #ManchesterUnited #Juventus #money #bet #bettingtips https://t.co/ff5cEaVTVD",0,
ZHollowayyy,Z /\ K,"1. The Foreign Six - Torino no Lazio
https://t.co/X8c3E56z0p #Juventus #Barcelona #RealMadrid #Napoli #Dortmundâ€¦ https://t.co/cARQV3FlOc",0,"Penkridge, England"
shuklasangam,Sangam Shukla,"RT @SonySportsIndia: The King ğŸ‘‘. The GOAT ğŸ. Cristiano Ronaldo ğŸ˜

Cr7 returns to the UEFA Champions League, when Ferencvaros host Juventusâ€¦",5,
GlnChamp5,Champ Chesterfield,"#ErlingHaaland 2 goals +350
#RBLPSG over 3.5 +170
#MoiseKean to score +225
#Angeldimaria to score +280
#PSG +180â€¦ https://t.co/A6iNRz4Jo4",0,Pickcenter Uverse
Bookielink_,Bookielink_,"More https://t.co/g91AL6U4Gi market moves in tonight's #championsleague #betting markets:
#Juventus opened this morâ€¦ https://t.co/i79W29wEF2",0,
CoerverEW,Coerver Eng & Wales,"#UCL Matchday 3 ğŸ™Œ

Which teams will do the business tonight? âš½ï¸âš½ï¸âš½ï¸

Will #Juventus â¬›ï¸â¬œï¸ sneak a win against Ferencâ€¦ https://t.co/Vb8ZRv2hm7",1,"England, United Kingdom"
Zidaneback2J,Zidane come back to Juventus,"Zidane come back to Juventus! #Zidane #Juve #Juventus November 04, 2020 at 06:00PM https://t.co/wIZRDvl8dJ",0,
EuroClubIndex,Euro Club Index,"ANALYSIS: Chance of reaching the #ChampionsLeague knockout phase from Group G:

99.9%â¬†ï¸ğŸ‡ªğŸ‡¸@FCBarcelona (Euro Club Inâ€¦ https://t.co/4sOi2CBIaG",0,"Amsterdam, Netherlands"
juvandme,Juv&me,"Itâ€™s Time ğŸ’ªğŸ»ğŸ¤ğŸ–¤
@championsleague 
#ferencvarosjuve #JuveUCL
Till The End ğŸ–¤ğŸ¤ğŸ’ªğŸ»

 #juventus https://t.co/U69zVGEDSf",2,
Juventissimo90s,ğ“™ğ“¾ğ“¿ğ“®ğ“·ğ“½ğ“²ğ“¼ğ“¼ğ“²ğ“¶ğ“¸,"So what are Juventini thoughts about tonightâ€™s game?

#FerencvarosJuve #FerencvarosJuventus #juventus",0,United Kingdom
ThatFSG,TFSG Chats Shirt,"Doubled over in pain with toothache so vid tonight (double drop tomorrow!)

But instead, with #UCL action tonight -â€¦ https://t.co/ykQlAUi11c",0,
ChathamButler,Chatham Tap Butler,More #ChampionsLeague matches today as the group stage continues! #ManUnited kicks off at 12:55pm followed byâ€¦ https://t.co/v51IHIZGVF,0,"Indianapolis, IN"
ChathamFishers,Chatham Tap Fishers,More #ChampionsLeague matches today as the group stage continues! #ManUnited kicks off at 12:55pm followed byâ€¦ https://t.co/33OYSVCuE5,0,"Fishers, IN"
chathamtap,Chatham Tap,More #ChampionsLeague matches today as the group stage continues! #ManUnited kicks off at 12:55pm followed byâ€¦ https://t.co/pV4tvBMr7D,0,719 Mass Ave Indianapolis
ParmeshSriv,Parmeshwar Srivastava,RT @footballitalia: #Juventus Under 23 captain Raffaele #Alcibiade has tested positive for #COVID19 and the team has entered into fiduciaryâ€¦,1,"Mumbai, India"
SportMobApp,SportMob,Juventus under 23 reported a new positive test of Covid-19 https://t.co/j9uR3LoKtc #Juventus | SportMob https://t.co/tJzCvBZ47y,0,"Dubai, United Arab Emirates â¤"
ParmeshSriv,Parmeshwar Srivastava,RT @footballitalia: Hasan #Salihamidzic reveals #Inter and #Juventus target David #Alaba â€˜can leave #BayernMunich' as the club won't submitâ€¦,7,"Mumbai, India"
DegenerateBs,BS Degenerate Sports,"UEFA Champions League Best Straight play:

Lazio Roma +180

Parlay: Manchester U, Chelsea Juventus all ML +115

- Aâ€¦ https://t.co/D8QwkzSR9Z",0,
StatisticSports,StatisticSports,"""Cristiano Ronaldo is ignorant and has no respect for team-mates"", says former #Juventus ace Pasquale Bruno.

He alâ€¦ https://t.co/o48x5uZdUK",0,
InterClubIndia,Inter Club India ğŸ‡®ğŸ‡³,RT @footballitalia: Hasan #Salihamidzic reveals #Inter and #Juventus target David #Alaba â€˜can leave #BayernMunich' as the club won't submitâ€¦,7,India
djerryjoy,Jerry Joy,"RT @SonySportsIndia: The King ğŸ‘‘. The GOAT ğŸ. Cristiano Ronaldo ğŸ˜

Cr7 returns to the UEFA Champions League, when Ferencvaros host Juventusâ€¦",5,à¤­à¤¾à¤°à¤¤
229TT,TT229,"RT @Official__1xbet: #UEFA

#FerencvarosJuventus

Bet with #1xBet
ğŸ‘‰https://t.co/uWLODguPVc

Use Promo Code ğŸ‘‰5050
to get up to 100â‚¬ on the 1â€¦",1,Benin
Footbal_Match,Football Everyday,"Cristiano Ronaldo is ignorant and has no respect for team-mates, blasts former Juventus ace Bruno in astonishing atâ€¦ https://t.co/gDKVPpKEY7",0,
Official__1xbet,1xbet-inscription.com,"#UEFA

#FerencvarosJuventus

Bet with #1xBet
ğŸ‘‰https://t.co/uWLODguPVc

Use Promo Code ğŸ‘‰5050
to get up to 100â‚¬ on thâ€¦ https://t.co/PpwI9ayTpv",1,PROMO CODE 1XBET ğŸ‘‰5050
DMCbetting,DMC,"RT @DMCbetting: #ChampionsLeague card for 11/4

#ManchesterUnited -1.5 (+120) 
#Lazio ML (+185)
#Juventus -1.5 (-150)
#PSG ML (+175) 
#Boruâ€¦",1,
queen_station,Queen,âœˆï¸ ARRIVAL IN #BUDAPEST | READY FOR #FERENCVÃROS #JUVENTUS https://t.co/d8IsQ8wr9G via @YouTube #CristianoRonaldoâ€¦ https://t.co/eUTiHYxVN9,0,"Concrete Jungle, Tomorrowland"
redire_end,ğŸ“gil,RT @Owl__Kitty: OwlKitty strikes again! #owlkitty #Soccer #football #messi #ronaldo @TeamMessi @Cristiano #cats #psg #Juventus #JuveAtletiâ€¦,532,
LipYPjKg6dXVkhK,ì•„ë¬´ë§ë•ì§ˆê³„ì •,RT @Owl__Kitty: OwlKitty strikes again! #owlkitty #Soccer #football #messi #ronaldo @TeamMessi @Cristiano #cats #psg #Juventus #JuveAtletiâ€¦,532,
dede_soccerboy,Dede Gunawan,RT @footballitalia: Hasan #Salihamidzic reveals #Inter and #Juventus target David #Alaba â€˜can leave #BayernMunich' as the club won't submitâ€¦,7,Jakarta - Indonesia
BrahimKb7,brahim kb7,Tonight ...... #ucl #messi #ronaldo #Cristiano Ronaldo #Messi #FCBarcelona #Juventus https://t.co/sW8JvhIkmZ,0,
Anayaric,Ricardo Anaya,"RT @Juventissimo90s: Its that time again Juventini:

Da Champiooonnnnsss

#juventus #FerencvarosJuve #FerencvarosJuventus

{credit of videoâ€¦",1,
Striped_Hearts,Striped Hearts Apparel,"De Ligt &amp; Sandro will be back after the international break ğŸ’ªğŸ»ğŸ³ï¸ğŸ´

Whatâ€™s your ideal back 3 and wing backs once theâ€¦ https://t.co/kUo3bB5zQP",2,
khilendrasahu77,CR7 FANS,"RT @SonySportsIndia: The King ğŸ‘‘. The GOAT ğŸ. Cristiano Ronaldo ğŸ˜

Cr7 returns to the UEFA Champions League, when Ferencvaros host Juventusâ€¦",5,
mark_osifo,ï£«dbigmark2ï£«Â®,RT @footballitalia: Hasan #Salihamidzic reveals #Inter and #Juventus target David #Alaba â€˜can leave #BayernMunich' as the club won't submitâ€¦,7,Life!!!
nathanjm000,Nathan Middleton,"My #ChampionsLeague Predictions November 4th
#Basaksehir 1 #ManUnited 4
#Zenit 1 #Lazio 1
#Leipzig 0 #PSG 2â€¦ https://t.co/79dEx2euHp",0,"Quincy, MA"
1Potzandpanz,.,"RT @SonySportsIndia: The King ğŸ‘‘. The GOAT ğŸ. Cristiano Ronaldo ğŸ˜

Cr7 returns to the UEFA Champions League, when Ferencvaros host Juventusâ€¦",5,
1tobet,1tobet,"Today's #ChampionsLeague games

#Ferencvaros +950 ğŸ†š #Juventus -385
Draw +520
#Barcelona -1149 ğŸ†š #DynamoKiev +1700
Dâ€¦ https://t.co/zmkfndwPrI",0,
News18Sports,News18 Sports,"#Juventus will take on #Ferencvaros's, who previous opponent, #UjpestFC said that only two of its 25 players producâ€¦ https://t.co/ncB3BP88Ow",0,India
BiancoNero1905,Bianco Nero,"Did you know? Le Matchday stats di UCL 
#Juve #Juventus #FinoAllaFine #ForzaJuve 
https://t.co/jy5NrksUCQ",0,
SonySportsIndia,Sony Sports,"The King ğŸ‘‘. The GOAT ğŸ. Cristiano Ronaldo ğŸ˜

Cr7 returns to the UEFA Champions League, when Ferencvaros host Juventâ€¦ https://t.co/wlb8aX37QP",5,
galihon7,Galihê°ˆë¦¬ Primanda Permana,RT @footballitalia: Hasan #Salihamidzic reveals #Inter and #Juventus target David #Alaba â€˜can leave #BayernMunich' as the club won't submitâ€¦,7,Hogwarts Wizarding School
ParimatchIndia,Parimatch India,"#Juventus is back in action tonight against FerencvÃ¡ros in #ChampionsLeague
With @Cristiano back in the squad for tâ€¦ https://t.co/eJCkTGwyAF",0,India
Agyeiboadi2,I LV MY MUM,RT @footballitalia: Hasan #Salihamidzic reveals #Inter and #Juventus target David #Alaba â€˜can leave #BayernMunich' as the club won't submitâ€¦,7,GHANA(KUMASI)
AnassIb97692985,Anass Ibrahim,RT @footballitalia: Hasan #Salihamidzic reveals #Inter and #Juventus target David #Alaba â€˜can leave #BayernMunich' as the club won't submitâ€¦,7,
JaneRavv,Raphael J.,"RT @Bolt_Global: Coronavirus will deny fans a much-anticipated reunion between Cristiano Ronaldo and Lionel Messi, but it will still be a sâ€¦",292,
KansasGambler,HackingAwayTom,"Soccer Parlay!!
1 Unit @ -107 Bovada
Juventus ML
Barcelona TT O1.5
Krasnodar TT U1.5
Reading vs Preston O.75
Chelseâ€¦ https://t.co/Cd6FGYl70S",0,USA
footballitalia,footballitalia,Hasan #Salihamidzic reveals #Inter and #Juventus target David #Alaba â€˜can leave #BayernMunich' as the club won't suâ€¦ https://t.co/Gn0zjN7Rmt,7,
RizzoMB,Michael Rizzo,@juvefcdotcom If thatâ€™s the line-up itâ€™s the best #Juventus can field. ğŸ‘,0,"Historic Kittanning, Pa"
199Football,Louis â–‘Vâ–‘Aâ–‘Pâ–‘ Gaal,"Some other Lotto kinky beauties.

#footballshirts #footballjerseys #footballkits #maillotfoot #lotto @lottosportâ€¦ https://t.co/wTqqHsWCts",0,
Route1futbol,RouteOneFootball,"ğŸ™@FabrizioRomano on @podcastherewego: ""Manchester City signed a fantastic player in Ferran Torres ğŸ‡ªğŸ‡¸, they are convâ€¦ https://t.co/adq1WgSyNj",0,
sportlegends2,sport legends,"Snap : sportlegends 
#LigueDesChampions #UEFAChampionsLeague #foot #Champions #rennes #KRasnodar #LazioBVBâ€¦ https://t.co/WqTZXhYGmN",0,
nicoledanii_,nicole ğŸ‡¨ğŸ‡´,"RT @365Scores: #CristianoRonaldo is all set and ready for his first #ChampionsLeague appearance of the season ğŸ¤© 

#CR7 #Cristiano #Ronaldoâ€¦",2,"Georgia, USA"
365Scores,365Scores,"#CristianoRonaldo is all set and ready for his first #ChampionsLeague appearance of the season ğŸ¤© 

#CR7 #Cristianoâ€¦ https://t.co/uyI3k3wiDq",2,
Mottos18,Mottos,"RT @romeoagresti: #Juventus: #Chiellini in gruppo // Chiellini with the group 3ï¸âƒ£âšªï¸âš«ï¸
 
ğŸ† #FerencvarosJuve
ğŸ“± @Goalitalia https://t.co/gFzxnâ€¦",61,Egypt
Forebet,Forebet,"Tonight, #Ferencvaros host #Juventus at the Puskas Arena in Group G of the #ChampionsLeague, as the visitors look tâ€¦ https://t.co/rtNBAc4Dfg",0,
alesalis,Manic Music,"@officialpes @juventusfc @juventusfcen amazing bicycle kick goal  from @Cristiano
#pes20 #CristianoRonaldoâ€¦ https://t.co/bnsWRpzast",0,"London, England"
The_TopCorner,The Sports Corner,"âš½ï¸ UCL GOALS SHOW! âš½ï¸

âš½ï¸ The final Matchday until December - with big games including Chelsea v Rennes + RB Leipziâ€¦ https://t.co/7my1wiMkZ2",0,
Jaskira49040673,Jaskirat,"RT @SonySportsIndia: Ronaldo and Messi playing on the same night ğŸ˜° Which ğŸ will you see in action? ğŸ˜

When GOATs are playing, we definitelyâ€¦",2,India
JuventusRuling,JRC,RT @AN_Juventino: When VAR rules out a Morata goal tonight... #Juventus #UCL https://t.co/EOiA7ZLoFs,1,Alien / Bot
AN_Juventino,ğŸ¤ Andrea ğŸ–¤,When VAR rules out a Morata goal tonight... #Juventus #UCL https://t.co/EOiA7ZLoFs,1,Malta
bettingtips_eu,Football Betting tips EU,"Time to make moneeeeyyy
Contact us now to know more 
#juventus #messi #InterReal #ramos #hazard #edenhazard #rmaâ€¦ https://t.co/9L1fCRjKOl",0,
Juventissimo90s,ğ“™ğ“¾ğ“¿ğ“®ğ“·ğ“½ğ“²ğ“¼ğ“¼ğ“²ğ“¶ğ“¸,"Its that time again Juventini:

Da Champiooonnnnsss

#juventus #FerencvarosJuve #FerencvarosJuventus

{credit of viâ€¦ https://t.co/kbLrPV1YiF",1,United Kingdom
recoba1974,ã¾ã£ã¤ã‚“,RT @footballitalia: Wednesday's Italian #Calcio headlines in English https://t.co/GSeA5INDzz #FCIM #RealMadrid #Atalanta #LFC #Juventus #Laâ€¦,9,å¤§é˜ªåºœ
JuveCristiano,Juve Cristiano,"POKER INCOMING!!!! âš½ï¸âš½ï¸âš½ï¸âš½ï¸

#Juventus #Juve #UCL https://t.co/wC48rG75VK",0,
footballitalia,footballitalia,#Juventus Under 23 captain Raffaele #Alcibiade has tested positive for #COVID19 and the team has entered into fiducâ€¦ https://t.co/d0h4er3fWz,1,
mohamdamine11,mohamdamine [â­•],"RT @GiovaAlbanese: Are you ready? ğŸ†âœ…
#FerencvarosJuve âš½ï¸
ğŸ“² @junews24com ğŸ“º
#Juventus âšªâš« #UCL https://t.co/xdgy8tvfpf",6,LaÃ¢youne-Boujdour-Sakia El Ham
Juvenile99OG,RickGrimesStanğŸ’€ğŸ”«,Completely forgot Uvay is playing tonight. I cant pronounce the other teams name so I guess we are gonna win #Juventus #UCL,0,Somewhere on Earth 
DiSidelines,from_di_sidelines,"First Champion league game this season ğŸ“¶
#CristianoRonaldo 
#ChampionsLeague
#UCL 
#juventus https://t.co/YsIUBevszV",0,Jamaica
StefaniaStefyss,Stefania â¤ï¸âšªâš«,RT @StefanoDePonte: @ChampionsLeague @juventusfcen ğŸ”ğŸ”ğŸ” The return of the King. ğŸ¤ğŸ–¤ğŸ’ªğŸ’ªğŸ’ªğŸ’£ ğŸ‘Œ @Cristiano #Ronaldo #FinoAllaFine #ForzaJuve #Juvenâ€¦,1,
aboxod_i,Abdullah,"RT @pythaginboots: Tactical Profile â€¢ Dejan Kulusevski 

Havertz-like ...rangy and has a delicate eye for a pass (2 key passes PG) but arguâ€¦",3,Abu dhabi
AmerWaseem6,Amer Waseem.,"RT @pythaginboots: Tactical Profile â€¢ Dejan Kulusevski 

Havertz-like ...rangy and has a delicate eye for a pass (2 key passes PG) but arguâ€¦",3,
ScouttJersey,scoutt's jersey,"No one is left out 
Get your under age jerseys @ScouttJersey 

#LaLigaSantander  #LaLiga 
#EPL  #Below10  #Footballâ€¦ https://t.co/CymoVUzIZG",0,Trasacco Estate
tohadidas,Toha Oseni,RT @footballitalia: #Spezia striker Emmanuel #Gyasi has revealed what #CristianoRonaldo told him after Sundayâ€™s game against #Juventus httpâ€¦,1,
pythaginboots,Pythagoras in Boots (Football Analysis),"Tactical Profile â€¢ Dejan Kulusevski 

Havertz-like ...rangy and has a delicate eye for a pass (2 key passes PG) butâ€¦ https://t.co/AhhqOIGRIk",3,"Birmingham, England"
Moha11ba,Moha â™›ğŸ‹ï¸â€â™‚ï¸,"Same character, same performance, same flexibility, scoring ...
Age is just a number for CR7 â™¥ï¸ğŸ”¥
#RealMadridâ€¦ https://t.co/SEtv9XEiS4",0,ÙŠÙˆØ§Ø§Ø¯ Ù‚ÙˆÙ… ÙŠÙˆØ§Ø§Ø¯
footballitalia,footballitalia,#Spezia striker Emmanuel #Gyasi has revealed what #CristianoRonaldo told him after Sundayâ€™s game against #Juventusâ€¦ https://t.co/nVvdA2d7SV,1,
Freshtip1,Freshtip,"RT @melbet_ng: UEFA Champions League

Enjoy 200% welcome bonus on your first deposit, Best odds boost, fast payout fund.

Bet with https://â€¦",3,"Ibadan, Nigeria"
BettingKick,Betting Kick,"âš½ï¸ FERENCVAROS vs JUVENTUS PREDICTION
ğŸ“° Team news #JuveUCL #Juve #juventus
âš”ï¸ Head-to-head record #ChampionsLeagueâ€¦ https://t.co/0ftGapmUxR",0,"London, England"
229TT,TT229,"RT @1xbet_Sports: #UEFA

#FerencvarosJuventus

Bet with #1xBet
ğŸ‘‰https://t.co/qvwHxWYgCn

Use Promo Code ğŸ‘‰5050
to get up to 100â‚¬ on the 1stâ€¦",1,Benin
1xbet_Sports,code promo 1xbet: 5050,"#UEFA

#FerencvarosJuventus

Bet with #1xBet
ğŸ‘‰https://t.co/qvwHxWYgCn

Use Promo Code ğŸ‘‰5050
to get up to 100â‚¬ on thâ€¦ https://t.co/qcx4ywPrCa",1,CODE PROMO 1XBET  ğŸ‘‰5050
343Sportz,343sportz,"RT @melbet_ng: UEFA Champions League

Enjoy 200% welcome bonus on your first deposit, Best odds boost, fast payout fund.

Bet with https://â€¦",3,Lagos. New Delhi. Paris. 
e_loter,Guy Esekon H Loter,"RT @livescore: The Top 10 most valuable players born in the 21st Century ğŸ’µğŸ’°ğŸ¤‘
 
Any surprises? ğŸ¤·â€â™‚ï¸

#BayernMunich #BVB #FCB #MUFC #MCFC #AFâ€¦",1,"Lodwar, Turkana County, Kenya"
ShirtShackFooty,Shirt Shack Football,"Another massive night of games in the Champions League, are there any shocks on the cards? ğŸ‡ªğŸ‡º

#shirtshackfootballâ€¦ https://t.co/AfW6yzbd4l",0,United Kingdom
eddytood,Eddy Sharma,"@Dream11 is a shit
Still no Ronaldo's gameğŸ˜ ğŸ˜ 
#Dream11 #Juventus #Ronaldo 
Worst app for football fantasy https://t.co/pTDYO7glOG",0,
God61284517,God,"RT @SonySportsIndia: Ronaldo and Messi playing on the same night ğŸ˜° Which ğŸ will you see in action? ğŸ˜

When GOATs are playing, we definitelyâ€¦",2,India
SonySportsIndia,Sony Sports,"Ronaldo and Messi playing on the same night ğŸ˜° Which ğŸ will you see in action? ğŸ˜

When GOATs are playing, we definitâ€¦ https://t.co/DEwUPgG2wH",2,
PSG24hours,PSG en Direct ğŸŒ,"RT @melbet_ng: UEFA Champions League

Enjoy 200% welcome bonus on your first deposit, Best odds boost, fast payout fund.

Bet with https://â€¦",3,Parc des Princes
melbet_ng,MELBET NIGERIA,"UEFA Champions League

Enjoy 200% welcome bonus on your first deposit, Best odds boost, fast payout fund.

Bet withâ€¦ https://t.co/mEaXg4t7b3",3,Nigeria
HydTimes,Hyderabad Times,".@Cristiano back to the grind 

#CristianoRonaldo #Footballer #Juventus #practice https://t.co/aKXqsg0irk",0,Hyderabad
StefanoDePonte,Stefano De Ponte,@ChampionsLeague @juventusfcen ğŸ”ğŸ”ğŸ” The return of the King. ğŸ¤ğŸ–¤ğŸ’ªğŸ’ªğŸ’ªğŸ’£ ğŸ‘Œ @Cristiano #Ronaldo #FinoAllaFine #ForzaJuve #Juventus #UCL,1,"Mariglianella, Campania"
Bet2winNigeria,Bet2Win Nigeria,"Waiting for #Ferencvaros â€” #Juventus game tonight? 
Bet and win now: https://t.co/g3xgEcRjC6 https://t.co/lp2mILcXkq",0,
Jospimo,Osilojo opeyemi,"RT @ParimatchNG: After the loss to #Barca in #UCL game week 2, #Juventus would hope for all 3 points against Ferencvaros. 

The return of #â€¦",2,"Lagos, Nigeria"
Henrikachi,Dikachi,"RT @ParimatchNG: After the loss to #Barca in #UCL game week 2, #Juventus would hope for all 3 points against Ferencvaros. 

The return of #â€¦",2,
ParimatchNG,Parimatch Nigeria,"After the loss to #Barca in #UCL game week 2, #Juventus would hope for all 3 points against Ferencvaros. 

The retuâ€¦ https://t.co/baMQfbfpY3",2,
Footbal_Match,Football Everyday,"Cristiano Ronaldo not inclined to stay at Juventus after deal ends due to â€˜unromanticâ€™ relationship with club
.
.
.â€¦ https://t.co/K9xj9bvZ1x",0,
Footballgoal20,Football goals,"Pogba First Goal in #UCL #Juventus #ForzaJuve 
https://t.co/H2kNoTiOfd",0,
AstraLaMMB1,Simeon AstraLa,"RT @footballitalia: POLL: Who wins #Ferencvaros v #Juventus 
https://t.co/lTypo6gzcV 
#UCL #FerencvarosJuventus #FerencvarosJuve",3,
Gabbymartial14,Gabby Martial@14,"RT @footballitalia: Probable line-ups: #Ferencvaros v #Juventus 

Juventus coach Andrea Pirlo will have veterans Cristiano Ronaldo and Giorâ€¦",1,
habibmohammed09,HABIB A.MOHAMMED,"RT @footballitalia: POLL: Who wins #Ferencvaros v #Juventus 
https://t.co/lTypo6gzcV 
#UCL #FerencvarosJuventus #FerencvarosJuve",3,Ghana
PSG24hours,PSG en Direct ğŸŒ,"RT @ExtratipsC: ğŸ”¥ #UCLfixtures ğŸ˜

ğŸ˜ Predict 3âƒ£ home wins ğŸ‘‡

âš½ï¸ #IBFKvMUN 
âš½ï¸ #ZenitLazio
âš½ï¸ #BarcelonaDynamo
âš½ï¸ #CHEREN 
âš½ï¸ #CLUBVB
âš½ï¸ #Ferâ€¦",1,Parc des Princes
footballitalia,footballitalia,"POLL: Who wins #Ferencvaros v #Juventus 
https://t.co/lTypo6gzcV 
#UCL #FerencvarosJuventus #FerencvarosJuve",3,
ExtratipsC,extratips.com,"ğŸ”¥ #UCLfixtures ğŸ˜

ğŸ˜ Predict 3âƒ£ home wins ğŸ‘‡

âš½ï¸ #IBFKvMUN 
âš½ï¸ #ZenitLazio
âš½ï¸ #BarcelonaDynamo
âš½ï¸ #CHEREN 
âš½ï¸ #CLUBVBâ€¦ https://t.co/jzf4OCDvot",1,
footballitalia,footballitalia,"Probable line-ups: #Ferencvaros v #Juventus 

Juventus coach Andrea Pirlo will have veterans Cristiano Ronaldo andâ€¦ https://t.co/tbkeeq6NxF",1,
livescore,LiveScore,"ğŸ“° RUMOUR HAS IT: 

Messi wants #Barcelona exit with #InterMilan circling ğŸ‡¦ğŸ‡·ğŸ‘‹

#Juventus are keen on Haaland ğŸ‡³ğŸ‡´ğŸ”¥

Erâ€¦ https://t.co/TwfVC9rZLT",0,URL
News18Sports,News18 Sports,"#Juventus, #Chelsea, #ManchesterUnited, #Sevilla, #Barcelona, #PSG will in action in the in theâ€¦ https://t.co/BBJjD6zWXy",0,India
ParmeshSriv,Parmeshwar Srivastava,RT @footballitalia: #Juventus loanee Mattia De Sciglio believes he could have been useful at the Allianz Stadium this season. â€˜Iâ€™m convinceâ€¦,1,"Mumbai, India"
tifosidownunder,Tifosi Down Under,"RT @tifosidownunder: After a disappointing first night for Serie A sides, matchday 3 continues tonight. This time itâ€™s Lazio and Juventusâ€™â€¦",2,"Down Under, Australia"
MarkyTwainy,Marky Twainy,RT @footballitalia: Wednesday's Italian #Calcio headlines in English https://t.co/GSeA5INDzz #FCIM #RealMadrid #Atalanta #LFC #Juventus #Laâ€¦,9,
marinapolitano9,Maria Grazia,"RT @MonkeyPills: #Sport 

Will you hold Chiesaâ€™s heredity? Iâ€™m not him, Iâ€™m JosÃ© Maria Callejon! ğŸ’œğŸ’œ

#Fiorentina #Juventus #Calciomercato #â€¦",5,"Milano, Lombardia"
betyetughana,BetYetu_Ghana,"Champions League continues today. 
Join the Money Back Promo if one game is lost in your Multi  Bet.

BET NOW
Playâ€¦ https://t.co/4nsvEsZ9X0",0,"Accra, Ghana"
bongani_saidi,Mtanzania Asiyejua Kiswahili,"1st point number 7: #Ferencvaros v #Juventus 
#Ferencvaros has seen at least 2 goals scored in each of their last 5â€¦ https://t.co/2GoroPwJNT",1,"Dar es Saalam, Tanzania"
InterClubIndia,Inter Club India ğŸ‡®ğŸ‡³,RT @footballitalia: Wednesday's Italian #Calcio headlines in English https://t.co/GSeA5INDzz #FCIM #RealMadrid #Atalanta #LFC #Juventus #Laâ€¦,9,India
the12thmanuk,The 12th Man,Some kit picks from the Champions League games tonight. All these available and more ! Message for more detailsâ€¦ https://t.co/xZ4YcjVhOX,0,
livescore,LiveScore,"The Top 10 most valuable players born in the 21st Century ğŸ’µğŸ’°ğŸ¤‘
 
Any surprises? ğŸ¤·â€â™‚ï¸

#BayernMunich #BVB #FCB #MUFCâ€¦ https://t.co/Qi8LVdOymP",1,URL
footballitalia,footballitalia,#Juventus loanee Mattia De Sciglio believes he could have been useful at the Allianz Stadium this season. â€˜Iâ€™m convâ€¦ https://t.co/KxZt7im2QO,1,
ESport_Bet,Easysportbet,"#Championsleague best #betting odds:
#FCBarcelona 1.10 / X 15 / #DynamoKiev 38
#RBLeipzig 2.5 / X 3.6 / #PSG 3.0â€¦ https://t.co/lFQhluCnoW",0,CuraÃ§ao
jonhwick8898520,John wick,"RT @betyetughana: Real Madrid really needed this win to move from the bottom of the group.

BET NOW
Play hereğŸ‘‰ https://t.co/rceiYva7DR
Joinâ€¦",2,World
Tr0WbacK,FinoAllaFine,"â•MATCHDAY ğŸ‘‡ğŸ¼
ğŸ‡ªğŸ‡º #ChampionsLeague
âš½ #FerencvarosJuventus 
ğŸŸï¸ #GroupamaArena 
ğŸ•’ 21.00 

#FinoAllaFine forza #Juventus https://t.co/MHW5JlExvB",0,
PSG24hours,PSG en Direct ğŸŒ,"RT @betyetughana: Real Madrid really needed this win to move from the bottom of the group.

BET NOW
Play hereğŸ‘‰ https://t.co/rceiYva7DR
Joinâ€¦",2,Parc des Princes
PSG24hours,PSG en Direct ğŸŒ,"RT @gamepulz: Schedule of this week's supported games âš½âš½âš½ğŸ†
https://t.co/xZxX3NghWT
#ChampionsLeague #RealMadrid #internazionale #leipzig #Pâ€¦",1,Parc des Princes
betyetughana,BetYetu_Ghana,"Real Madrid really needed this win to move from the bottom of the group.

BET NOW
Play hereğŸ‘‰â€¦ https://t.co/OY4IrtwhJA",2,"Accra, Ghana"
angiuoniluigi,angiuoniluigi,"RT @FInfodata: ğŸ‡®ğŸ‡¹ Front page of #Gazzetta
ğŸ“° 2020-11-04

 #edicola #primapagina #Juventus #Inter #Milan #Roma #Napoli #Lazio https://t.co/eiâ€¦",1,"Mercato San Severino, Campania"
angiuoniluigi,angiuoniluigi,"RT @FInfodata: ğŸ‡®ğŸ‡¹ Front page of #Corsport
ğŸ“° 2020-11-04

 #edicola #primapagina #Juventus #Inter #Milan #Roma #Napoli #Lazio https://t.co/p7â€¦",1,"Mercato San Severino, Campania"
angiuoniluigi,angiuoniluigi,"RT @FInfodata: ğŸ‡®ğŸ‡¹ Front page of #Tuttosport
ğŸ“° 2020-11-04

 #edicola #primapagina #Juventus #Inter #Milan #Roma #Napoli #Lazio https://t.co/â€¦",1,"Mercato San Severino, Campania"
noeanzz,Noemi Anzaldi,tonightğŸ¤ğŸ–¤ #Juventus,0,"Piemonte, Italia"
Alessandra_PD10,_alessandra.xâšªâš«,"Vincere.âšªâš«

#Juventus #FinoAllaFine #FerencvarosJuve #ChampionsLeague https://t.co/uYZzoTA3lx",0,"Gallipoli, Puglia"
GoalooSports,goaloo.co,"See this man's back in UCL tonight.ğŸ‘‡
#Ronaldo #ChampionsLeague #Juventus #FerencvarosJuventus https://t.co/XBKTP9ODqM",0,å°åº¦å°¼è¥¿äºš
JCI_Pekanbaru,Juventini Pekanbaru,RT @footballitalia: Sky Sport Italia reports Giorgio Chiellini will return to the starting line-up when #Juventus play #Ferencvaros in Hungâ€¦,4,Pekanbaru
gamepulz,GamePulz.com,"Schedule of this week's supported games âš½âš½âš½ğŸ†
https://t.co/xZxX3NghWT
#ChampionsLeague #RealMadrid #internazionaleâ€¦ https://t.co/zr1sS6sUe6",1,
KyroSports,Kyro Sports,"Real Madrid 3-2 Inter Milan: 3 things we learned, Champions League 2020-21 
.
.
.
https://t.co/bn76qp6FMY 
.
.
.â€¦ https://t.co/MEyhO3gvbs",0,"New Delhi, India"
footballitalia,footballitalia,"Liveblog: #UCL Wednesday build-up 

Follow and take part in the build-up ahead of #ZenitLazio andâ€¦ https://t.co/Sb0PYGb9zv",0,
CalcioNews24,CalcioNews24.com,"RT @GiovaAlbanese: Are you ready? ğŸ†âœ…
#FerencvarosJuve âš½ï¸
ğŸ“² @junews24com ğŸ“º
#Juventus âšªâš« #UCL https://t.co/xdgy8tvfpf",6,Italy
junews24com,JuventusNews24.com,"RT @GiovaAlbanese: Are you ready? ğŸ†âœ…
#FerencvarosJuve âš½ï¸
ğŸ“² @junews24com ğŸ“º
#Juventus âšªâš« #UCL https://t.co/xdgy8tvfpf",6,"Torino, Piemonte"
GiovaAlbanese,Giovanni Albanese,"Are you ready? ğŸ†âœ…
#FerencvarosJuve âš½ï¸
ğŸ“² @junews24com ğŸ“º
#Juventus âšªâš« #UCL https://t.co/xdgy8tvfpf",6,Torino
footballitalia,footballitalia,RT @footballitalia: Wednesday's Italian #Calcio headlines in English https://t.co/GSeA5INDzz #FCIM #RealMadrid #Atalanta #LFC #Juventus #Laâ€¦,9,
Karangu52869517,Karangupta,"EVERYONE NEED TO LOOK AT THIS
WHY CRISTIANO GAME IQ is mad high #CR7 #Juventus

https://t.co/1H8ZD1l5tM",0,
wikiclan1,Martin,"RT @KlipDraw: Another thorough #tacticalanalysis by @ScrutinyVideo and @Hatrix360, looking at #Juventus vs #Barcelona and using KlipDraw toâ€¦",2,
olivia_jo_jo,Olivia Jo,"@ChampionsLeague Match Day ğŸ”¥ 

#UCL #Juventus #ManUnited #Ä°stanbul #Barcelona #dynamojuve #FerencvarosJuveâ€¦ https://t.co/j9mrfpB4t3",0,US
legendsilver,FARMER,"RT @am_spotlight: I am happy to score this wonderful goal for my team.
#SkySport #CristianoRonaldo #CR7 #messi #Neymar #LaLiga 
#PremierLeaâ€¦",2,LASGIDI
goaloong,Goaloong.net,"UEFA #ChampionsLeague - #Ferencvarosi TC VS #Juventus
â°Kick off: 4-11-2020 21:00 Wednesday
ğŸ“¢Pick: Juventus -1.75
Liâ€¦ https://t.co/5F5r7vwB1Z",0,
balogh_tommy,Tommy Balogh,I really realky hope @Fradi_HU take the game to #Juventus and have a fed inkum crack at them. We have nothing to loâ€¦ https://t.co/cLW3zKCjT0,0,
goalooin_live,GoalooIN,"âš½ï¸UEFA Champions League

â°Match Timeï¼š5/11/2020 01:30 (GMT+5.5)

ğŸ’¡Prediction

Ferencvarosi TC VS Juventus: 1-3

Seviâ€¦ https://t.co/l5wZdR0GMp",0,India
sports_xplore,XploreSports,"âš½ï¸ Liverpool and #BayernMunich run riot in #ChampionsLeague as #RealMadrid edge #InterMilan.
ğŸ¯Full Match Report..Joâ€¦ https://t.co/RoPEetNfZ9",0,Pune
mark_osifo,ï£«dbigmark2ï£«Â®,RT @footballitalia: Wednesday's Italian #Calcio headlines in English https://t.co/GSeA5INDzz #FCIM #RealMadrid #Atalanta #LFC #Juventus #Laâ€¦,9,Life!!!
boshaalgan,âš½Ø§Ù„Ù…Ø´Ø¨ÙˆÙ‡âœŒâœŒ,"RT @romeoagresti: #Juventus: #Chiellini in gruppo // Chiellini with the group 3ï¸âƒ£âšªï¸âš«ï¸
 
ğŸ† #FerencvarosJuve
ğŸ“± @Goalitalia https://t.co/gFzxnâ€¦",61,alex
SMLigue1,Sports Mole Ligue 1,Wednesday's Champions League predictions including Istanbul vs. Manchester United https://t.co/a8N8u9GCbv #mufcâ€¦ https://t.co/Vw35mImKJm,0,
JCIndonesia,Juventini Indonesia,RT @footballitalia: Sky Sport Italia reports Giorgio Chiellini will return to the starting line-up when #Juventus play #Ferencvaros in Hungâ€¦,4,Indonesia
Kraide2,Kraide...,"RT @SonyLIV: Matchday - 3 kicked off on a crazy note last night ğŸ”¥
3âƒ£5âƒ£ - Goals Scored 

More action coming your way tonight, LIVE on #SonyLâ€¦",2,
kar33m_a,@__A Tonga,"RT @FabrizioRomano: Juventus director Fabio Paratici to @SkySport: ""We're in talks to extend Paulo Dybala's contract. He wants to stay andâ€¦",749,"Kaduna, Nigeria"
CGTN_Sports,Yuan Guan,"RT @CGTNSportsScene: âš½ï¸#FCBarcelona trained ahead of their #ChampionsLeague match at home to #Dynamo Kyiv.

âš½ï¸Gerard #Pique is available afâ€¦",1,"åŒ—äº¬, ä¸­åäººæ°‘å…±å’Œå›½"
PSG24hours,PSG en Direct ğŸŒ,"RT @SonyLIV: Matchday - 3 kicked off on a crazy note last night ğŸ”¥
3âƒ£5âƒ£ - Goals Scored 

More action coming your way tonight, LIVE on #SonyLâ€¦",2,Parc des Princes
CGTNSportsScene,CGTN Sports Scene,"âš½ï¸#FCBarcelona trained ahead of their #ChampionsLeague match at home to #Dynamo Kyiv.

âš½ï¸Gerard #Pique is availableâ€¦ https://t.co/93O9UHPZ8o",1,"åŒ—äº¬, ä¸­åäººæ°‘å…±å’Œå›½"
SonyLIV,SonyLIV,"Matchday - 3 kicked off on a crazy note last night ğŸ”¥
3âƒ£5âƒ£ - Goals Scored 

More action coming your way tonight, LIVâ€¦ https://t.co/WGCKCvLcrw",2,India
FInfodata,FootBallâš½ï¸InfoData ğŸŒ,"ğŸ‡®ğŸ‡¹ Front page of #Gazzetta
ğŸ“° 2020-11-04

 #edicola #primapagina #Juventus #Inter #Milan #Roma #Napoli #Lazio https://t.co/eike3u2C1e",1,"New York, USA"
FInfodata,FootBallâš½ï¸InfoData ğŸŒ,"ğŸ‡®ğŸ‡¹ Front page of #Corsport
ğŸ“° 2020-11-04

 #edicola #primapagina #Juventus #Inter #Milan #Roma #Napoli #Lazio https://t.co/p7Wce80mG0",1,"New York, USA"
FInfodata,FootBallâš½ï¸InfoData ğŸŒ,"ğŸ‡®ğŸ‡¹ Front page of #Tuttosport
ğŸ“° 2020-11-04

 #edicola #primapagina #Juventus #Inter #Milan #Roma #Napoli #Lazio https://t.co/vKTaEhVRNY",1,"New York, USA"
FootTheBall,FootTheBall,"RT @FootTheBall: ğŸ›¸He actually can FLY!! @Cristiano 
#Cristiano #Ronaldo #Juventus #Juve #RealMadrid #MUFC
https://t.co/jrDXEGRz2Y",1,Locker Room
FootTheBall,FootTheBall,"RT @FootTheBall: You BETCHA! ğŸğŸğŸ
#Cristiano #Ronaldo #juventus #Juve #SerieA #football https://t.co/I0FHsitQYb",1,Locker Room
DMCbetting,DMC,"#ChampionsLeague card for 11/4

#ManchesterUnited -1.5 (+120) 
#Lazio ML (+185)
#Juventus -1.5 (-150)
#PSG ML (+175â€¦ https://t.co/qNzCSv0YYU",1,
CGTN_Sports,Yuan Guan,RT @CGTNSportsScene: âš½ï¸#CristianoRonaldo shared a joke with his teammates in training on Tuesday as #Juventus prepared for their UEFA #Chamâ€¦,1,"åŒ—äº¬, ä¸­åäººæ°‘å…±å’Œå›½"
CGTN_Sports,Yuan Guan,"RT @CGTNSportsScene: ""We have been working hard after that match and we'll keep working to improve.""

-Andrea #Pirlo said #Juventus' loss tâ€¦",1,"åŒ—äº¬, ä¸­åäººæ°‘å…±å’Œå›½"
Dusty83,Antony Dust,"RT @CFclassics: #OnThisDay photo from Serie A, 1985. 

#Napoli vs #Juventus. 

Maradona vs Laudrup + Platini. https://t.co/xAB8mWVsiD",7,Block 23 / 251 | Essex
CGTNSportsScene,CGTN Sports Scene,"""We have been working hard after that match and we'll keep working to improve.""

-Andrea #Pirlo said #Juventus' losâ€¦ https://t.co/6ivIg0DMoW",1,"åŒ—äº¬, ä¸­åäººæ°‘å…±å’Œå›½"
CGTNSportsScene,CGTN Sports Scene,âš½ï¸#CristianoRonaldo shared a joke with his teammates in training on Tuesday as #Juventus prepared for their UEFAâ€¦ https://t.co/hRAml6VcOp,1,"åŒ—äº¬, ä¸­åäººæ°‘å…±å’Œå›½"
RealGoalooNG,GoalooNG,"#UCL UEFA Champions League -Â #Ferencvarosi TCÂ VSÂ #Juventus
â°Kick off: 4-11-2020 21:00 Wednesday
ğŸ§©Pick: Juventus
Livâ€¦ https://t.co/Hm9ldb2pLK",0,Nigeria
tribunkaltim,TribunKaltim.co,"Jadwal Liga Champions - Ferencvaros vs Juventus, Ronaldo On Fire, Link Live Streaming https://t.co/wtSb7zKSToâ€¦ https://t.co/Y4RKfC1ugJ",0,"Balikpapan, Indonesia"
mohdm2m2,mohd najem,RT @footballitalia: Wednesday's Italian #Calcio headlines in English https://t.co/GSeA5INDzz #FCIM #RealMadrid #Atalanta #LFC #Juventus #Laâ€¦,9,Bahrain
S_K_MOORE,Steven Moore,"RT @tifosidownunder: After a disappointing first night for Serie A sides, matchday 3 continues tonight. This time itâ€™s Lazio and Juventusâ€™â€¦",2,Canada
sexybabe4321,Neepubg19,"RT @Bolt_Global: Serie A champions #Juventus undertake the long journey to #Ukraine, as they meet #DynamoKiev in their opening #ChampionsLeâ€¦",297,
apaztabora,Alex Wilfredo Paz T.,RT @footballitalia: Wednesday's Italian #Calcio headlines in English https://t.co/GSeA5INDzz #FCIM #RealMadrid #Atalanta #LFC #Juventus #Laâ€¦,9,Santa Rosa 
tifosidownunder,Tifosi Down Under,"After a disappointing first night for Serie A sides, matchday 3 continues tonight. This time itâ€™s Lazio and Juventuâ€¦ https://t.co/grgMSLmxYT",2,"Down Under, Australia"
Tiago_chavesss2,Tiago Chaves de O.,"RT @soccerfanatichq: Ronaldo just Â´did his jobÂ´ with brace, says Pirlo https://t.co/PEmPzcvS8g #trending #soccer #ronaldo #juventus https:/â€¦",28,
davidol02378212,david oliver,"RT @am_spotlight: I am happy to score this wonderful goal for my team.
#SkySport #CristianoRonaldo #CR7 #messi #Neymar #LaLiga 
#PremierLeaâ€¦",2,
am_spotlight,Odianosen glory,"I am happy to score this wonderful goal for my team.
#SkySport #CristianoRonaldo #CR7 #messi #Neymar #LaLigaâ€¦ https://t.co/0WWg3KFtFB",2,Nigeria
NwafGhazi,Nawaf G Alharbi,RT @VeSiBlog: GIVEAWAY âšªï¸âš«ï¸âšªï¸âš«ï¸ First 5 to retweet this post will get free stickers. #ForzaJuve #juve #Juventus https://t.co/9OIqecexVM,6,"Riyadh, Kingdom of Saudi Arabia"
ahmed13hz,Ø£ÙØ­ÙÙ…Ù‘Ø¯ Ø§ÙÙ„Ø­ÙØ§Ø²Ù‘Ù…ÙÙŠÙ,RT @footballitalia: Wednesday's Italian #Calcio headlines in English https://t.co/GSeA5INDzz #FCIM #RealMadrid #Atalanta #LFC #Juventus #Laâ€¦,9,"Damad, Kingdom of Saudi Arabia"
eglis_ibarra,eglis ibarra,"RT @soccerfanatichq: Ronaldo just Â´did his jobÂ´ with brace, says Pirlo https://t.co/PEmPzcvS8g #trending #soccer #ronaldo #juventus https:/â€¦",28,
anagarc42672017,ana garcia,"RT @soccerfanatichq: Ronaldo just Â´did his jobÂ´ with brace, says Pirlo https://t.co/PEmPzcvS8g #trending #soccer #ronaldo #juventus https:/â€¦",28,
tips_european,European Football Tips,"#ChampionsLeague - #Ferencvaros v #Juventus  

#FerenÃ§varos last 5
Pen
Pen
Pen
Pen
/

#Juve last 5
Pen
Pen
/
/
Penâ€¦ https://t.co/Plfg4Q4xiF",0,
MaryelyAlvarezf,Maryely alvarez,"RT @soccerfanatichq: Ronaldo just Â´did his jobÂ´ with brace, says Pirlo https://t.co/PEmPzcvS8g #trending #soccer #ronaldo #juventus https:/â€¦",28,
KhongMi64957876,Khong Minh,"RT @soccerfanatichq: Ronaldo just Â´did his jobÂ´ with brace, says Pirlo https://t.co/PEmPzcvS8g #trending #soccer #ronaldo #juventus https:/â€¦",28,ML
LeonardLevani,leonard lowe,RT @footballitalia: Wednesday's Italian #Calcio headlines in English https://t.co/GSeA5INDzz #FCIM #RealMadrid #Atalanta #LFC #Juventus #Laâ€¦,9,tbilisi
7agaOn,kol 7aga on line,"RT @soccerfanatichq: Ronaldo just Â´did his jobÂ´ with brace, says Pirlo https://t.co/PEmPzcvS8g #trending #soccer #ronaldo #juventus https:/â€¦",28,"Alexandria, Egypt"
7agaOn,kol 7aga on line,"RT @soccernewsdesk: Ronaldo just Â´did his jobÂ´ with brace, says Pirlo https://t.co/Aq44QoNUtc #trending #soccer #ronaldo #juventus https://â€¦",29,"Alexandria, Egypt"
Michell14541605,Michelle Ferreira Monteiro,"RT @soccerfanatichq: Ronaldo just Â´did his jobÂ´ with brace, says Pirlo https://t.co/PEmPzcvS8g #trending #soccer #ronaldo #juventus https:/â€¦",28,
jxdedcoco,a Luciano Spalletti stan account,RT @VeSiBlog: GIVEAWAY âšªï¸âš«ï¸âšªï¸âš«ï¸ First 5 to retweet this post will get free stickers. #ForzaJuve #juve #Juventus https://t.co/9OIqecexVM,6,92.54 63.33 92.57 87.20 72.27
dyingstar123,manh cuong,"RT @soccerfanatichq: Ronaldo just Â´did his jobÂ´ with brace, says Pirlo https://t.co/PEmPzcvS8g #trending #soccer #ronaldo #juventus https:/â€¦",28,
artshs10,artshs,RT @VeSiBlog: GIVEAWAY âšªï¸âš«ï¸âšªï¸âš«ï¸ First 5 to retweet this post will get free stickers. #ForzaJuve #juve #Juventus https://t.co/9OIqecexVM,6,
lumedey_,M A R I O,"RT @Mayriadel: Just to remind you say I be spec
#LAYCONtent #Dubai #Juventus #Ronaldo https://t.co/IGu5n5shPO",8,
RobNeuser,Rob Neuser,RT @VeSiBlog: GIVEAWAY âšªï¸âš«ï¸âšªï¸âš«ï¸ First 5 to retweet this post will get free stickers. #ForzaJuve #juve #Juventus https://t.co/9OIqecexVM,6,
IggiePanepinto,Iggie Panepinto,RT @VeSiBlog: GIVEAWAY âšªï¸âš«ï¸âšªï¸âš«ï¸ First 5 to retweet this post will get free stickers. #ForzaJuve #juve #Juventus https://t.co/9OIqecexVM,6,
Juvepodcast,Turin Giants Podcast,RT @VeSiBlog: GIVEAWAY âšªï¸âš«ï¸âšªï¸âš«ï¸ First 5 to retweet this post will get free stickers. #ForzaJuve #juve #Juventus https://t.co/9OIqecexVM,6,
PorcinoTatiane,tatiane porcino,"RT @soccerfanatichq: Ronaldo just Â´did his jobÂ´ with brace, says Pirlo https://t.co/PEmPzcvS8g #trending #soccer #ronaldo #juventus https:/â€¦",28,
Presenteparadi1,Presenteparadiasespeciais,"RT @soccernewsdesk: Ronaldo just Â´did his jobÂ´ with brace, says Pirlo https://t.co/Aq44QoNUtc #trending #soccer #ronaldo #juventus https://â€¦",29,Rio de Janeiro
VeSiBlog,Vecchia Signora Blog,GIVEAWAY âšªï¸âš«ï¸âšªï¸âš«ï¸ First 5 to retweet this post will get free stickers. #ForzaJuve #juve #Juventus https://t.co/9OIqecexVM,6,
footballitalia,footballitalia,Wednesday's Italian #Calcio headlines in English https://t.co/GSeA5INDzz #FCIM #RealMadrid #Atalanta #LFC #Juventusâ€¦ https://t.co/5d0l1DPeOS,9,
