StevieKay20,Stevie Kay,"Salford, England",2020-11-14
MancNeonBall,Manchester Neon Gala Ball,"Manchester, England",2020-11-14
manutdnewsonly,Man Utd Fans,,2020-11-14
ThomasCursley,Thomas Cursley,"Barnet, London",2020-11-14
UtdBeforFergie,ğŸ‡¾ğŸ‡ªUtd Before FergieğŸ‡¾ğŸ‡ª,Somewhere in the 70s and 80s,2020-11-14
rickypatel26,Ricky,,2020-11-14
abjeg,khalid abjeg,maroc,2020-11-14
kwinews1,kwinews,,2020-11-14
manutdnewsonly,Man Utd Fans,,2020-11-14
JoelBBCAN,Joel Lefevre,"British Columbia, Canada",2020-11-14
manchestergriff,ManchesterNews.com,"Manchester, United Kingdom",2020-11-14
Womens_FC,Women's Football Club,Worldwide ,2020-11-14
Alber,mISQ,,2020-11-14
paulenglish1961,Paul English,"East, England",2020-11-14
DonPatricioFILM,Don Patricio O'Connell FILM,,2020-11-14
TheKitmanUK,TheKitman.co.uk,"Bristol, England",2020-11-14
thefruitboiler,FruitBoiler,"Middleton, England",2020-11-14
manutdnewsonly,Man Utd Fans,,2020-11-14
Cfpaddy,Patrick Abel,sheffield,2020-11-14
Olakunle_21,Abdul Ameen,,2020-11-14
MUFC_Madness,ManchesterFC News,,2020-11-14
TheKitmanUK,TheKitman.co.uk,"Bristol, England",2020-11-14
plumberbhoy07,Gav Foley,The Meath Gold Coast ,2020-11-14
bluenosenemesis,bluenosenemesis,"Belfast,West",2020-11-14
DonPatricioFILM,Don Patricio O'Connell FILM,,2020-11-14
Justin7451163,Justin Butler,,2020-11-14
Budiii25,Budi,"Jawa Timur, Indonesia",2020-11-14
ManUtdFanKe,manchester united  fansğŸ‡°ğŸ‡ª,"Nairobi, Kenya",2020-11-14
ManUtdFanKe,manchester united  fansğŸ‡°ğŸ‡ª,"Nairobi, Kenya",2020-11-14
Kuriboh98,Gianca,,2020-11-14
ManUtdCorner7,Man Utd Corner,,2020-11-14
DonPatricioFILM,Don Patricio O'Connell FILM,,2020-11-14
ManUtdCorner7,Man Utd Corner,,2020-11-14
A_fening,AF,Up With The Birds,2020-11-14
manutdnewsonly,Man Utd Fans,,2020-11-14
manutdnewsonly,Man Utd Fans,,2020-11-14
manutdnewsonly,Man Utd Fans,,2020-11-14
AkinosiBenjamin,Akin,,2020-11-14
manutdnewsonly,Man Utd Fans,,2020-11-14
MoreThanStats,More Than Stats,"New York, NY",2020-11-14
dr_babu,"Varun Babu, MD",Kuwait,2020-11-14
sahu_krishnam,Krishnam Sahu,,2020-11-14
JoelBBCAN,Joel Lefevre,"British Columbia, Canada",2020-11-14
manutdnewsonly,Man Utd Fans,,2020-11-14
SportNewsFan,Sport News Fanatic,,2020-11-14
HarrySteare,Harry Steare,,2020-11-14
adil_salim,Muhammad Adil Salim,"Davis, California",2020-11-14
il_moniker,Vox Populiâ€™ish,"philadelphia, pa",2020-11-14
manutdnewsonly,Man Utd Fans,,2020-11-14
refreshmyhealth,Marcel | Refresh My Health,Norway,2020-11-14
mdfmerchandise,mdfmerchandise,"Belleville, NJ",2020-11-14
FootyZoneNet,FootyZone.net,,2020-11-14
ManUtdFanKe,manchester united  fansğŸ‡°ğŸ‡ª,"Nairobi, Kenya",2020-11-14
unitedtony99,Tony Marshall,Manchester,2020-11-14
cudaeducation,Cuda Education,"New York, NY",2020-11-14
mufcc77,mark,,2020-11-14
TH17AK,Raj Thilak.K,"Chennai , India ",2020-11-14
SportNewsFan,Sport News Fanatic,,2020-11-14
mufcc77,mark,,2020-11-14
include_all,Everyone is Included,"Cape May Court House, NJ",2020-11-14
GonzaloAlmiron0,Gonzalo Almiron,"CÃ³rdoba, Argentina",2020-11-14
unitedtony99,Tony Marshall,Manchester,2020-11-14
manutdnewsonly,Man Utd Fans,,2020-11-14
ManUtdCorner7,Man Utd Corner,,2020-11-14
manutdnewsonly,Man Utd Fans,,2020-11-14
SirajumMoni1,monimstsirajum@gmail.com,Bangladesh,2020-11-14
manutdnewsonly,Man Utd Fans,,2020-11-14
ManUtdFanKe,manchester united  fansğŸ‡°ğŸ‡ª,"Nairobi, Kenya",2020-11-14
MalgadaSoccer,Malgada Soccer Academy,,2020-11-14
manutdcaribbean,ManUtdSC,Trinidad and Tobago,2020-11-14
ManUtdCorner7,Man Utd Corner,,2020-11-14
442Ltd,442 Sports Management Group Ltd,"North West, England IMS004195.",2020-11-14
johnindonegal,John Lafferty,,2020-11-14
SheDevilsUnited,SheDevilsUnited,,2020-11-14
manutdnewsonly,Man Utd Fans,,2020-11-14
LeaneEoin,Eoin Leane,,2020-11-14
ManUtdCorner7,Man Utd Corner,,2020-11-14
Busarus,Bygone John,London,2020-11-14
getting_messi,Getting Messi,,2020-11-14
EamogGreen,Eamog,,2020-11-14
PodcastMufc,Mufc_Podcast,,2020-11-14
DonPatricioFILM,Don Patricio O'Connell FILM,,2020-11-14
ICDb_tv,Internet Commentator Database ICDb,,2020-11-14
LHhadleigh,LH,,2020-11-14
manutdnewsonly,Man Utd Fans,,2020-11-14
rollingdeep1995,Deep,"San Jose, CA",2020-11-14
phill_russell87,phillmufc,fair city of Dublin        ,2020-11-14
joelicata,Joseph Licata,,2020-11-14
Macca2801,John McDaid,Listowel,2020-11-14
RedDevilsRewind,Red Devils Rewind: The Analytical Fan,,2020-11-14
DeanBarnsley73,dean'o,barnsley,2020-11-14
CantonaCollars,Cantona's Collar ğŸ‡¾ğŸ‡ª,#EndSARS,2020-11-14
Alessan52451445,Alessandro,,2020-11-14
DomesticIreland,Domestic Ireland,,2020-11-14
NH_SHAPIRO,Neil Shapiro,Islip New York,2020-11-14
goalg0ys,goalg0ys,,2020-11-14
DonPatricioFILM,Don Patricio O'Connell FILM,,2020-11-14
manutdnewsonly,Man Utd Fans,,2020-11-14
viswajith8754,Viswajith K S,"Kerala, India",2020-11-14
ManUtdCorner7,Man Utd Corner,,2020-11-14
irish_abroad,Irish Abroad,Ireland,2020-11-14
ICDb_tv,Internet Commentator Database ICDb,,2020-11-14
PaulMcGarraghy,Paul McGarraghy,United Kingdom,2020-11-14
JBellwiff,Jonathan Bellwhiff,Physical: UK. Spiritual: India,2020-11-14
OverTheBarFB,OTBFootball.net (OverTheBar) âš½ï¸âœï¸ğŸ—£ğŸ“º,United Kingdom,2020-11-14
DonPatricioFILM,Don Patricio O'Connell FILM,,2020-11-14
MAjourno,Michael Andersen,,2020-11-14
FahadRazak26,Fahad Razak,"Mississauga, Ontario",2020-11-14
ManUtdCorner7,Man Utd Corner,,2020-11-14
Julius_Chimaobi,Julius Chimaobi,"Zaria, Kaduna state, Nigeria",2020-11-14
Dbulley9,dsinclair1,,2020-11-14
Dbulley9,dsinclair1,,2020-11-14
White_mamba0,DannyğŸ¯ğŸ¯ğŸğŸ,"London, England",2020-11-14
UtdHarrison99,Harrison,"England, United Kingdom",2020-11-14
AlexNotman_,Alex Notman,,2020-11-14
RickBlainePL,RickğŸ‡µğŸ‡±,"Warszawa, Polska",2020-11-14
DarrenEwers,Darren Ewers,"London, England",2020-11-14
ManUtdvault,Man Utd Vault,"Manchester, England",2020-11-14
ManUtdvault,Man Utd Vault,"Manchester, England",2020-11-14
MrZeeshanMasih,Zeeshan Masih,"Cardiff, Wales",2020-11-14
MrZeeshanMasih,Zeeshan Masih,"Cardiff, Wales",2020-11-14
RedDevilReads,RedDevilReads,,2020-11-14
ManUtdFanKe,manchester united  fansğŸ‡°ğŸ‡ª,"Nairobi, Kenya",2020-11-14
ManUtdFanKe,manchester united  fansğŸ‡°ğŸ‡ª,"Nairobi, Kenya",2020-11-14
ManUtdFanKe,manchester united  fansğŸ‡°ğŸ‡ª,"Nairobi, Kenya",2020-11-14
ManUtdFanKe,manchester united  fansğŸ‡°ğŸ‡ª,"Nairobi, Kenya",2020-11-14
unitedtony99,Tony Marshall,Manchester,2020-11-14
unitedtony99,Tony Marshall,Manchester,2020-11-14
unitedtony99,Tony Marshall,Manchester,2020-11-14
unitedtony99,Tony Marshall,Manchester,2020-11-14
paulenglish1961,Paul English,"East, England",2020-11-14
_fplhacks,FPL Hacks,,2020-11-14
TobiasPolo7,Tobias Polito,,2020-11-14
ryancoyleart,Ryan Coyle Fine Art,"Strabane, Northern Ireland",2020-11-14
FlashScoreKE,FlashScore.co.ke ğŸ‡°ğŸ‡ª,,2020-11-14
TheMaverickTeam,The Maverick Team,Loftus Road,2020-11-14
ManUnitedCore,Man United Core,,2020-11-14
flyingeze,Flying Eze,,2020-11-14
ManUnitedCore,Man United Core,,2020-11-14
ManUnitedCore,Man United Core,,2020-11-14
24Feast,Football Feast 24,,2020-11-14
manutdnewsonly,Man Utd Fans,,2020-11-14
DonPatricioFILM,Don Patricio O'Connell FILM,,2020-11-14
ManfredSShah,ManfredSShah,Austria-UK-UAE-India,2020-11-14
ManUtdCorner7,Man Utd Corner,,2020-11-14
123BruceLee7,Mr Lee,,2020-11-14
EvanShankman,The United Fridge,South Africa,2020-11-14
ManUtdCorner7,Man Utd Corner,,2020-11-14
mraaronutd,MRAARONUTD,"Manchester, England",2020-11-14
dlmdan01,Danny,"England, United Kingdom",2020-11-14
DonPatricioFILM,Don Patricio O'Connell FILM,,2020-11-14
mufcfanzone1,mufc.fanzone,,2020-11-14
manutdcaribbean,ManUtdSC,Trinidad and Tobago,2020-11-14
manutdnewsonly,Man Utd Fans,,2020-11-14
flyingeze,Flying Eze,,2020-11-14
unitedtony99,Tony Marshall,Manchester,2020-11-14
Emmydonalaba1,Emeka,,2020-11-14
RodneyMcCain,âš½ï¸ Rodney McCain âš½ï¸,"Little Rock, Arkansas",2020-11-14
AliceTalksFooty,Alice Abrahams,"Cambridge, England",2020-11-14
OliverMorgan111,Oliver Morgan,"Norwich, England",2020-11-14
DarrenEwers,Darren Ewers,"London, England",2020-11-14
Javni21,Avni Jaiswal,"Jabalpur, India",2020-11-14
livescore,LiveScore,URL,2020-11-14
flyingeze,Flying Eze,,2020-11-14
OurBloggingLife,Our Blogging Life,,2020-11-14
RedDevilReads,RedDevilReads,,2020-11-14
TalkfootballN,TalkfootballNabi,,2020-11-14
TX_Heather,Heather Broughton,"Plano, TX",2020-11-14
manutdnewsonly,Man Utd Fans,,2020-11-14
stevesherburn,Steve Sherburn,,2020-11-14
TinasheMukundwa,Tinashe Mukundwa ğŸ‡¿ğŸ‡¼ğŸ´ó §ó ¢ó ³ó £ó ´ó ¿,"Edinburgh, Scotland",2020-11-14
manutdnewsonly,Man Utd Fans,,2020-11-14
Pam_nAshes,Pam Nash ğŸ˜·ğŸâš½ï¸ğŸ¾,London/Yorks/Lancs/ & Wherever,2020-11-14
BoxyBate,Adam Bateman,Bate Towers,2020-11-14
TouchlineTh,Touchline Thoughts,,2020-11-14
TalkfootballT,TalkfootballTinashe,"Scotland, United Kingdom",2020-11-14
Talkfootyy,TalkFootball,,2020-11-14
GarageDoorSport,Garage Door Sports Network,"Mississauga, Ontario",2020-11-14
antzhumbleent,Anthony âš½ï¸ğŸ™,"London, England",2020-11-14
VicenteVSP,Vicente Soler PÃ©rez,Lora del RÃ­o,2020-11-14
MAjourno,Michael Andersen,,2020-11-14
punnoose_a,Andrew Punnoose,"Kerala, India",2020-11-14
DenzelZizou,ğŸ”°Denzel The RedğŸ”´ğŸ‘¹ğŸ”°,,2020-11-14
JonFosterMUFC,Jonathan,"West Midlands, England",2020-11-14
KidDotCo,KidDotCo,London,2020-11-14
iiSteveJonesii,iiSteveJonesii â,Wyre Coast,2020-11-14
AbhishreySR,Abeer Singh,,2020-11-14
ManUtdCorner7,Man Utd Corner,,2020-11-14
ManUtdCorner7,Man Utd Corner,,2020-11-14
kalra_ankur,Ankur Kalra,"Oslo, Norway",2020-11-14
IanBroughall,IanBroughall,Cambridge UK,2020-11-14
cerati9,Xavier G. Campos,"San Antonio, TX",2020-11-14
MetcalfeAdie,Metcalfe,Derbyshire ,2020-11-14
manutdnewsonly,Man Utd Fans,,2020-11-14
ManUtdCorner7,Man Utd Corner,,2020-11-14
ManUtdCorner7,Man Utd Corner,,2020-11-14
manutdnewsonly,Man Utd Fans,,2020-11-14
ManUnitedCore,Man United Core,,2020-11-14
babkinshirts,babkin retro shirts,Ukraine,2020-11-14
ManUnitedCore,Man United Core,,2020-11-14
RPaddyjoe,Paddyjoe_r,,2020-11-14
kidd81,Paul Jamie Kidd,"Grimsby, England",2020-11-14
Malachians,Pilib De BrÃºn (Phil Brown),"Los Angeles, CA/Belfast",2020-11-14
thefruitboiler,FruitBoiler,"Middleton, England",2020-11-14
UtdBeforFergie,ğŸ‡¾ğŸ‡ªUtd Before FergieğŸ‡¾ğŸ‡ª,Somewhere in the 70s and 80s,2020-11-14
Lu_Class_,Åukasz BÄ…czek,"Olsztyn, Poland",2020-11-14
manutdnewsonly,Man Utd Fans,,2020-11-14
joshycharm01,Jc,,2020-11-14
DonPatricioFILM,Don Patricio O'Connell FILM,,2020-11-14
ManUtdCorner7,Man Utd Corner,,2020-11-14
rainamohit1,mohit raina,"New Delhi, India",2020-11-14
flyingeze,Flying Eze,,2020-11-14
manutdnewsonly,Man Utd Fans,,2020-11-14
DonPatricioFILM,Don Patricio O'Connell FILM,,2020-11-14
AlanMarch1981,Alan March,Bulgaria,2020-11-14
TheKitmanUK,TheKitman.co.uk,"Bristol, England",2020-11-14
ManUtdCorner7,Man Utd Corner,,2020-11-14
djsameer,Sameer,"New Delhi, India",2020-11-14
ManUtdCorner7,Man Utd Corner,,2020-11-14
HarryGreggF,HarryGreggFoundation,Coleraine,2020-11-14
gdh_1999,G,WN5/ Mancunia,2020-11-14
manutdnewsonly,Man Utd Fans,,2020-11-14
Jmanctickets,Jay,"Salford, England",2020-11-14
FootyKitMarket,Football Kit Market,"Nottingham, England",2020-11-14
diavolo_red,jaden âµ£ğŸ‡©ğŸ‡¿,"Nice, France",2020-11-14
ManUtdFanKe,manchester united  fansğŸ‡°ğŸ‡ª,"Nairobi, Kenya",2020-11-14
ManUtdFanKe,manchester united  fansğŸ‡°ğŸ‡ª,"Nairobi, Kenya",2020-11-14
ManUtdFanKe,manchester united  fansğŸ‡°ğŸ‡ª,"Nairobi, Kenya",2020-11-14
unitedtony99,Tony Marshall,Manchester,2020-11-14
unitedtony99,Tony Marshall,Manchester,2020-11-14
unitedtony99,Tony Marshall,Manchester,2020-11-14
unitedtony99,Tony Marshall,Manchester,2020-11-14
footietalks,FootieTalksÂ®,,2020-11-14
SportsBet_Legal,SportsBetting.Legal,,2020-11-14
mufcsp,MUFCSP,In limbo ,2020-11-14
Streamcast_,Streamcast,London,2020-11-14
RedDevilsAdvoc,Red Devil's Advocate,,2020-11-14
mhug21,Matt Hughes,"Valencia, Spain",2020-11-14
toi_sudheendraT,Sudheendra Tripathi,,2020-11-14
_TR69,Tom Rooney,Mainistir Bhuithe Contae na LÃº,2020-11-14
TheMaverickTeam,The Maverick Team,Loftus Road,2020-11-14
MerriganMl,Michael Merrigan ğŸ‡®ğŸ‡ªğŸ‡ªğŸ‡ºğŸ³ï¸â€ğŸŒˆğŸ‡ºğŸ‡³,"DÃºn Laoghaire, Ireland",2020-11-14
parsifel43,Floyd Codlin,London,2020-11-14
ampherlaw1,Lindy Barbour,,2020-11-14
lessismoremike,lessismoremike,,2020-11-14
terrychristian,terry christian,"Manchester, England",2020-11-14
Passthesalt6,Passthesalt,,2020-11-14
ARTheodorAchte1,Achterberg,"Hamburg, Germany",2020-11-14
DonPatricioFILM,Don Patricio O'Connell FILM,,2020-11-14
ManUnitedCore,Man United Core,,2020-11-14
unitedtony99,Tony Marshall,Manchester,2020-11-14
newschainwomen,NewsChain Women's Sport,United Kingdom,2020-11-14
TheMaverickTeam,The Maverick Team,Loftus Road,2020-11-14
manutdnewsonly,Man Utd Fans,,2020-11-14
ryanleegregory,Ryan Lee Gregory,,2020-11-14
DonPatricioFILM,Don Patricio O'Connell FILM,,2020-11-14
Utd_Analytics,Manutd Analytics,,2020-11-14
bigv_tommy,Oga at the top ğŸ‡³ğŸ‡¬ğŸ‡¬ğŸ‡§,"Manchester, England",2020-11-14
MrZeeshanMasih,Zeeshan Masih,"Cardiff, Wales",2020-11-14
Sarfo15M,15,"Tottenham, London",2020-11-14
ManUnitedCore,Man United Core,,2020-11-14
ManUnitedCore,Man United Core,,2020-11-14
oye_bubbly_,Noooovvvyyyaaaa,"Mumbai, India",2020-11-14
davethephoto,Stadium Photography,,2020-11-14
DonPatricioFILM,Don Patricio O'Connell FILM,,2020-11-14
rxcheys,r a c h,yorkshire,2020-11-14
casameta,boo,,2020-11-14
Red_the_Fred,tuna_fish,"Berlin, Germany",2020-11-14
ModifiedChokra,SANTANU,"Guwahati, India ğŸ‡®ğŸ‡³ ",2020-11-14
SportingIconsUK,Sporting Icons,"North East, England",2020-11-14
MAjourno,Michael Andersen,,2020-11-14
BikashRon,Ron Bikash Gaurav,India,2020-11-14
PatricioFund,Patrick O'Connell,,2020-11-14
JITIN13,J I T I N  R A W A T,India,2020-11-14
DonPatricioFILM,Don Patricio O'Connell FILM,,2020-11-14
Sport_Gistz,Sport Gistz,,2020-11-14
UniqueDeals3,Football Maestro,"Mumbai, India",2020-11-14
SheDevilsUnited,SheDevilsUnited,,2020-11-14
ManUtdFanKe,manchester united  fansğŸ‡°ğŸ‡ª,"Nairobi, Kenya",2020-11-14
paulenglish1961,Paul English,"East, England",2020-11-14
Woody4KC,Brian E Mundell,"Kansas City, MO",2020-11-14
Man_Utd1233,The Red Army,,2020-11-14
FMHero2,FM Hero,,2020-11-14
CraggyDevils,Craggy Island Red Devils ğŸ‘¹âš½,,2020-11-14
Yaanaah3,Yaanaah,,2020-11-14
thefruitboiler,FruitBoiler,"Middleton, England",2020-11-14
toisports,TOI Sports,"New Delhi, India",2020-11-14
TheKitmanUK,TheKitman.co.uk,"Bristol, England",2020-11-14
toisports,TOI Sports,"New Delhi, India",2020-11-14
manutdnewsonly,Man Utd Fans,,2020-11-14
KhelNowWF,Khel Now World Football,"New Delhi, India",2020-11-14
lakshyaunited,KING's STAND( ğŸ”´ğŸ‡¾ğŸ‡ªğŸ”°),old trafford,2020-11-14
lakshyaunited,KING's STAND( ğŸ”´ğŸ‡¾ğŸ‡ªğŸ”°),old trafford,2020-11-14
Plasticshinpads,MUFC Fan Club _100% Follow back,Australia,2020-11-14
manutdnewsonly,Man Utd Fans,,2020-11-14
iamYugal18,Yugal Chambhare,"Maharashtra, India",2020-11-14
iamYugal18,Yugal Chambhare,"Maharashtra, India",2020-11-14
iamYugal18,Yugal Chambhare,"Maharashtra, India",2020-11-14
Amweekly2,Amweekly,,2020-11-14
Budiii25,Budi,"Jawa Timur, Indonesia",2020-11-14
manutdnewsonly,Man Utd Fans,,2020-11-14
lakshyaunited,KING's STAND( ğŸ”´ğŸ‡¾ğŸ‡ªğŸ”°),old trafford,2020-11-14
lakshyaunited,KING's STAND( ğŸ”´ğŸ‡¾ğŸ‡ªğŸ”°),old trafford,2020-11-14
lakshyaunited,KING's STAND( ğŸ”´ğŸ‡¾ğŸ‡ªğŸ”°),old trafford,2020-11-14
lakshyaunited,KING's STAND( ğŸ”´ğŸ‡¾ğŸ‡ªğŸ”°),old trafford,2020-11-14
Outlookindia,Outlook Magazine,"New Delhi, India",2020-11-14
aakashchats,Aakash Chatterjee,"Kolkata, India",2020-11-14
Brijesh_wil,Brijesh Wilson,Kerala,2020-11-14
latestly,LatestLY,"Mumbai, India",2020-11-14
NextGame300,Next Game,U.S.A,2020-11-14
footviser,Footviser,"Kolkata, India",2020-11-14
piesie_mcboafo,#Piesie77_Mancunian ğŸ‡¬ğŸ‡­â˜†ğŸ‡©ğŸ‡ª,"Duisburg, Deutschland",2020-11-14
BrewBalcony,BalconyBrewReview,,2020-11-14
cudaeducation,Cuda Education,"New York, NY",2020-11-14
TheKitmanUK,TheKitman.co.uk,"Bristol, England",2020-11-14
manutdnewsonly,Man Utd Fans,,2020-11-14
AndrewPitkinKC,Andrew Pitkin,"Nevada, MO",2020-11-14
manutdnewsonly,Man Utd Fans,,2020-11-14
manutdnewsonly,Man Utd Fans,,2020-11-14
manutdnewsonly,Man Utd Fans,,2020-11-14
SportNewsFan,Sport News Fanatic,,2020-11-14
NEILSHOTDEALS,NEILSHOTDEALS,Islip New York,2020-11-14
flyingeze,Flying Eze,,2020-11-14
SheDevilsUnited,SheDevilsUnited,,2020-11-14
HispaniolaElvis,Elvis Inioluwa,"Ilorin, Nigeria",2020-11-14
manutdnewsonly,Man Utd Fans,,2020-11-14
futballerr,Ğ¤utbol,Global,2020-11-14
thefruitboiler,FruitBoiler,"Middleton, England",2020-11-14
Jeany_Seven,Jeany_Seven,,2020-11-14
realleebaker1,realleebaker1,,2020-11-14
kmolley,Katherine Olley,Manchester,2020-11-14
flyingeze,Flying Eze,,2020-11-14
CoreySims__,CJ,United Kingdom,2020-11-14
matchdaymemory,Matchday Memory #LookingBack,Wylye Valley,2020-11-14
chetty_keenan,King-I-Am,,2020-11-14
quality_canvas,Quality Canvas Print,,2020-11-14
MomoAli786,Muhammad Ali,,2020-11-14
ManUtdFanKe,manchester united  fansğŸ‡°ğŸ‡ª,"Nairobi, Kenya",2020-11-14
manutddn,Manchester United DN (daily news),,2020-11-14
manutdnewsonly,Man Utd Fans,,2020-11-14
Aceyryan,Ryan Lister,"London, England",2020-11-14
StevieKay20,Stevie Kay,"Salford, England",2020-11-14
MancNeonBall,Manchester Neon Gala Ball,"Manchester, England",2020-11-14
manutdnewsonly,Man Utd Fans,,2020-11-14
ThomasCursley,Thomas Cursley,"Barnet, London",2020-11-14
UtdBeforFergie,ğŸ‡¾ğŸ‡ªUtd Before FergieğŸ‡¾ğŸ‡ª,Somewhere in the 70s and 80s,2020-11-14
rickypatel26,Ricky,,2020-11-14
3mmarmurad,Ammar murad,Earth,2020-11-14
DevilPeaky,Peaky Devil,,2020-11-14
RJProduction3,Andy,Preston,2020-11-14
HansBrinks1,Hans Brinks,,2020-11-14
Bryan85300839,Bryan,,2020-11-14
joshuawwe319,Joshua,Manchester ,2020-11-14
manutdnewsonly,Man Utd Fans,,2020-11-14
ManUtdvault,Man Utd Vault,"Manchester, England",2020-11-14
RodneyMcCain,âš½ï¸ Rodney McCain âš½ï¸,"Little Rock, Arkansas",2020-11-14
ModernDayNadodi,Abilash,Chennai,2020-11-14
OllyWilson16,Olly Wilson,"England, United Kingdom",2020-11-14
OllyWilson16,Olly Wilson,"England, United Kingdom",2020-11-14
manutddn,Manchester United DN (daily news),,2020-11-14
ManUtdFanKe,manchester united  fansğŸ‡°ğŸ‡ª,"Nairobi, Kenya",2020-11-14
ManUtdFanKe,manchester united  fansğŸ‡°ğŸ‡ª,"Nairobi, Kenya",2020-11-14
manutddn,Manchester United DN (daily news),,2020-11-14
ManUtdFanKe,manchester united  fansğŸ‡°ğŸ‡ª,"Nairobi, Kenya",2020-11-14
unitedtony99,Tony Marshall,Manchester,2020-11-14
unitedtony99,Tony Marshall,Manchester,2020-11-14
unitedtony99,Tony Marshall,Manchester,2020-11-14
ukcadman,Gary Cleary,"Manchester, UK",2020-11-14
manutddn,Manchester United DN (daily news),,2020-11-14
manojprasath94,Manoj Prasath,Sri Lanka,2020-11-14
utdsnaps,utdsnaps,,2020-11-14
manutdnewsonly,Man Utd Fans,,2020-11-14
Gwevaldinho,The_Baeless_Coolguy,South Africa ~ KZN ~ Ulundi  ,2020-11-14
countydownrail,County Down Rail,"Belfast, Northern Ireland, UK",2020-11-14
manutdnewsonly,Man Utd Fans,,2020-11-14
BenHuntley2000,Ben,Norfolk,2020-11-14
DonPatricioFILM,Don Patricio O'Connell FILM,,2020-11-14
ManUtdFanKe,manchester united  fansğŸ‡°ğŸ‡ª,"Nairobi, Kenya",2020-11-14
notfergie,MUFC,,2020-11-14
mufcsp,MUFCSP,In limbo ,2020-11-14
QuizFunTime,QuizFun,United Kingdom,2020-11-14
PodcastMufc,Mufc_Podcast,,2020-11-14
manutdnewsonly,Man Utd Fans,,2020-11-14
AmbreKshitij,åœ°å¹³ç·š,,2020-11-14
BrittanyYoungx,Brittany Young,"Jacksonville, Florida",2020-11-14
unitedtony99,Tony Marshall,Manchester,2020-11-14
UniqueDeals3,Football Maestro,"Mumbai, India",2020-11-14
ManUtdCorner7,Man Utd Corner,,2020-11-14
DarrenEwers,Darren Ewers,"London, England",2020-11-14
railadvent,railadvent,United Kingdom,2020-11-14
thefruitboiler,FruitBoiler,"Middleton, England",2020-11-14
iam_tonimax,KING ğŸ‘‘,"Lagos, Nigeria",2020-11-14
The_NinjaKnight,NINJA KNIGHT ğŸ‡®ğŸ‡ª,Ireland,2020-11-14
smallbizshoutUK,SmallBusinessShoutOut ğŸ“¢,United Kingdom,2020-11-14
CmjABEL,ABEL CHIMWEJO,"Ipuli, Tabora",2020-11-14
DonPatricioFILM,Don Patricio O'Connell FILM,,2020-11-14
AngelinasCrArts,Andela M | Angelina's Crafts Arts ğŸğŸ–¼ğŸ§µğŸ¨,Ireland,2020-11-14
flyingeze,Flying Eze,,2020-11-14
sdnsuay,Sudhansu Aryal,Nepal,2020-11-14
manutdnewsonly,Man Utd Fans,,2020-11-14
acethatgame,Kieron,"England, United Kingdom",2020-11-14
elitesportings1,Elite Sporting Shirts,27 North Park TS233SU,2020-11-14
lampardsPULisic,UpSideDownChelsea,"Stamford Bridge, England",2020-11-14
manutddn,Manchester United DN (daily news),,2020-11-14
DonPatricioFILM,Don Patricio O'Connell FILM,,2020-11-14
yoangc,Yoan ChrÃ©tien,,2020-11-14
coconero4,coconero,,2020-11-14
garbadaru,GARBA DANZEE,Ù…ØµØ±,2020-11-14
danielpreece2,Dan.â¤ï¸ğŸ–¤ğŸ¤,United Kingdom,2020-11-14
ManUtdCorner7,Man Utd Corner,,2020-11-14
manutdnewsonly,Man Utd Fans,,2020-11-14
SamsonOloyede1,Samson Elprincipe.,"Lagos, Nigeria",2020-11-14
footballitalia,footballitalia,,2020-11-14
downthewing433,downthewing433,,2020-11-14
aimee60221197,aimee,,2020-11-14
followalexcam,AlexCam,Ldn.,2020-11-14
FFootballShirts,FFSFootballShirts,"Birmingham, England",2020-11-14
MarkCarruthers_,Mark Carruthers,"North East, England",2020-11-14
DonPatricioFILM,Don Patricio O'Connell FILM,,2020-11-14
GWSmith14,GW Smith,"Missouri, USA",2020-11-14
moark51,Mohammed,,2020-11-14
swagafiedkicks,Swagafied,,2020-11-14
ManUnitedCore,Man United Core,,2020-11-14
ManUnitedCore,Man United Core,,2020-11-14
Alex98442562,Alex,,2020-11-14
manutdcaribbean,ManUtdSC,Trinidad and Tobago,2020-11-14
ManUtdCorner7,Man Utd Corner,,2020-11-14
ManUtdCorner7,Man Utd Corner,,2020-11-14
teambikkuri,ã³ã£ãã‚Š@æ¬¡èµ°:11/15 ç¦å³¶è¨˜å¿µ,é‡èœå£²ã‚Š,2020-11-14
ManUtdCorner7,Man Utd Corner,,2020-11-14
MaunaNaym,ğ™¼ğšŠğšğš—ğšŠ ğ™½ğšŠğšğšğš–â“‚ï¸,Maldives,2020-11-14
ManUtdCorner7,Man Utd Corner,,2020-11-14
ManUtdCorner7,Man Utd Corner,,2020-11-14
ManUtdCorner7,Man Utd Corner,,2020-11-14
Man_Utd1233,The Red Army,,2020-11-14
temixgold,Temi Dayo,mars,2020-11-14
Tommufc9,We-Are-Mufc,United Kingdom,2020-11-14
MANUTD_64,James,,2020-11-14
fpl_phenom,ğŸ˜ˆ FPL_Fantasy_Phenom ğŸ˜ˆ,@FFH_HQ 15% Discount Link ğŸ‘‡ğŸ»,2020-11-14
ManUtdFanKe,manchester united  fansğŸ‡°ğŸ‡ª,"Nairobi, Kenya",2020-11-14
ManUtdFanKe,manchester united  fansğŸ‡°ğŸ‡ª,"Nairobi, Kenya",2020-11-14
unitedtony99,Tony Marshall,Manchester,2020-11-14
unitedtony99,Tony Marshall,Manchester,2020-11-14
unitedtony99,Tony Marshall,Manchester,2020-11-14
unitedtony99,Tony Marshall,Manchester,2020-11-14
unitedtony99,Tony Marshall,Manchester,2020-11-14
torizakana,ãƒˆãƒªã–ã‹ãª,,2020-11-14
DanCoffey1991,Daniel Coffey,London England,2020-11-14
DonPatricioFILM,Don Patricio O'Connell FILM,,2020-11-14
flyingeze,Flying Eze,,2020-11-14
UtdArj,Arj,,2020-11-14
GoonerAnand,Anand P,,2020-11-14
Paru36937981,Paru,,2020-11-14
Paru36937981,Paru,,2020-11-14
TheKitmanUK,TheKitman.co.uk,"Bristol, England",2020-11-14
lakshyaunited,KING's STAND( ğŸ”´ğŸ‡¾ğŸ‡ªğŸ”°),old trafford,2020-11-14
lakshyaunited,KING's STAND( ğŸ”´ğŸ‡¾ğŸ‡ªğŸ”°),old trafford,2020-11-14
TbmhDam4472,ã¨ã¼ã¾ã»ã§ã‚ã¾,æ—¥æœ¬ å±±æ¢¨,2020-11-14
ManUtdCorner7,Man Utd Corner,,2020-11-14
utd_til,Utd Til_i_die,,2020-11-14
TheAlexJ04,Alex J C,,2020-11-14
ManUtdCorner7,Man Utd Corner,,2020-11-14
MAjourno,Michael Andersen,,2020-11-14
masaki_class,ãã‚‰ã™,,2020-11-14
MarySheDevilUtd,Mary,,2020-11-14
manutddn,Manchester United DN (daily news),,2020-11-14
zeluigi_k,ãœã‚‹ã‘ã‚“/Z-KEN,"Niigata, Japan",2020-11-14
SiFansite,SiForums and Fansite!,,2020-11-14
DonPatricioFILM,Don Patricio O'Connell FILM,,2020-11-14
ct5385,No.7101,éŠ€æ²³ã®è‹±é›„ åŒç›Ÿã‚³ãƒ¼ãƒ‰ 628-469-489,2020-11-14
unitedtony99,Tony Marshall,Manchester,2020-11-14
toi_sudheendraT,Sudheendra Tripathi,,2020-11-14
railadvent,railadvent,United Kingdom,2020-11-14
OmuntuWawansii,Moses Kizito ğŸ‡ºğŸ‡¬,"Uganda, Kampala",2020-11-14
its_m7ke,M7KEâ·â„¢ğŸ,,2020-11-14
OloriUnited,Adigun yetunde,Nigeria,2020-11-14
IddrisuMuizu,Iddrisu Muizu,"Boamang, Ghana",2020-11-14
442Ltd,442 Sports Management Group Ltd,"North West, England IMS004195.",2020-11-14
ajicfc_,cÂ£o,"England, United Kingdom",2020-11-14
OllieHolt22,Oliver Holt,,2020-11-14
UtdBeforFergie,ğŸ‡¾ğŸ‡ªUtd Before FergieğŸ‡¾ğŸ‡ª,Somewhere in the 70s and 80s,2020-11-14
JamieJackson___,jamie jackson,Leaving the Earth,2020-11-14
SheDevilsUnited,SheDevilsUnited,,2020-11-14
SheDevilsUnited,SheDevilsUnited,,2020-11-14
ManUtdCorner7,Man Utd Corner,,2020-11-14
simonschusterUK,Simon & Schuster UK,London,2020-11-14
DonPatricioFILM,Don Patricio O'Connell FILM,,2020-11-14
ViziFootball,Vizi Football,,2020-11-14
manutdnewsonly,Man Utd Fans,,2020-11-14
AdejumoMalik,Adejumo Abdul Malik,,2020-11-14
fpl_phenom,ğŸ˜ˆ FPL_Fantasy_Phenom ğŸ˜ˆ,@FFH_HQ 15% Discount Link ğŸ‘‡ğŸ»,2020-11-14
manutdnewsonly,Man Utd Fans,,2020-11-14
KhelNowWF,Khel Now World Football,"New Delhi, India",2020-11-14
ManUtdCorner7,Man Utd Corner,,2020-11-14
theyAreFAR,ğŸ…ºğŸ…°ğŸ…½ğŸ…´ğŸ†‚ğŸ…·ğŸ…¸ğŸ…´ University ã³ã’ç§»,,2020-11-14
DonPatricioFILM,Don Patricio O'Connell FILM,,2020-11-14
railadvent,railadvent,United Kingdom,2020-11-14
manutdnewsonly,Man Utd Fans,,2020-11-14
clippingskrazy,clippingskrazy,UK,2020-11-14
clippingskrazy,clippingskrazy,UK,2020-11-14
MatchDaze,MATCHDAZE,,2020-11-14
paulenglish1961,Paul English,"East, England",2020-11-14
DonPatricioFILM,Don Patricio O'Connell FILM,,2020-11-14
TheKitmanUK,TheKitman.co.uk,"Bristol, England",2020-11-14
thefruitboiler,FruitBoiler,"Middleton, England",2020-11-14
manutdnewsonly,Man Utd Fans,,2020-11-14
Cfpaddy,Patrick Abel,sheffield,2020-11-14
Olakunle_21,Abdul Ameen,,2020-11-14
MUFC_Madness,ManchesterFC News,,2020-11-14
TheKitmanUK,TheKitman.co.uk,"Bristol, England",2020-11-14
plumberbhoy07,Gav Foley,The Meath Gold Coast ,2020-11-14
bluenosenemesis,bluenosenemesis,"Belfast,West",2020-11-14
DonPatricioFILM,Don Patricio O'Connell FILM,,2020-11-14
Justin7451163,Justin Butler,,2020-11-14
Budiii25,Budi,"Jawa Timur, Indonesia",2020-11-14
ManUtdFanKe,manchester united  fansğŸ‡°ğŸ‡ª,"Nairobi, Kenya",2020-11-14
ManUtdFanKe,manchester united  fansğŸ‡°ğŸ‡ª,"Nairobi, Kenya",2020-11-14
Kuriboh98,Gianca,,2020-11-14
ManUtdCorner7,Man Utd Corner,,2020-11-14
DonPatricioFILM,Don Patricio O'Connell FILM,,2020-11-14
ManUtdCorner7,Man Utd Corner,,2020-11-14
A_fening,AF,Up With The Birds,2020-11-14
manutdnewsonly,Man Utd Fans,,2020-11-14
manutdnewsonly,Man Utd Fans,,2020-11-14
manutdnewsonly,Man Utd Fans,,2020-11-14
AkinosiBenjamin,Akin,,2020-11-14
manutdnewsonly,Man Utd Fans,,2020-11-14
MoreThanStats,More Than Stats,"New York, NY",2020-11-14
dr_babu,"Varun Babu, MD",Kuwait,2020-11-14
sahu_krishnam,Krishnam Sahu,,2020-11-14
JoelBBCAN,Joel Lefevre,"British Columbia, Canada",2020-11-14
manutdnewsonly,Man Utd Fans,,2020-11-14
SportNewsFan,Sport News Fanatic,,2020-11-14
HarrySteare,Harry Steare,,2020-11-14
adil_salim,Muhammad Adil Salim,"Davis, California",2020-11-14
il_moniker,Vox Populiâ€™ish,"philadelphia, pa",2020-11-14
manutdnewsonly,Man Utd Fans,,2020-11-14
refreshmyhealth,Marcel | Refresh My Health,Norway,2020-11-14
mdfmerchandise,mdfmerchandise,"Belleville, NJ",2020-11-14
FootyZoneNet,FootyZone.net,,2020-11-14
ManUtdFanKe,manchester united  fansğŸ‡°ğŸ‡ª,"Nairobi, Kenya",2020-11-14
unitedtony99,Tony Marshall,Manchester,2020-11-14
cudaeducation,Cuda Education,"New York, NY",2020-11-14
mufcc77,mark,,2020-11-14
TH17AK,Raj Thilak.K,"Chennai , India ",2020-11-14
SportNewsFan,Sport News Fanatic,,2020-11-14
mufcc77,mark,,2020-11-14
include_all,Everyone is Included,"Cape May Court House, NJ",2020-11-14
GonzaloAlmiron0,Gonzalo Almiron,"CÃ³rdoba, Argentina",2020-11-14
manutdnewsonly,Man Utd Fans,,2020-11-14
VhibeMachine,#Endsars sharp and reform nigeria,,2020-11-14
manutdnewsonly,Man Utd Fans,,2020-11-14
subido3,Borowski Witold,,2020-11-14
manutdnewsonly,Man Utd Fans,,2020-11-14
Holuwasheun243,Tonto of Lagos(T.O.L),,2020-11-14
manutdnewsonly,Man Utd Fans,,2020-11-14
D_imjBlack,Black,,2020-11-14
capywww,sir orire raymondâšªï¸,"Ondo, Nigeria",2020-11-14
ManUtdCorner7,Man Utd Corner,,2020-11-14
Paulsteve_20,Alchemist,"Uyo, Nigeria",2020-11-14
RoutleyLewis,Lewis A Routley,"Henllys, Wales",2020-11-14
gbrlglhrm,ğŸ,,2020-11-14
manutdnewsonly,Man Utd Fans,,2020-11-14
hammedo87978377,hammed olamilekan,"Ibadan, Nigeria",2020-11-14
Leech1,Pauline Leech,Cambridge,2020-11-14
fikky_fik,Fik ğŸ‡¨ğŸ‡¦,"Lagos, Nigeria",2020-11-14
TPeditsUK,TP Edits UK,United Kingdom,2020-11-14
Nigeriatisumi,CanNigeriaEverBeGood?ğŸ˜–,Nirvana,2020-11-14
365Scores,365Scores,,2020-11-14
LaniAjibike,20/10/20,,2020-11-14
brewy13,Brewy,,2020-11-14
gen2_lee,Gentulu!!,"Lagos, Nigeria",2020-11-14
MUFCvintage,MUFCvintage,Manchester,2020-11-14
JoelBBCAN,Joel Lefevre,"British Columbia, Canada",2020-11-14
HeyBim,Alhaji Bim.,"ÃœT: 40.6351,-73.916832",2020-11-14
JoelBBCAN,Joel Lefevre,"British Columbia, Canada",2020-11-14
JoelBBCAN,Joel Lefevre,"British Columbia, Canada",2020-11-14
16bitgoals,16 Bit goals,"BogotÃ¡, D.C., Colombia",2020-11-14
matchdaymemory,Matchday Memory #LookingBack,Wylye Valley,2020-11-14
ricky91730734,ricky,,2020-11-14
Kerrie84861743,ğŸ¦ğŸ¦ kerrie â™¥ï¸'s @mufc,Ireland,2020-11-14
manutdnewsonly,Man Utd Fans,,2020-11-14
leejay000,Akwa_ibom_tall_boyğŸ•´,Nigeria,2020-11-14
gh30307,Gaz Hake,,2020-11-14
DearstanC,JustStan âš½ï¸ğŸ‘‘,Everywhere,2020-11-14
manutdnewsonly,Man Utd Fans,,2020-11-14
O_shina_ayomi,Shinayomi michael sunday,Minna,2020-11-14
BeyondFab_Ng,#EndBadGovernanceInNigeria ğŸ‡³ğŸ‡¬âœŠğŸ¿âœŠğŸ¿,"Muri okunola park, VI Lagos",2020-11-14
mandu_preye,LEKKI HEROES ğŸ•Šï¸â¤ï¸âœŠğŸ¿ğŸ’ªğŸ¿ğŸ‡³ğŸ‡¬,Comet Neowise,2020-11-14
Raw_Dii,Ayodeji ğŸ˜ˆğŸ˜ˆ,Raw Island,2020-11-14
stez1977,stez,Liverpool ,2020-11-14
scorpion1511s,President Elect Scorpion1511s,,2020-11-14
LSamesa,Lari Samesa,,2020-11-14
HartleyJnr,Peter Hartley Jnr,"Southend-on-Sea, East",2020-11-14
HartleyJnr,Peter Hartley Jnr,"Southend-on-Sea, East",2020-11-14
TimCostello1,Tim Costello,,2020-11-14
Reddevilfox,Nick foxall,"codsall, formerly craven arms.",2020-11-14
Brian15393303,Brian,,2020-11-14
manutdnewsonly,Man Utd Fans,,2020-11-14
mufcc77,mark,,2020-11-14
JoelBBCAN,Joel Lefevre,"British Columbia, Canada",2020-11-14
TomS17,Tom Simcock,"Ellesmere Port, England",2020-11-14
ratcliffeaj,Ratty,,2020-11-14
Denho_Kush,Dennis magungu,"Dubai, United Arab Emirates",2020-11-14
______Hopefully,Folorunso,,2020-11-14
festusomiracle,Festus O. Miracle,"Edo State, Nigeria",2020-11-14
iampharuq1,Dr. Bone ğŸ‡¨ğŸ‡¦,"Lagos, Nigeria",2020-11-14
Fawcettmatt09,Fawcettmatt,"Market Rasen, England",2020-11-14
OPEXGUY71,PHOENIX PHOTOGRAPHY,,2020-11-14
WheelerTheGreat,Wheeler,,2020-11-14
UnitedRedEdin,United Red in Edinburgh,"Edinburgh, Scotland",2020-11-14
cidofker,Ker Luther Lumtorâ“‚,,2020-11-14
JeezDeLuise,Jeez DeLuise â­â­â­â­â­â­*ï¸âƒ£ğŸ”™ğŸ”›ğŸ”,"15 Credibility Street, L'pool.",2020-11-14
PatrPt,DEVILS RED,Stargazer outer space.,2020-11-14
manutdnewsonly,Man Utd Fans,,2020-11-14
iam_richardz,Richardz,Nigeria,2020-11-14
PatrPt,DEVILS RED,Stargazer outer space.,2020-11-14
Abdulsamad_36,pogba's Son,Nigeria,2020-11-14
chidoski___,Radio Ajebutter of Umuahia â­,"Umuahia, Nigeria",2020-11-14
MUFCvintage,MUFCvintage,Manchester,2020-11-14
bennymufc,Benjamin Brazil,Manchester,2020-11-14
ManUtdCorner7,Man Utd Corner,,2020-11-14
AKangchie,Abdulmujeeb Kangchie,,2020-11-14
coq_au_vin_81,Coq aÃº Vin '81 ~ğŸ‘¹~,N.W England  United Kingdom.,2020-11-14
ManUtdIrishRed,Irish Reds â,Ireland,2020-11-14
AnthonyDewhurs1,Anthony Dewhurst,"Manchester, England",2020-11-14
ElvisBadgerchap,Jeremy GriffithsğŸ”°,Gallifrey,2020-11-14
LiamGoodfellas,The Goodfellas Band,"Limavady, Northern Ireland",2020-11-14
WhtySir,sir whty,"Port Harcourt, Nigeria",2020-11-14
scorpion1511s,President Elect Scorpion1511s,,2020-11-14
PatrPt,DEVILS RED,Stargazer outer space.,2020-11-14
TomS17,Tom Simcock,"Ellesmere Port, England",2020-11-14
TomS17,Tom Simcock,"Ellesmere Port, England",2020-11-14
Qudz_B,Ragazzo,Nigeria,2020-11-14
NH_SHAPIRO,Neil Shapiro,Islip New York,2020-11-14
NH_SHAPIRO,Neil Shapiro,Islip New York,2020-11-14
RetroRed2,Red_Devil,,2020-11-14
manutdnewsonly,Man Utd Fans,,2020-11-14
Ziggy_UNITED,Vella,England,2020-11-14
willie_rockie,Willie Rocky,,2020-11-14
SM_Memorabilia,Sporting Memories Memorabilia,"Glasgow, Scotland",2020-11-14
paulenglish1961,Paul English,"East, England",2020-11-14
iamayonimous,Ayonimous Taiwo,"Lagos, Nigeria",2020-11-14
dylanarnaudy,Dylan,"London, England",2020-11-14
andythephotoDr,Andy The Photo Dr â™¿ï¸ ğŸ´ó §ó ¢ó ³ó £ó ´ó ¿,"Kilmarnock, Scotland",2020-11-14
Justin7451163,Justin Butler,,2020-11-14
PerryMaerker11,Perry MÃ¤rker,"Dresden,EichstÃ¤tt,Ingolstadt",2020-11-14
UtdBeforFergie,ğŸ‡¾ğŸ‡ªUtd Before FergieğŸ‡¾ğŸ‡ª,Somewhere in the 70s and 80s,2020-11-14
rodthemod11,semolina Pilchard,ayr,2020-11-14
manutdnewsonly,Man Utd Fans,,2020-11-14
BobbySoccerRep,Bobby McMahon,Winnipeg,2020-11-14
paulenglish1961,Paul English,"East, England",2020-11-14
SpamMagnetBot,Spam Magnet,,2020-11-14
DigitalDistrib1,Digital Distribution,"San Jose, CA",2020-11-14
thefruitboiler,FruitBoiler,"Middleton, England",2020-11-14
hughmckeachan,Hugh McKeachan,,2020-11-14
WhatNathSaid,Eat. Sleep. Sanitize. Repeat.,,2020-11-14
_Respe,Ryan Espinoza,,2020-11-14
TheodoreMsibi,Caged Bird ğŸ‡¿ğŸ‡¦ğŸ‡¨ğŸ‡©,"Johannesburg, South Africa",2020-11-14
robl247,ğŸ”°Salford Red ğŸ”°,"Salford, England",2020-11-14
NicwMUFC,Nicw MUFC ğŸ‡¾ğŸ‡ª,,2020-11-14
Benchd15,Bench'd,,2020-11-14
GdDavie,falkirk till I die,"Falkirk, Scotland",2020-11-14
ManUtdFanKe,manchester united  fansğŸ‡°ğŸ‡ª,"Nairobi, Kenya",2020-11-14
unitedtony99,Tony Marshall,Manchester,2020-11-14
rastgar_ehsan,Ø§Ø­Ø³Ø§Ù† Ø±Ø³ØªÚ¯Ø§Ø± (ØµÙØ­Ù‡ Ú©Ù…Ú©ÛŒ),Islamic Republic of Iran,2020-11-14
princetora,Prince Stephens,,2020-11-14
MrBryanDavies,Bryan,,2020-11-14
DSimbayi,"Mr Simbayi ğŸ¥°ğŸ¶,ğŸ“¸ğŸ‡¿ğŸ‡²ğŸ‡§ğŸ‡¼",Rich Broke ,2020-11-14
manutdnewsonly,Man Utd Fans,,2020-11-14
Paris_20Times,Paris_20,,2020-11-14
ManUtdCorner7,Man Utd Corner,,2020-11-14
PadraicToolan,Padraic Toolan," Based in Dublin, Ireland",2020-11-14
welshford32,MUFC.LINFIELD.GERS.,Northern Ireland. UK,2020-11-14
manojprasath94,Manoj Prasath,Sri Lanka,2020-11-14
DonnysOnDeBeek,ğŸ‡¾ğŸ‡ª,"Manchester, England",2020-11-14
ScottHaydock82,Scott Haydock,"Manchester, England",2020-11-14
MUFC_STEEZ,MUFC_STEEZ ğŸ”°ğŸ‡¾ğŸ‡ª,,2020-11-14
scorpion1511s,President Elect Scorpion1511s,,2020-11-14
ItsYouJuan8,Amy," Clare, Ireland ",2020-11-14
manutdnewsonly,Man Utd Fans,,2020-11-14
unitedtony99,Tony Marshall,Manchester,2020-11-14
becksmufc7,KELLSMUFC7,,2020-11-14
phuckingphysic,anishpande,,2020-11-14
BAKETHEBEST,MICHAEL BURGESS,ainsdale,2020-11-14
phuckingphysic,anishpande,,2020-11-14
K_Stand_Red,Mr Mystery,Ğ¯Ğ—Ğ Ğ¦Ğ‘LIĞš Ğ¤F ĞœĞ”Ğ˜Ğ¡Ğ¦Ğ˜IĞ”,2020-11-14
bapj53,barry johnston,,2020-11-14
LuqueGiron,Juan Luque GirÃ³n,,2020-11-14
adelutu,Adel Al Shemary,Manchester United,2020-11-14
MarySheDevilUtd,Mary,,2020-11-14
bob55bolton,robert bolton,Hertfordshire,2020-11-14
uzhaine92,Abisoye uzhaine,"Lagos, Nigeria",2020-11-14
IanBroughall,IanBroughall,Cambridge UK,2020-11-14
mufcc77,mark,,2020-11-14
DXMCL,Dan McLeish,"London, England",2020-11-14
IntProtection,Int Protection,"London, England",2020-11-14
TheKitmanUK,TheKitman.co.uk,"Bristol, England",2020-11-14
UniqueDeals3,Football Maestro,"Mumbai, India",2020-11-14
manutdnewsonly,Man Utd Fans,,2020-11-14
mraaronutd,MRAARONUTD,"Manchester, England",2020-11-14
Ryan91Lewis,Ryan Lewis,,2020-11-14
Hammadfootball,Hammad,,2020-11-14
davidmja73,David Sheridan,Ireland,2020-11-14
HA7CLASSICS,HA7 CLASSICAL SHIRTS,,2020-11-14
babypumpkin27,Vicky ( MUFC ) âœŠğŸ˜ˆ,,2020-11-14
mpho_sekonya,BlackJack,"Johannesburg, South Africa",2020-11-14
dazzamufc99,Darren Meades,"Mossley, England",2020-11-14
KevFleming16,ğŸ”°Kev ğŸ”°,Dublin,2020-11-14
EmekaMbano,Emeka Mbano,,2020-11-14
1965Wendy,Wendy Kerfoot,Sunny Manchester England,2020-11-14
dazzamufc99,Darren Meades,"Mossley, England",2020-11-14
ktingly_,Katie,United Kingdom,2020-11-14
MartinTHawne,Martin.T.Hawne,"North West, England",2020-11-14
UtdBeforFergie,ğŸ‡¾ğŸ‡ªUtd Before FergieğŸ‡¾ğŸ‡ª,Somewhere in the 70s and 80s,2020-11-14
MickeyG_68,Michael Gillespie,,2020-11-14
FFootballShirts,FFSFootballShirts,"Birmingham, England",2020-11-14
MiddyRed68,Mark ğŸ‡¾ğŸ‡ªğŸ‡ªğŸ‡ª,"Warrington, England",2020-11-14
ryan_buxton,ryan buxton,,2020-11-14
FFootballShirts,FFSFootballShirts,"Birmingham, England",2020-11-14
sc_ganguly,Saurav Ganguly ğŸ‡®ğŸ‡³ğŸ‡¬ğŸ‡§ğŸ‡µğŸ‡¹ğŸ‘¹,"Mumbai, India",2020-11-14
sabai_KE,UnCLe â˜†,Kuria,2020-11-14
jackdobbie1,North Manc Boy Called Lee ğŸ¤£ğŸğŸğŸ,United Kingdom,2020-11-14
SheDevilsUnited,SheDevilsUnited,,2020-11-14
manutdnewsonly,Man Utd Fans,,2020-11-14
Realist_187,Saeed âœ¨,"Manchester, England",2020-11-14
mohacali9,Mohamud Jama Jarane,"Mumbai, India",2020-11-14
paulenglish1961,Paul English,"East, England",2020-11-14
TheManUnitedMo1,TheManUnitedMovement,,2020-11-14
manutdnewsonly,Man Utd Fans,,2020-11-14
dlmdan01,Danny,"England, United Kingdom",2020-11-14
ManUtdCorner7,Man Utd Corner,,2020-11-14
railadvent,railadvent,United Kingdom,2020-11-14
manutdnewsonly,Man Utd Fans,,2020-11-14
LiamPaulieD77,LPRD,Liverpool,2020-11-14
SteveSwinno,@SteveSwinnerton,"Liverpool, England",2020-11-14
manutdnewsonly,Man Utd Fans,,2020-11-14
DonPatricioFILM,Don Patricio O'Connell FILM,,2020-11-14
GazCloono25,Nicky D Kid,Athlone Co.Westmeath ,2020-11-14
DeeDhungel,Deepak Dhungel,Nepal,2020-11-14
sc_ganguly,Saurav Ganguly ğŸ‡®ğŸ‡³ğŸ‡¬ğŸ‡§ğŸ‡µğŸ‡¹ğŸ‘¹,"Mumbai, India",2020-11-14
ManUnitedCore,Man United Core,,2020-11-14
utd8bit,ManUtd8bit,Old Trafford/Manchester,2020-11-14
ManUtdFanKe,manchester united  fansğŸ‡°ğŸ‡ª,"Nairobi, Kenya",2020-11-14
eugeneshamir,Yushak Shamir,"Yogyakarta, Indonesia",2020-11-14
BrunoUxd,ZainğŸ”°,Like merchant,2020-11-14
latestly,LatestLY,"Mumbai, India",2020-11-14
KyroSports,Kyro Sports,"New Delhi, India",2020-11-14
mufcsp,MUFCSP,In limbo ,2020-11-14
utd8bit,ManUtd8bit,Old Trafford/Manchester,2020-11-14
NicholasHanna86,NH86 ğŸ”°,,2020-11-14
TheDevilsDen_92,ğŸ‘¹ The Devil's Den ğŸ‘¹,,2020-11-14
ParmeshSriv,Parmeshwar Srivastava,"Mumbai, India",2020-11-14
Abdulmaleekjr11,Sani Abdulmalik,"Minna, Nigeria",2020-11-14
mgwp1,michaelwhartonpalmer,"Texarkana, AR",2020-11-14
BillyNomates0,BillyNomates0,"Wales, UK",2020-11-14
utd8bit,ManUtd8bit,Old Trafford/Manchester,2020-11-14
Alex98442562,Alex,,2020-11-14
iamfootball77,I am Football,,2020-11-14
ManUtd_Newscast,ManUtdNews,,2020-11-14
manutdnewsonly,Man Utd Fans,,2020-11-14
s_rimmington,Steve Rimmington,"Ferndown, England",2020-11-14
Budiii25,Budi,"Jawa Timur, Indonesia",2020-11-14
ManUtdFanKe,manchester united  fansğŸ‡°ğŸ‡ª,"Nairobi, Kenya",2020-11-14
ManUtdFanKe,manchester united  fansğŸ‡°ğŸ‡ª,"Nairobi, Kenya",2020-11-14
unitedtony99,Tony Marshall,Manchester,2020-11-14
unitedtony99,Tony Marshall,Manchester,2020-11-14
flyingeze,Flying Eze,,2020-11-14
ScottHaydock82,Scott Haydock,"Manchester, England",2020-11-14
dikembemutumbo4,dikembe mutumbo,,2020-11-14
footballitalia,footballitalia,,2020-11-14
informers1,Beware of Maya ğŸ‡®ğŸ‡ª,Inner Space ,2020-11-14
DF17ZY,Fitzy,,2020-11-14
PSG24hours,PSG en Direct ğŸŒ,Parc des Princes,2020-11-14
DonPatricioFILM,Don Patricio O'Connell FILM,,2020-11-14
tinyredharvey,Hugh Harvey,,2020-11-14
bhand75,RajB,London,2020-11-14
BeautifulGame_1,TheBeautifulGame,Planet Togger,2020-11-14
FutJunky,FutJunky,,2020-11-14
Ajith_Chandran_,Kallingal Ajith Chandran,Chennai / Ernakulam,2020-11-14
TheJosh_Samuel,Joshua Samuel,,2020-11-14
DonPatricioFILM,Don Patricio O'Connell FILM,,2020-11-14
AuldCelt,Ğ¡ĞµÑ€Ğ³ĞµĞ¹ Ğ’Ğ°ÑĞ¸Ğ»ÑŒĞµĞ²,ĞœĞ¾ÑĞºĞ²Ğ°,2020-11-14
RedPaperDaily,Red Paper Daily,"Kampala,Uganda",2020-11-14
manutdnewsonly,Man Utd Fans,,2020-11-14
Fawcettmatt09,Fawcettmatt,"Market Rasen, England",2020-11-14
TheWillieMorgan,Willie Morgan,Manchester,2020-11-14
mancs77,merlin,"England, United Kingdom",2020-11-14
HenryHSports,Henry_SportsMarketing,"London, England",2020-11-14
UtdBeforFergie,ğŸ‡¾ğŸ‡ªUtd Before FergieğŸ‡¾ğŸ‡ª,Somewhere in the 70s and 80s,2020-11-14
NewsBytesApp,NewsBytes,"Gurgaon, Haryana",2020-11-14
unitedtony99,Tony Marshall,Manchester,2020-11-14
DonPatricioFILM,Don Patricio O'Connell FILM,,2020-11-14
ManUtd_BITW,Ray Rajani,"London, England",2020-11-14
LFCHistoryShow,"""Y.N.W.A."" The Story of Liverpool FC",Dock Road. Liverpool ,2020-11-14
manutdnewsonly,Man Utd Fans,,2020-11-14
NewsBytesSports,NewsBytes Sports,"Gurgaon, NCR",2020-11-14
wuzza74,Mike Wuzza,The moon,2020-11-14
SJberry11,Sarah Berry,"Lancashire, England",2020-11-14
AdannaGift,Adanna Gift,"Warri, Nigeria",2020-11-14
magsmufc,Margaret Gill,,2020-11-14
MrUG,Paul Naughton, Adelaide /  Manchester ,2020-11-14
peteranyadike_,Peter Anyadike,"Owerri, Nigeria",2020-11-14
peteranyadike_,Peter Anyadike,"Owerri, Nigeria",2020-11-14
MartinTHawne,Martin.T.Hawne,"North West, England",2020-11-14
brewy13,Brewy,,2020-11-14
natam2011,Adam Allcock,,2020-11-14
RetroRed2,Red_Devil,,2020-11-14
Dheer_UTD,DheerğŸ”´,"90+3,camp nou ,1999",2020-11-14
paulenglish1961,Paul English,"East, England",2020-11-14
SportingIconsUK,Sporting Icons,"North East, England",2020-11-14
ankurbagai,Ankur Bagai,"Delhi, India",2020-11-14
jamez_metcalfe,James Metcalfe,"Brighton, UK",2020-11-14
StrictlyUtd,ğŸ”´âš«âšª,,2020-11-14
MUFC_India,Manchester United Fan Club India,India,2020-11-14
EasyWorldNews,@easyworldnews,Global,2020-11-14
EasyWorldNews,@easyworldnews,Global,2020-11-14
globalfirstnews,@globalfirstnews,Globally-Worldwide,2020-11-14
easyjanjansen,@easyjanjansen,Global,2020-11-14
globalfirstnews,@globalfirstnews,Globally-Worldwide,2020-11-14
easyjanjansen,@easyjanjansen,Global,2020-11-14
globalfirstnews,@globalfirstnews,Globally-Worldwide,2020-11-14
EasyWorldNews,@easyworldnews,Global,2020-11-14
easyjanjansen,@easyjanjansen,Global,2020-11-14
ProudRed,Anindya Chowdhury,India,2020-11-14
Easy_Branches,@Easy_Branches https://easybranches.com/contribute,Global - Worldwide IP Location,2020-11-14
EasySoccerNews,@easysoccernews,Global,2020-11-14
EasySoccerNews,@easysoccernews,Global,2020-11-14
EasySoccerNews,@easysoccernews,Global,2020-11-14
AmbreKshitij,åœ°å¹³ç·š,,2020-11-14
NotInSeddon,Gracieâ€™sDad,Cheshire,2020-11-14
007Tunik,Theatre of Dreams ğŸ”´,Cbn estate satallite ,2020-11-14
Stefano4118899,pÑ”Ô€Ño zÑ”Ñ”â„¢,Nevada ,2020-11-14
livescore,LiveScore,URL,2020-11-14
ClairClair211,CC,"England, United Kingdom",2020-11-14
NicwMUFC,Nicw MUFC ğŸ‡¾ğŸ‡ª,,2020-11-14
TheLionessHub,Lady with Purpose,,2020-11-14
natalie_17,Natalie,"Manchester, England",2020-11-14
TheKitmanUK,TheKitman.co.uk,"Bristol, England",2020-11-14
SonofEda,Edson,"Tampa, FL",2020-11-14
Realuthy,REAL UTHYğŸ¤âœŒ,Good place.,2020-11-14
natalie_17,Natalie,"Manchester, England",2020-11-14
socceroliz,Socceroliz,,2020-11-14
andythephotoDr,Andy The Photo Dr â™¿ï¸ ğŸ´ó §ó ¢ó ³ó £ó ´ó ¿,"Kilmarnock, Scotland",2020-11-14
paulenglish1961,Paul English,"East, England",2020-11-14
WTATLOfficial,Weekly Football Podcast,,2020-11-14
PremierTurkiye,Premier Lig Turkiye,Ä°stanbul,2020-11-14
TiusanenPekka,Pekka Tiusanen,"Helsinki, Suomi",2020-11-14
manutdnewsonly,Man Utd Fans,,2020-11-14
Dailyfocus_news,Daily Focus Nigeria,"Lagos, Nigeria",2020-11-14
SM_Memorabilia,Sporting Memories Memorabilia,"Glasgow, Scotland",2020-11-14
natalie_17,Natalie,"Manchester, England",2020-11-14
manutdnewsonly,Man Utd Fans,,2020-11-14
Outlookindia,Outlook Magazine,"New Delhi, India",2020-11-14
every_praise,Praise Every Football Team Bot,,2020-11-14
bruce_southside,Bruce Southside,Yorkshire and North Coast,2020-11-14
bruce_southside,Bruce Southside,Yorkshire and North Coast,2020-11-14
manutdcaribbean,ManUtdSC,Trinidad and Tobago,2020-11-14
latestly,LatestLY,"Mumbai, India",2020-11-14
AbhishreySR,Abeer Singh,,2020-11-14
bubblegum_fact,bubblegum factory,,2020-11-14
United_Webby,Darren Webb,godscountry ,2020-11-14
YannieHuhubels,Dianne Pagarigan ğŸŒˆ,"Davao City, Philippines ",2020-11-14
manutdnewsonly,Man Utd Fans,,2020-11-14
ManUtdFanKe,manchester united  fansğŸ‡°ğŸ‡ª,"Nairobi, Kenya",2020-11-14
matchdaymemory,Matchday Memory #LookingBack,Wylye Valley,2020-11-14
Dangold95,Ogbeidedaniel,Nigeria,2020-11-14
MForeverunited,manchesterunited_foreverunited,Mumbai ,2020-11-14
xMalebox,Malebo,Delta V - Central Station - W0,2020-11-14
ChrystianTeh,Chrystian Teh éƒ‘å®šå³° ï£¿,"Selangor, Malaysia",2020-11-14
quality_canvas,Quality Canvas Print,,2020-11-14
MomoAli786,Muhammad Ali,,2020-11-14
ManUtdFanKe,manchester united  fansğŸ‡°ğŸ‡ª,"Nairobi, Kenya",2020-11-14
manutddn,Manchester United DN (daily news),,2020-11-14
manutdnewsonly,Man Utd Fans,,2020-11-14
Aceyryan,Ryan Lister,"London, England",2020-11-14
StevieKay20,Stevie Kay,"Salford, England",2020-11-14
MancNeonBall,Manchester Neon Gala Ball,"Manchester, England",2020-11-14
manutdnewsonly,Man Utd Fans,,2020-11-14
ThomasCursley,Thomas Cursley,"Barnet, London",2020-11-14
UtdBeforFergie,ğŸ‡¾ğŸ‡ªUtd Before FergieğŸ‡¾ğŸ‡ª,Somewhere in the 70s and 80s,2020-11-14
rickypatel26,Ricky,,2020-11-14
abjeg,khalid abjeg,maroc,2020-11-14
kwinews1,kwinews,,2020-11-14
manutdnewsonly,Man Utd Fans,,2020-11-14
JoelBBCAN,Joel Lefevre,"British Columbia, Canada",2020-11-14
manchestergriff,ManchesterNews.com,"Manchester, United Kingdom",2020-11-14
Womens_FC,Women's Football Club,Worldwide ,2020-11-14
Alber,mISQ,,2020-11-14
NotInSeddon,Gracieâ€™sDad,Cheshire,2020-11-14
kwinews112,Rdvls,Cbn estate satallite ,2020-11-14
Stefano4118899,pÑ”Ô€Ño zÑ”Ñ”â„¢,Nevada ,2020-11-14
livescore,LiveScore,URL,2020-11-14
ClairClair211,CC,"England, United Kingdom",2020-11-14
NicwMUFC,Nicw MUFC ğŸ‡¾ğŸ‡ª,,2020-11-14
TheLionessHub,Lady with Purpose,,2020-11-14
natalie_17,Natalie,"Manchester, England",2020-11-14